id,name,age,gender,department,job_title,salary,experience,joining_year,performance_score,employment_status,location
101,Rahul Sharma,28,Male,Finance,Financial Analyst,65000,0,2014,8.4,On Leave,Delhi
102,Priya Sharma,48,Male,Engineering,Software Engineer,67000,1,2017,7.8,Active,Noida
103,Amit Sharma,47,Male,Marketing,Digital Marketing Manager,88000,7,2010,8.5,Active,Bangalore
104,Neha Sharma,34,Female,Engineering,Software Engineer,72000,10,2013,9.2,Active,Kanpur
105,Rohan Sharma,50,Female,Engineering,Data Engineer,75000,17,2019,7.9,Active,Kanpur
106,Arjun Sharma,35,Female,Engineering,Senior Engineer,87000,9,2022,7.3,On Leave,Bangalore
107,Ananya Sharma,44,Male,HR,Talent Acquisition Specialist,54000,11,2012,7.7,Active,Chennai
108,Vikram Sharma,45,Male,Sales,Sales Executive,62000,8,2020,6.1,Active,Hyderabad
109,Sneha Sharma,46,Male,Engineering,Senior Engineer,117000,8,2020,8.3,Active,Chennai
110,Karan Sharma,30,Female,HR,HR Executive,64000,4,2018,9.5,Active,Mumbai
111,Pooja Sharma,29,Male,Marketing,Marketing Executive,70000,8,2011,5.8,Active,Pune
112,Aditya Sharma,25,Female,Marketing,Digital Marketing Manager,101000,6,2026,9.9,On Leave,Kanpur
113,Nikhil Sharma,28,Female,Sales,Sales Manager,87000,10,2013,7.2,Active,Lucknow
114,Kavya Sharma,53,Female,HR,Talent Acquisition Specialist,75000,24,2013,9.2,Active,Mumbai
115,Riya Sharma,30,Male,HR,Talent Acquisition Specialist,71000,5,2026,8.0,Active,Delhi
116,Sahil Sharma,44,Male,Finance,Financial Analyst,54000,28,2017,5.4,Active,Delhi
117,Simran Sharma,55,Male,HR,HR Executive,62000,24,2025,6.3,On Leave,Pune
118,Manish Sharma,34,Female,HR,Talent Acquisition Specialist,55000,17,2022,7.2,Active,Delhi
119,Aarav Sharma,36,Male,Engineering,Tech Lead,96000,7,2017,5.0,Active,Kanpur
120,Ishita Sharma,35,Male,Engineering,Tech Lead,100000,2,2026,6.4,Active,Noida
121,Ravi Sharma,29,Female,Sales,Business Development Executive,76000,11,2017,9.0,Active,Delhi
122,Meera Sharma,48,Male,Marketing,Marketing Analyst,70000,11,2011,5.3,Active,Delhi
123,Varun Sharma,36,Female,HR,Talent Acquisition Specialist,60000,6,2014,5.9,Active,Delhi
124,Shreya Sharma,49,Male,Sales,Sales Executive,42000,25,2010,9.6,On Leave,Bangalore
125,Akash Sharma,47,Male,Marketing,Marketing Executive,58000,15,2011,6.9,Inactive,Lucknow
126,Tanvi Sharma,50,Male,Marketing,Digital Marketing Manager,106000,9,2025,5.9,Active,Kanpur
127,Yash Sharma,55,Male,Finance,Financial Analyst,53000,1,2025,5.3,Active,Bangalore
128,Nandini Sharma,25,Male,Engineering,Senior Engineer,106000,9,2013,7.9,Active,Delhi
129,Mohit Sharma,47,Female,Sales,Business Development Executive,79000,21,2020,6.0,Active,Mumbai
130,Divya Sharma,37,Female,HR,Talent Acquisition Specialist,66000,12,2019,6.6,Active,Delhi
131,Rahul Verma,21,Male,Sales,Business Development Executive,52000,3,2012,7.5,Active,Hyderabad
132,Priya Verma,25,Female,Finance,Senior Financial Analyst,85000,3,2024,8.1,Inactive,Noida
133,Amit Verma,21,Female,Sales,Sales Manager,72000,5,2014,5.6,Active,Noida
134,Neha Verma,30,Male,Finance,Accountant,52000,4,2020,8.4,On Leave,Noida
135,Rohan Verma,52,Female,Engineering,Software Engineer,81000,8,2023,5.2,Active,Bangalore
136,Arjun Verma,37,Male,Marketing,Digital Marketing Manager,98000,5,2010,5.4,On Leave,Bangalore
137,Ananya Verma,55,Female,Finance,Accountant,63000,1,2014,5.6,Active,Kanpur
138,Vikram Verma,43,Female,HR,Talent Acquisition Specialist,48000,6,2021,9.9,Active,Mumbai
139,Sneha Verma,31,Female,Marketing,Marketing Executive,51000,5,2020,9.0,On Leave,Mumbai
140,Karan Verma,38,Male,Engineering,Data Engineer,73000,5,2025,6.0,Inactive,Hyderabad
141,Pooja Verma,40,Female,HR,HR Executive,62000,7,2016,6.6,On Leave,Lucknow
142,Aditya Verma,43,Male,Sales,Sales Manager,100000,20,2020,5.6,Inactive,Bangalore
143,Nikhil Verma,37,Female,Engineering,DevOps Engineer,98000,1,2021,7.2,Inactive,Delhi
144,Kavya Verma,45,Female,Sales,Sales Executive,48000,28,2011,5.0,Inactive,Noida
145,Riya Verma,33,Female,Marketing,Marketing Executive,67000,11,2020,8.3,Active,Lucknow
146,Sahil Verma,53,Male,Marketing,Marketing Analyst,68000,9,2019,6.0,Active,Pune
147,Simran Verma,32,Female,Marketing,Digital Marketing Manager,70000,9,2019,6.1,Active,Gurgaon
148,Manish Verma,41,Female,Marketing,Marketing Analyst,77000,14,2016,9.0,Inactive,Bangalore
149,Aarav Verma,26,Male,Sales,Business Development Executive,67000,4,2012,8.4,Active,Mumbai
150,Ishita Verma,30,Female,Engineering,Senior Engineer,111000,0,2012,7.1,Active,Mumbai
151,Ravi Verma,45,Male,Marketing,Marketing Executive,50000,15,2010,8.9,Active,Noida
152,Meera Verma,50,Female,Sales,Sales Executive,68000,1,2013,5.7,Active,Noida
153,Varun Verma,41,Female,Marketing,Digital Marketing Manager,103000,24,2023,9.5,Active,Chennai
154,Shreya Verma,49,Female,HR,Talent Acquisition Specialist,54000,8,2026,8.1,Active,Delhi
155,Akash Verma,39,Male,Finance,Senior Financial Analyst,96000,7,2012,5.8,Active,Bangalore
156,Tanvi Verma,34,Female,Marketing,Marketing Analyst,66000,2,2024,5.3,On Leave,Pune
157,Yash Verma,22,Female,Sales,Sales Manager,96000,6,2010,6.5,Active,Pune
158,Nandini Verma,55,Male,Sales,Business Development Executive,59000,23,2025,6.4,Active,Pune
159,Mohit Verma,42,Male,Marketing,Digital Marketing Manager,81000,21,2024,9.9,Active,Pune
160,Divya Verma,22,Male,Marketing,Marketing Executive,60000,0,2015,6.3,Active,Chennai
161,Rahul Singh,41,Female,Marketing,Marketing Analyst,80000,10,2023,9.2,Active,Noida
162,Priya Singh,24,Male,HR,Talent Acquisition Specialist,47000,5,2011,9.7,Active,Kanpur
163,Amit Singh,30,Female,HR,HR Manager,72000,3,2016,8.5,Active,Bangalore
164,Neha Singh,28,Female,HR,HR Manager,72000,12,2010,7.9,Inactive,Pune
165,Rohan Singh,46,Male,HR,HR Executive,59000,30,2017,8.5,Active,Gurgaon
166,Arjun Singh,28,Female,Sales,Sales Executive,51000,12,2023,5.3,Active,Kanpur
167,Ananya Singh,47,Female,Marketing,Marketing Executive,59000,26,2021,8.5,Active,Noida
168,Vikram Singh,38,Female,Sales,Sales Manager,95000,19,2023,6.6,Active,Delhi
169,Sneha Singh,38,Male,HR,HR Manager,90000,14,2020,7.5,Active,Chennai
170,Karan Singh,34,Male,Finance,Senior Financial Analyst,93000,11,2018,7.6,Active,Mumbai
171,Pooja Singh,47,Female,Sales,Sales Executive,63000,15,2025,7.2,Active,Lucknow
172,Aditya Singh,35,Female,HR,HR Manager,89000,12,2025,7.1,Active,Hyderabad
173,Nikhil Singh,43,Male,Marketing,Marketing Analyst,65000,22,2018,5.6,Active,Delhi
174,Kavya Singh,55,Female,HR,HR Executive,47000,30,2025,8.6,Inactive,Noida
175,Riya Singh,39,Male,HR,HR Manager,80000,3,2021,6.5,Active,Bangalore
176,Sahil Singh,38,Female,Engineering,DevOps Engineer,89000,1,2014,5.5,Active,Lucknow
177,Simran Singh,51,Female,Marketing,Marketing Analyst,61000,15,2011,9.7,Active,Delhi
178,Manish Singh,46,Male,Engineering,DevOps Engineer,111000,15,2011,5.7,Active,Lucknow
179,Aarav Singh,26,Female,Engineering,DevOps Engineer,97000,3,2017,7.3,Active,Gurgaon
180,Ishita Singh,48,Male,Sales,Business Development Executive,49000,9,2013,8.1,Active,Delhi
181,Ravi Singh,31,Male,HR,Talent Acquisition Specialist,47000,7,2015,7.0,Active,Chennai
182,Meera Singh,39,Male,HR,HR Manager,84000,1,2024,8.4,Inactive,Gurgaon
183,Varun Singh,33,Female,Engineering,DevOps Engineer,85000,13,2014,9.1,Active,Bangalore
184,Shreya Singh,40,Female,Sales,Sales Manager,94000,19,2013,8.4,Active,Lucknow
185,Akash Singh,53,Female,Marketing,Marketing Analyst,58000,17,2011,8.7,Active,Kanpur
186,Tanvi Singh,26,Male,Sales,Business Development Executive,46000,3,2018,8.8,Active,Noida
187,Yash Singh,49,Male,Finance,Financial Analyst,79000,29,2025,7.4,Active,Hyderabad
188,Nandini Singh,27,Female,Finance,Senior Financial Analyst,107000,2,2019,9.1,Active,Chennai
189,Mohit Singh,26,Male,Finance,Senior Financial Analyst,83000,5,2022,8.3,Active,Pune
190,Divya Singh,24,Male,Sales,Sales Manager,98000,3,2024,6.0,Active,Lucknow
191,Rahul Gupta,49,Male,Marketing,Marketing Executive,46000,28,2017,6.6,Active,Pune
192,Priya Gupta,26,Female,Engineering,Data Engineer,78000,3,2014,9.7,Active,Lucknow
193,Amit Gupta,47,Male,Marketing,Marketing Analyst,63000,26,2024,6.9,Inactive,Noida
194,Neha Gupta,29,Female,Engineering,Tech Lead,146000,13,2023,9.7,Active,Kanpur
195,Rohan Gupta,39,Male,Finance,Accountant,64000,23,2025,7.2,Active,Hyderabad
196,Arjun Gupta,55,Male,Marketing,Marketing Analyst,83000,12,2016,7.9,Active,Pune
197,Ananya Gupta,23,Male,Marketing,Digital Marketing Manager,95000,5,2022,7.5,Active,Noida
198,Vikram Gupta,42,Male,Marketing,Marketing Executive,62000,3,2024,8.6,Active,Bangalore
199,Sneha Gupta,25,Female,Finance,Senior Financial Analyst,101000,7,2012,9.3,On Leave,Pune
200,Karan Gupta,41,Male,Marketing,Digital Marketing Manager,72000,20,2012,8.2,Inactive,Mumbai
201,Pooja Gupta,26,Female,Engineering,Software Engineer,75000,6,2015,9.5,Active,Kanpur
202,Aditya Gupta,39,Female,Finance,Senior Financial Analyst,85000,11,2017,7.8,Active,Bangalore
203,Nikhil Gupta,32,Male,Sales,Sales Manager,81000,2,2025,6.2,Active,Chennai
204,Kavya Gupta,37,Male,Engineering,Data Engineer,89000,21,2015,7.2,Active,Gurgaon
205,Riya Gupta,40,Female,Marketing,Digital Marketing Manager,86000,20,2024,6.0,Active,Chennai
206,Sahil Gupta,27,Female,Marketing,Digital Marketing Manager,94000,3,2019,5.1,On Leave,Pune
207,Simran Gupta,38,Female,Sales,Business Development Executive,48000,0,2025,8.9,Active,Hyderabad
208,Manish Gupta,35,Male,Sales,Sales Manager,74000,6,2013,6.5,Active,Gurgaon
209,Aarav Gupta,44,Female,HR,HR Executive,50000,23,2020,5.9,Active,Noida
210,Ishita Gupta,44,Female,Sales,Sales Manager,76000,16,2018,9.8,Active,Hyderabad
211,Ravi Gupta,28,Female,Engineering,Senior Engineer,95000,7,2022,5.5,Active,Lucknow
212,Meera Gupta,55,Female,Marketing,Marketing Analyst,77000,3,2018,9.1,Inactive,Delhi
213,Varun Gupta,35,Male,Engineering,DevOps Engineer,107000,15,2020,8.2,Active,Chennai
214,Shreya Gupta,40,Male,Marketing,Marketing Executive,50000,20,2011,6.5,Active,Delhi
215,Akash Gupta,36,Female,HR,HR Manager,95000,17,2021,7.9,Active,Pune
216,Tanvi Gupta,27,Female,Sales,Sales Manager,83000,7,2011,6.1,Active,Mumbai
217,Yash Gupta,44,Male,Finance,Accountant,75000,3,2021,7.0,Active,Delhi
218,Nandini Gupta,50,Male,HR,Talent Acquisition Specialist,66000,2,2010,8.9,Active,Bangalore
219,Mohit Gupta,34,Male,Sales,Sales Executive,59000,2,2016,6.6,Active,Gurgaon
220,Divya Gupta,21,Male,HR,HR Executive,58000,2,2018,5.5,On Leave,Bangalore
221,Rahul Kumar,21,Male,HR,Talent Acquisition Specialist,56000,2,2010,6.3,Active,Pune
222,Priya Kumar,54,Male,Engineering,Data Engineer,99000,3,2021,7.3,Active,Gurgaon
223,Amit Kumar,23,Female,Marketing,Digital Marketing Manager,72000,4,2011,9.2,Active,Delhi
224,Neha Kumar,52,Male,Marketing,Marketing Executive,48000,22,2020,5.3,Active,Gurgaon
225,Rohan Kumar,41,Female,Sales,Business Development Executive,64000,12,2024,5.5,Active,Noida
226,Arjun Kumar,34,Female,Marketing,Marketing Executive,59000,13,2020,7.0,Active,Hyderabad
227,Ananya Kumar,48,Male,Finance,Senior Financial Analyst,85000,10,2025,5.5,Active,Pune
228,Vikram Kumar,27,Male,Finance,Financial Analyst,54000,11,2020,7.1,On Leave,Pune
229,Sneha Kumar,24,Male,Sales,Sales Manager,88000,4,2013,5.8,Active,Delhi
230,Karan Kumar,43,Male,Sales,Sales Manager,73000,27,2018,9.0,On Leave,Gurgaon
231,Pooja Kumar,22,Female,Finance,Financial Analyst,62000,4,2018,9.6,Active,Bangalore
232,Aditya Kumar,30,Male,Marketing,Marketing Executive,50000,9,2010,8.7,Active,Pune
233,Nikhil Kumar,50,Male,HR,HR Manager,85000,10,2020,9.4,Active,Gurgaon
234,Kavya Kumar,24,Female,Finance,Senior Financial Analyst,103000,1,2025,7.1,Active,Noida
235,Riya Kumar,28,Female,Marketing,Marketing Executive,54000,5,2025,5.2,Active,Gurgaon
236,Sahil Kumar,24,Female,HR,HR Manager,79000,0,2014,6.4,Active,Chennai
237,Simran Kumar,48,Female,HR,HR Manager,100000,5,2017,5.4,On Leave,Kanpur
238,Manish Kumar,48,Female,Marketing,Marketing Executive,55000,0,2023,8.5,Active,Delhi
239,Aarav Kumar,46,Male,Finance,Financial Analyst,80000,0,2021,7.2,Active,Pune
240,Ishita Kumar,46,Male,Engineering,Data Engineer,90000,16,2020,6.7,Active,Noida
241,Ravi Kumar,28,Female,Sales,Sales Executive,70000,8,2021,8.6,On Leave,Bangalore
242,Meera Kumar,36,Male,HR,HR Manager,78000,3,2015,8.8,Active,Bangalore
243,Varun Kumar,52,Female,Sales,Business Development Executive,74000,14,2020,5.8,Active,Chennai
244,Shreya Kumar,40,Male,Sales,Sales Executive,52000,8,2026,6.6,Active,Kanpur
245,Akash Kumar,44,Female,Finance,Financial Analyst,56000,26,2026,7.3,Active,Kanpur
246,Tanvi Kumar,49,Female,Sales,Business Development Executive,57000,29,2020,7.5,Inactive,Chennai
247,Yash Kumar,27,Male,Engineering,DevOps Engineer,112000,5,2015,6.2,Active,Chennai
248,Nandini Kumar,54,Female,Sales,Sales Executive,52000,16,2021,6.9,Active,Gurgaon
249,Mohit Kumar,24,Female,Engineering,Tech Lead,101000,5,2022,6.3,On Leave,Gurgaon
250,Divya Kumar,30,Female,Engineering,DevOps Engineer,113000,5,2014,6.6,Active,Pune
251,Rahul Chauhan,29,Female,Engineering,Tech Lead,132000,9,2022,9.1,Active,Noida
252,Priya Chauhan,26,Female,Marketing,Digital Marketing Manager,94000,10,2010,6.5,Inactive,Hyderabad
253,Amit Chauhan,52,Female,HR,HR Executive,45000,6,2012,9.2,Active,Noida
254,Neha Chauhan,54,Male,Finance,Accountant,49000,1,2022,5.8,On Leave,Gurgaon
255,Rohan Chauhan,31,Female,Engineering,Data Engineer,94000,14,2017,8.1,Active,Chennai
256,Arjun Chauhan,35,Female,HR,HR Manager,96000,17,2016,8.4,Active,Chennai
257,Ananya Chauhan,50,Female,Finance,Senior Financial Analyst,108000,24,2026,9.8,On Leave,Gurgaon
258,Vikram Chauhan,29,Male,Finance,Financial Analyst,81000,13,2021,8.6,Active,Delhi
259,Sneha Chauhan,39,Male,HR,HR Manager,94000,2,2026,9.2,Active,Mumbai
260,Karan Chauhan,49,Female,Finance,Financial Analyst,77000,28,2011,7.5,Active,Delhi
261,Pooja Chauhan,44,Male,Engineering,Tech Lead,101000,7,2020,5.7,Active,Chennai
262,Aditya Chauhan,29,Male,Marketing,Marketing Analyst,75000,12,2010,5.1,Active,Bangalore
263,Nikhil Chauhan,54,Male,Engineering,Tech Lead,111000,13,2019,5.2,Active,Gurgaon
264,Kavya Chauhan,50,Male,Engineering,Data Engineer,109000,2,2010,8.6,Active,Kanpur
265,Riya Chauhan,43,Female,Sales,Sales Manager,77000,7,2012,5.3,Active,Noida
266,Sahil Chauhan,53,Female,Engineering,Data Engineer,101000,17,2011,9.9,Active,Kanpur
267,Simran Chauhan,43,Female,Engineering,Tech Lead,111000,25,2013,5.7,Active,Hyderabad
268,Manish Chauhan,32,Male,Marketing,Digital Marketing Manager,82000,14,2014,8.6,Inactive,Kanpur
269,Aarav Chauhan,39,Female,Engineering,Senior Engineer,83000,6,2020,7.6,Inactive,Noida
270,Ishita Chauhan,51,Male,Engineering,Senior Engineer,99000,8,2021,9.3,Active,Delhi
271,Ravi Chauhan,44,Female,Marketing,Digital Marketing Manager,99000,13,2022,9.9,Active,Chennai
272,Meera Chauhan,44,Male,Sales,Sales Manager,70000,25,2023,7.2,Inactive,Bangalore
273,Varun Chauhan,55,Female,Finance,Financial Analyst,55000,9,2020,6.5,Active,Pune
274,Shreya Chauhan,31,Female,Finance,Senior Financial Analyst,78000,14,2021,6.4,Inactive,Kanpur
275,Akash Chauhan,25,Male,Finance,Accountant,71000,6,2015,5.7,Active,Chennai
276,Tanvi Chauhan,23,Female,Engineering,Senior Engineer,104000,2,2021,9.7,Active,Bangalore
277,Yash Chauhan,49,Male,Finance,Senior Financial Analyst,104000,30,2012,7.6,Active,Lucknow
278,Nandini Chauhan,36,Female,Engineering,Senior Engineer,113000,3,2026,9.6,Active,Lucknow
279,Mohit Chauhan,49,Male,Sales,Sales Manager,97000,6,2016,5.7,Active,Bangalore
280,Divya Chauhan,49,Female,Finance,Accountant,56000,2,2012,9.5,On Leave,Bangalore
281,Rahul Patel,44,Male,HR,HR Executive,47000,16,2014,9.0,Active,Noida
282,Priya Patel,44,Male,Sales,Sales Executive,60000,14,2012,6.5,Inactive,Chennai
283,Amit Patel,54,Female,Marketing,Digital Marketing Manager,75000,13,2014,8.2,Active,Noida
284,Neha Patel,43,Female,Sales,Business Development Executive,57000,4,2014,7.5,On Leave,Delhi
285,Rohan Patel,54,Male,Finance,Financial Analyst,61000,4,2020,6.7,Inactive,Lucknow
286,Arjun Patel,26,Male,HR,Talent Acquisition Specialist,63000,4,2018,8.1,Active,Delhi
287,Ananya Patel,53,Male,HR,Talent Acquisition Specialist,64000,20,2014,8.3,Active,Gurgaon
288,Vikram Patel,42,Male,Sales,Sales Executive,67000,26,2010,5.2,Active,Gurgaon
289,Sneha Patel,37,Female,HR,Talent Acquisition Specialist,59000,20,2010,9.4,Active,Lucknow
290,Karan Patel,51,Male,Marketing,Marketing Analyst,70000,7,2012,5.8,Active,Chennai
291,Pooja Patel,34,Female,Sales,Sales Executive,50000,10,2020,9.9,Active,Hyderabad
292,Aditya Patel,53,Male,Engineering,Tech Lead,111000,17,2024,6.3,Active,Delhi
293,Nikhil Patel,24,Male,Marketing,Digital Marketing Manager,97000,4,2017,9.1,Inactive,Hyderabad
294,Kavya Patel,33,Female,Marketing,Digital Marketing Manager,101000,5,2025,7.5,Active,Pune
295,Riya Patel,53,Male,HR,HR Executive,59000,14,2021,5.3,Active,Chennai
296,Sahil Patel,39,Female,Engineering,Software Engineer,74000,17,2014,8.6,Active,Hyderabad
297,Simran Patel,23,Female,Engineering,DevOps Engineer,107000,6,2016,7.8,Active,Noida
298,Manish Patel,49,Male,Sales,Sales Manager,73000,24,2014,7.0,Active,Hyderabad
299,Aarav Patel,44,Female,HR,HR Executive,60000,24,2026,7.5,Active,Bangalore
300,Ishita Patel,42,Male,Marketing,Digital Marketing Manager,100000,25,2014,6.6,Active,Bangalore
301,Ravi Patel,46,Female,Finance,Accountant,56000,19,2026,8.5,Active,Kanpur
302,Meera Patel,44,Male,Engineering,Data Engineer,108000,10,2019,8.0,Active,Gurgaon
303,Varun Patel,35,Female,Sales,Sales Manager,76000,1,2026,5.7,Active,Kanpur
304,Shreya Patel,28,Male,Engineering,Data Engineer,91000,3,2023,7.1,Active,Noida
305,Akash Patel,51,Female,Engineering,Senior Engineer,114000,27,2016,10.0,Active,Pune
306,Tanvi Patel,41,Female,Marketing,Digital Marketing Manager,92000,5,2021,8.1,Active,Mumbai
307,Yash Patel,38,Male,Finance,Financial Analyst,70000,17,2019,8.5,Active,Chennai
308,Nandini Patel,43,Female,Finance,Senior Financial Analyst,83000,17,2022,9.1,Inactive,Bangalore
309,Mohit Patel,39,Female,Finance,Accountant,48000,1,2021,8.3,Active,Mumbai
310,Divya Patel,33,Male,Finance,Accountant,68000,17,2018,5.5,Active,Mumbai
311,Rahul Mishra,36,Male,Sales,Sales Executive,61000,1,2017,5.5,Active,Chennai
312,Priya Mishra,27,Female,HR,HR Executive,58000,10,2015,8.3,On Leave,Chennai
313,Amit Mishra,51,Male,HR,HR Manager,86000,20,2019,9.5,Active,Gurgaon
314,Neha Mishra,35,Male,Engineering,Senior Engineer,107000,17,2015,10.0,Active,Chennai
315,Rohan Mishra,32,Female,Engineering,Software Engineer,70000,9,2013,6.4,Inactive,Noida
316,Arjun Mishra,54,Male,HR,Talent Acquisition Specialist,60000,15,2018,9.0,Active,Chennai
317,Ananya Mishra,37,Male,Engineering,Tech Lead,147000,5,2019,5.9,On Leave,Pune
318,Vikram Mishra,48,Male,Finance,Financial Analyst,76000,16,2013,9.9,Active,Mumbai
319,Sneha Mishra,21,Female,Marketing,Marketing Executive,60000,2,2018,6.5,Active,Kanpur
320,Karan Mishra,37,Male,Finance,Accountant,53000,20,2011,7.3,Active,Noida
321,Pooja Mishra,40,Male,Engineering,Tech Lead,119000,22,2017,9.8,Active,Chennai
322,Aditya Mishra,44,Male,Sales,Sales Manager,100000,13,2016,8.4,Active,Delhi
323,Nikhil Mishra,54,Male,Sales,Business Development Executive,69000,14,2012,5.3,Active,Noida
324,Kavya Mishra,33,Female,HR,HR Executive,51000,17,2026,5.6,Active,Gurgaon
325,Riya Mishra,52,Male,Sales,Sales Manager,69000,2,2024,7.6,Active,Kanpur
326,Sahil Mishra,50,Female,Finance,Accountant,46000,21,2022,9.1,Active,Gurgaon
327,Simran Mishra,25,Male,Marketing,Marketing Analyst,78000,0,2012,9.7,Active,Chennai
328,Manish Mishra,23,Female,Marketing,Marketing Executive,49000,4,2023,10.0,Active,Pune
329,Aarav Mishra,45,Male,Sales,Sales Executive,61000,2,2021,5.9,Active,Noida
330,Ishita Mishra,29,Female,HR,HR Executive,65000,11,2010,7.3,Active,Pune
331,Ravi Mishra,55,Male,HR,HR Executive,55000,12,2021,6.4,Inactive,Delhi
332,Meera Mishra,23,Male,Sales,Sales Executive,48000,6,2016,5.5,Active,Gurgaon
333,Varun Mishra,24,Male,Engineering,Data Engineer,99000,3,2017,8.8,Active,Bangalore
334,Shreya Mishra,53,Female,HR,Talent Acquisition Specialist,64000,9,2020,6.2,On Leave,Noida
335,Akash Mishra,35,Female,Finance,Senior Financial Analyst,79000,13,2015,7.8,Active,Hyderabad
336,Tanvi Mishra,45,Male,Sales,Sales Manager,92000,25,2023,6.5,Active,Noida
337,Yash Mishra,51,Male,HR,HR Manager,74000,7,2024,7.8,Inactive,Noida
338,Nandini Mishra,54,Female,Marketing,Marketing Executive,53000,4,2016,8.2,Inactive,Hyderabad
339,Mohit Mishra,26,Male,HR,HR Executive,49000,8,2022,9.4,Active,Gurgaon
340,Divya Mishra,34,Male,HR,HR Manager,85000,15,2010,9.7,Inactive,Delhi
341,Rahul Agarwal,51,Female,HR,Talent Acquisition Specialist,65000,29,2016,9.6,Active,Lucknow
342,Priya Agarwal,45,Female,Sales,Business Development Executive,69000,14,2019,6.8,On Leave,Chennai
343,Amit Agarwal,27,Female,Marketing,Marketing Analyst,85000,11,2016,6.6,Active,Mumbai
344,Neha Agarwal,30,Female,Finance,Accountant,64000,0,2023,5.8,Active,Pune
345,Rohan Agarwal,36,Female,Sales,Business Development Executive,67000,15,2018,9.8,Active,Chennai
346,Arjun Agarwal,50,Male,Finance,Financial Analyst,59000,5,2025,9.6,Active,Kanpur
347,Ananya Agarwal,54,Female,Engineering,Software Engineer,85000,1,2010,5.7,Active,Delhi
348,Vikram Agarwal,30,Male,HR,Talent Acquisition Specialist,60000,0,2021,8.1,Active,Gurgaon
349,Sneha Agarwal,51,Male,Marketing,Marketing Executive,45000,21,2023,5.1,Active,Noida
350,Karan Agarwal,39,Male,Sales,Business Development Executive,73000,0,2015,9.6,Active,Mumbai
351,Pooja Agarwal,33,Male,Finance,Senior Financial Analyst,93000,16,2022,6.9,Active,Gurgaon
352,Aditya Agarwal,36,Male,Finance,Accountant,72000,7,2012,5.5,Active,Noida
353,Nikhil Agarwal,51,Female,Engineering,Senior Engineer,85000,1,2025,8.2,Active,Delhi
354,Kavya Agarwal,54,Female,Engineering,Senior Engineer,94000,29,2025,5.2,Active,Lucknow
355,Riya Agarwal,55,Male,Engineering,Senior Engineer,101000,18,2010,7.9,Active,Pune
356,Sahil Agarwal,25,Female,HR,Talent Acquisition Specialist,53000,4,2022,6.9,Active,Delhi
357,Simran Agarwal,53,Male,Finance,Financial Analyst,56000,23,2023,9.2,Active,Gurgaon
358,Manish Agarwal,46,Female,Finance,Financial Analyst,68000,24,2024,6.1,Active,Pune
359,Aarav Agarwal,48,Female,Sales,Business Development Executive,70000,5,2012,9.0,Active,Delhi
360,Ishita Agarwal,38,Female,Marketing,Digital Marketing Manager,80000,4,2022,6.8,Active,Lucknow
361,Ravi Agarwal,49,Male,Finance,Financial Analyst,59000,11,2012,7.2,Active,Noida
362,Meera Agarwal,47,Female,Engineering,Software Engineer,72000,3,2012,9.3,Active,Pune
363,Varun Agarwal,45,Male,Engineering,DevOps Engineer,86000,24,2026,8.4,Active,Lucknow
364,Shreya Agarwal,40,Female,Marketing,Marketing Executive,47000,8,2015,6.4,Active,Delhi
365,Akash Agarwal,44,Male,HR,Talent Acquisition Specialist,65000,8,2025,7.3,Active,Kanpur
366,Tanvi Agarwal,46,Female,Sales,Sales Manager,87000,10,2024,7.2,On Leave,Gurgaon
367,Yash Agarwal,29,Female,Finance,Accountant,68000,4,2016,6.6,Inactive,Hyderabad
368,Nandini Agarwal,39,Female,Marketing,Digital Marketing Manager,86000,23,2020,6.4,Active,Hyderabad
369,Mohit Agarwal,28,Male,HR,Talent Acquisition Specialist,63000,9,2015,9.8,Active,Mumbai
370,Divya Agarwal,49,Female,Finance,Accountant,47000,25,2023,5.7,Active,Lucknow
371,Rahul Jain,30,Female,Marketing,Marketing Analyst,57000,11,2024,7.9,Active,Pune
372,Priya Jain,55,Male,Finance,Accountant,74000,1,2012,8.8,Active,Hyderabad
373,Amit Jain,31,Female,Sales,Business Development Executive,71000,1,2020,5.5,Active,Mumbai
374,Neha Jain,53,Female,Sales,Business Development Executive,59000,23,2024,7.0,Active,Gurgaon
375,Rohan Jain,53,Female,Finance,Financial Analyst,82000,4,2013,7.1,Inactive,Delhi
376,Arjun Jain,30,Female,Finance,Senior Financial Analyst,105000,5,2016,6.7,Active,Chennai
377,Ananya Jain,41,Female,Finance,Financial Analyst,58000,2,2010,8.2,Active,Bangalore
378,Vikram Jain,36,Female,HR,Talent Acquisition Specialist,50000,16,2020,9.8,Active,Pune
379,Sneha Jain,32,Female,Marketing,Marketing Analyst,56000,5,2016,8.0,Active,Mumbai
380,Karan Jain,34,Female,Engineering,DevOps Engineer,77000,8,2015,6.6,Active,Lucknow
381,Pooja Jain,52,Male,Finance,Accountant,58000,16,2022,6.7,On Leave,Gurgaon
382,Aditya Jain,32,Female,Sales,Business Development Executive,51000,9,2014,5.6,Active,Bangalore
383,Nikhil Jain,44,Male,HR,Talent Acquisition Specialist,58000,22,2023,7.9,Active,Chennai
384,Kavya Jain,55,Female,HR,Talent Acquisition Specialist,50000,22,2025,5.7,Active,Chennai
385,Riya Jain,24,Female,Engineering,Data Engineer,79000,5,2016,9.8,Active,Chennai
386,Sahil Jain,47,Female,Marketing,Marketing Analyst,78000,21,2024,5.8,Active,Mumbai
387,Simran Jain,39,Female,Finance,Financial Analyst,69000,1,2015,7.8,Active,Chennai
388,Manish Jain,53,Male,Sales,Sales Executive,49000,3,2021,8.8,Active,Mumbai
389,Aarav Jain,48,Female,HR,HR Manager,67000,3,2024,6.7,On Leave,Chennai
390,Ishita Jain,28,Female,HR,HR Executive,64000,12,2021,5.8,Active,Mumbai
391,Ravi Jain,34,Male,Sales,Sales Manager,100000,1,2018,6.6,Active,Lucknow
392,Meera Jain,38,Female,Engineering,Senior Engineer,107000,16,2011,9.3,Active,Bangalore
393,Varun Jain,36,Male,Finance,Financial Analyst,76000,4,2025,7.9,Active,Pune
394,Shreya Jain,45,Female,Engineering,Software Engineer,73000,14,2026,8.5,On Leave,Chennai
395,Akash Jain,52,Female,Sales,Sales Executive,68000,10,2012,8.2,Active,Delhi
396,Tanvi Jain,55,Female,HR,HR Manager,79000,12,2025,6.6,Active,Noida
397,Yash Jain,29,Male,Marketing,Marketing Analyst,84000,9,2011,5.5,Active,Chennai
398,Nandini Jain,22,Female,HR,HR Manager,95000,0,2010,6.0,Active,Bangalore
399,Mohit Jain,40,Male,Finance,Financial Analyst,74000,5,2018,6.9,Inactive,Bangalore
400,Divya Jain,24,Female,Finance,Accountant,68000,6,2017,8.3,Active,Kanpur
401,Rahul Shah,34,Female,Engineering,Senior Engineer,119000,15,2017,5.0,Active,Delhi
402,Priya Shah,48,Female,HR,HR Manager,70000,22,2017,5.4,On Leave,Delhi
403,Amit Shah,41,Male,Finance,Financial Analyst,75000,11,2014,5.3,Active,Gurgaon
404,Neha Shah,31,Female,Finance,Accountant,52000,14,2014,8.1,Active,Mumbai
405,Rohan Shah,26,Female,HR,HR Executive,59000,1,2022,9.8,Active,Bangalore
406,Arjun Shah,36,Male,Engineering,Senior Engineer,116000,8,2019,9.2,Active,Lucknow
407,Ananya Shah,34,Female,Sales,Business Development Executive,57000,16,2022,8.2,Active,Mumbai
408,Vikram Shah,52,Male,Engineering,Senior Engineer,113000,12,2012,9.9,Inactive,Bangalore
409,Sneha Shah,45,Female,Sales,Sales Manager,89000,27,2015,9.8,Active,Kanpur
410,Karan Shah,25,Female,Finance,Financial Analyst,53000,0,2011,7.5,Active,Noida
411,Pooja Shah,47,Female,Marketing,Marketing Executive,66000,13,2014,5.4,Active,Mumbai
412,Aditya Shah,30,Female,Finance,Senior Financial Analyst,79000,8,2019,8.6,On Leave,Kanpur
413,Nikhil Shah,36,Female,Marketing,Marketing Executive,60000,2,2011,8.3,Active,Bangalore
414,Kavya Shah,28,Female,HR,Talent Acquisition Specialist,45000,0,2015,9.8,Active,Lucknow
415,Riya Shah,31,Male,HR,Talent Acquisition Specialist,71000,11,2018,8.9,Active,Pune
416,Sahil Shah,38,Female,Engineering,Tech Lead,142000,16,2012,7.3,Active,Chennai
417,Simran Shah,31,Male,HR,HR Manager,72000,11,2013,8.7,Active,Kanpur
418,Manish Shah,36,Male,Marketing,Marketing Analyst,68000,1,2014,9.7,On Leave,Noida
419,Aarav Shah,47,Female,Finance,Financial Analyst,77000,7,2020,9.1,Active,Delhi
420,Ishita Shah,53,Male,Engineering,Senior Engineer,95000,21,2026,9.8,Active,Chennai
421,Ravi Shah,39,Female,Finance,Financial Analyst,80000,9,2010,6.0,Active,Lucknow
422,Meera Shah,36,Male,Finance,Accountant,61000,14,2016,5.8,Inactive,Kanpur
423,Varun Shah,35,Female,Finance,Accountant,73000,17,2010,5.0,Active,Lucknow
424,Shreya Shah,27,Male,Sales,Sales Executive,54000,3,2025,9.9,Active,Lucknow
425,Akash Shah,26,Female,HR,Talent Acquisition Specialist,59000,0,2021,9.9,Active,Delhi
426,Tanvi Shah,53,Female,Marketing,Marketing Executive,64000,4,2011,8.3,Active,Lucknow
427,Yash Shah,37,Female,Marketing,Digital Marketing Manager,91000,10,2020,6.4,Active,Mumbai
428,Nandini Shah,29,Male,Sales,Sales Executive,45000,12,2013,7.2,Active,Delhi
429,Mohit Shah,55,Female,HR,HR Manager,85000,11,2024,9.3,Active,Lucknow
430,Divya Shah,23,Female,Finance,Financial Analyst,56000,3,2017,7.0,Active,Lucknow
431,Rahul Mehta,37,Male,Engineering,Data Engineer,100000,5,2017,7.3,On Leave,Bangalore
432,Priya Mehta,28,Female,Engineering,Senior Engineer,89000,0,2016,6.9,Active,Delhi
433,Amit Mehta,37,Male,Engineering,Software Engineer,66000,2,2024,5.5,On Leave,Hyderabad
434,Neha Mehta,28,Female,Marketing,Marketing Executive,51000,0,2023,7.5,Active,Pune
435,Rohan Mehta,32,Female,HR,HR Executive,49000,11,2018,9.4,Active,Gurgaon
436,Arjun Mehta,36,Male,Finance,Senior Financial Analyst,102000,20,2025,5.4,Active,Pune
437,Ananya Mehta,33,Female,HR,Talent Acquisition Specialist,71000,16,2010,8.9,Active,Noida
438,Vikram Mehta,52,Female,Sales,Business Development Executive,66000,11,2022,5.9,Active,Mumbai
439,Sneha Mehta,22,Female,Finance,Financial Analyst,81000,6,2026,8.8,Inactive,Bangalore
440,Karan Mehta,27,Male,HR,HR Manager,100000,3,2011,7.9,Inactive,Pune
441,Pooja Mehta,43,Female,HR,HR Executive,48000,26,2020,9.6,Active,Hyderabad
442,Aditya Mehta,30,Female,HR,HR Manager,85000,9,2015,5.2,Active,Gurgaon
443,Nikhil Mehta,35,Male,Sales,Sales Manager,65000,0,2020,9.0,Active,Bangalore
444,Kavya Mehta,41,Male,Engineering,Senior Engineer,118000,1,2014,9.2,On Leave,Delhi
445,Riya Mehta,44,Female,Marketing,Digital Marketing Manager,77000,22,2020,6.6,Inactive,Pune
446,Sahil Mehta,52,Male,Finance,Financial Analyst,73000,20,2017,6.9,Active,Lucknow
447,Simran Mehta,29,Male,Engineering,DevOps Engineer,96000,2,2011,8.0,Inactive,Gurgaon
448,Manish Mehta,35,Male,Engineering,Data Engineer,79000,18,2020,6.2,Inactive,Bangalore
449,Aarav Mehta,26,Male,Finance,Senior Financial Analyst,76000,10,2018,6.2,Active,Lucknow
450,Ishita Mehta,27,Female,Engineering,Software Engineer,73000,11,2024,9.8,On Leave,Chennai
451,Ravi Mehta,45,Male,Sales,Sales Manager,72000,11,2025,5.8,Active,Kanpur
452,Meera Mehta,39,Female,Finance,Senior Financial Analyst,82000,0,2012,5.9,Active,Delhi
453,Varun Mehta,26,Female,Sales,Business Development Executive,77000,5,2010,9.7,Active,Pune
454,Shreya Mehta,31,Female,Engineering,Tech Lead,108000,1,2016,8.5,Active,Noida
455,Akash Mehta,37,Male,Finance,Senior Financial Analyst,91000,21,2013,7.0,Active,Chennai
456,Tanvi Mehta,30,Female,Finance,Financial Analyst,78000,0,2012,9.1,Active,Chennai
457,Yash Mehta,33,Male,Engineering,Senior Engineer,91000,3,2019,7.4,Active,Pune
458,Nandini Mehta,51,Female,Finance,Financial Analyst,75000,15,2015,9.4,Active,Chennai
459,Mohit Mehta,23,Female,Marketing,Marketing Analyst,64000,4,2017,7.8,Active,Delhi
460,Divya Mehta,26,Male,Finance,Accountant,59000,10,2017,9.2,On Leave,Pune
461,Rahul Yadav,55,Female,Marketing,Digital Marketing Manager,85000,21,2025,5.4,Inactive,Kanpur
462,Priya Yadav,53,Female,Sales,Business Development Executive,55000,18,2013,5.9,Inactive,Mumbai
463,Amit Yadav,33,Male,Engineering,Data Engineer,75000,4,2023,10.0,Active,Gurgaon
464,Neha Yadav,37,Female,Engineering,Software Engineer,73000,10,2022,9.3,Active,Kanpur
465,Rohan Yadav,54,Male,Marketing,Marketing Executive,59000,25,2014,7.8,Active,Delhi
466,Arjun Yadav,27,Female,Engineering,Tech Lead,130000,9,2021,6.3,Active,Gurgaon
467,Ananya Yadav,51,Female,HR,HR Manager,91000,1,2014,5.2,On Leave,Hyderabad
468,Vikram Yadav,36,Male,Marketing,Marketing Analyst,84000,1,2021,6.7,Active,Lucknow
469,Sneha Yadav,38,Female,Engineering,Senior Engineer,89000,15,2019,8.9,Active,Pune
470,Karan Yadav,26,Female,Marketing,Marketing Executive,58000,3,2025,9.1,Active,Bangalore
471,Pooja Yadav,25,Male,Sales,Sales Manager,74000,4,2026,5.9,On Leave,Mumbai
472,Aditya Yadav,24,Male,Engineering,Data Engineer,73000,3,2021,6.4,On Leave,Noida
473,Nikhil Yadav,46,Female,Engineering,Software Engineer,68000,20,2021,8.0,Active,Chennai
474,Kavya Yadav,43,Male,HR,HR Manager,71000,11,2019,6.9,Active,Gurgaon
475,Riya Yadav,34,Female,HR,Talent Acquisition Specialist,52000,7,2018,7.6,On Leave,Kanpur
476,Sahil Yadav,51,Male,HR,Talent Acquisition Specialist,51000,29,2010,6.3,On Leave,Lucknow
477,Simran Yadav,38,Male,Marketing,Marketing Analyst,70000,13,2018,7.3,Active,Gurgaon
478,Manish Yadav,46,Female,Engineering,Software Engineer,77000,18,2021,6.5,Active,Delhi
479,Aarav Yadav,42,Male,Finance,Senior Financial Analyst,92000,8,2019,5.7,Active,Kanpur
480,Ishita Yadav,46,Female,Finance,Accountant,50000,21,2010,10.0,Active,Pune
481,Ravi Yadav,46,Female,Engineering,DevOps Engineer,107000,12,2016,8.6,Active,Noida
482,Meera Yadav,51,Male,Finance,Accountant,55000,29,2015,6.5,Active,Lucknow
483,Varun Yadav,32,Female,Engineering,Senior Engineer,103000,10,2017,7.1,On Leave,Hyderabad
484,Shreya Yadav,37,Male,Finance,Senior Financial Analyst,83000,18,2025,9.3,Active,Gurgaon
485,Akash Yadav,25,Female,HR,Talent Acquisition Specialist,49000,7,2022,7.1,On Leave,Bangalore
486,Tanvi Yadav,29,Female,Finance,Senior Financial Analyst,105000,3,2014,9.3,Active,Delhi
487,Yash Yadav,52,Female,HR,HR Manager,69000,10,2010,6.4,Active,Bangalore
488,Nandini Yadav,31,Female,Engineering,Senior Engineer,108000,15,2023,7.1,Active,Kanpur
489,Mohit Yadav,23,Male,Finance,Financial Analyst,71000,3,2026,5.1,Active,Mumbai
490,Divya Yadav,35,Female,Finance,Financial Analyst,57000,11,2022,5.8,On Leave,Lucknow
491,Rahul Saxena,39,Female,Sales,Business Development Executive,79000,14,2020,9.4,Inactive,Hyderabad
492,Priya Saxena,52,Male,HR,HR Executive,53000,11,2010,6.1,Inactive,Mumbai
493,Amit Saxena,22,Male,Sales,Sales Executive,44000,4,2021,6.9,Active,Noida
494,Neha Saxena,24,Female,Engineering,Software Engineer,62000,0,2013,7.2,Active,Lucknow
495,Rohan Saxena,51,Female,HR,HR Executive,63000,22,2010,7.1,Active,Noida
496,Arjun Saxena,38,Male,Sales,Business Development Executive,54000,19,2023,7.6,Active,Lucknow
497,Ananya Saxena,28,Female,Engineering,Data Engineer,83000,12,2016,9.2,Inactive,Hyderabad
498,Vikram Saxena,47,Male,HR,HR Executive,58000,9,2025,8.4,Active,Mumbai
499,Sneha Saxena,21,Male,Engineering,Software Engineer,87000,0,2025,9.7,Active,Delhi
500,Karan Saxena,27,Female,HR,HR Manager,84000,4,2018,5.3,On Leave,Kanpur
501,Pooja Saxena,39,Male,Finance,Senior Financial Analyst,83000,11,2013,5.0,Active,Bangalore
502,Aditya Saxena,42,Female,Marketing,Digital Marketing Manager,88000,11,2012,9.1,Active,Pune
503,Nikhil Saxena,46,Female,Marketing,Marketing Analyst,82000,30,2022,9.0,Active,Bangalore
504,Kavya Saxena,28,Female,Engineering,Senior Engineer,87000,2,2023,9.0,Active,Bangalore
505,Riya Saxena,45,Female,Finance,Accountant,46000,24,2014,9.6,Active,Pune
506,Sahil Saxena,49,Male,Engineering,Tech Lead,138000,1,2020,8.5,Active,Gurgaon
507,Simran Saxena,35,Male,Sales,Business Development Executive,51000,10,2023,7.4,Active,Pune
508,Manish Saxena,30,Male,Sales,Business Development Executive,49000,13,2010,7.5,Active,Chennai
509,Aarav Saxena,31,Female,Marketing,Marketing Analyst,63000,2,2020,5.3,Active,Pune
510,Ishita Saxena,46,Female,HR,HR Executive,55000,26,2024,5.4,Active,Hyderabad
511,Ravi Saxena,28,Male,Engineering,Software Engineer,73000,7,2023,7.8,Active,Delhi
512,Meera Saxena,40,Female,Sales,Sales Executive,61000,16,2024,6.8,Active,Mumbai
513,Varun Saxena,50,Female,Sales,Business Development Executive,76000,10,2021,5.6,Active,Mumbai
514,Shreya Saxena,21,Female,Finance,Accountant,71000,2,2019,8.5,Active,Bangalore
515,Akash Saxena,52,Male,Marketing,Marketing Executive,53000,4,2016,5.6,On Leave,Mumbai
516,Tanvi Saxena,50,Female,HR,Talent Acquisition Specialist,56000,26,2013,5.2,Active,Gurgaon
517,Yash Saxena,28,Male,Marketing,Marketing Analyst,77000,12,2026,9.8,Active,Kanpur
518,Nandini Saxena,48,Male,Sales,Sales Manager,98000,26,2015,8.7,Active,Pune
519,Mohit Saxena,41,Female,Marketing,Marketing Analyst,75000,16,2017,7.0,Active,Lucknow
520,Divya Saxena,49,Female,HR,HR Executive,54000,25,2026,9.2,Active,Hyderabad
521,Rahul Malhotra,34,Female,HR,Talent Acquisition Specialist,68000,6,2019,9.6,Active,Bangalore
522,Priya Malhotra,53,Female,Finance,Accountant,49000,17,2021,7.9,Inactive,Pune
523,Amit Malhotra,55,Male,Marketing,Marketing Executive,62000,9,2013,6.9,Active,Kanpur
524,Neha Malhotra,33,Male,HR,HR Manager,81000,8,2014,8.5,Active,Noida
525,Rohan Malhotra,23,Female,Marketing,Marketing Executive,65000,5,2017,6.2,Active,Lucknow
526,Arjun Malhotra,24,Male,Marketing,Marketing Analyst,81000,6,2020,5.1,Active,Gurgaon
527,Ananya Malhotra,49,Male,HR,Talent Acquisition Specialist,68000,26,2021,8.9,Inactive,Lucknow
528,Vikram Malhotra,49,Male,Engineering,Senior Engineer,91000,5,2026,6.9,Active,Noida
529,Sneha Malhotra,37,Male,HR,Talent Acquisition Specialist,73000,4,2018,6.7,Active,Bangalore
530,Karan Malhotra,23,Female,Finance,Accountant,47000,2,2019,8.9,Active,Delhi
531,Pooja Malhotra,41,Male,HR,HR Executive,57000,16,2012,7.1,Active,Delhi
532,Aditya Malhotra,43,Female,HR,Talent Acquisition Specialist,56000,7,2020,6.5,Inactive,Gurgaon
533,Nikhil Malhotra,54,Female,Sales,Business Development Executive,46000,15,2013,7.2,Inactive,Gurgaon
534,Kavya Malhotra,36,Female,Finance,Senior Financial Analyst,82000,1,2022,7.7,Active,Noida
535,Riya Malhotra,44,Female,Sales,Sales Manager,97000,16,2011,9.5,Active,Noida
536,Sahil Malhotra,26,Male,HR,Talent Acquisition Specialist,62000,1,2010,6.1,Active,Mumbai
537,Simran Malhotra,48,Male,Engineering,Senior Engineer,115000,26,2023,8.7,Active,Chennai
538,Manish Malhotra,42,Female,Engineering,Software Engineer,62000,1,2015,7.8,Active,Mumbai
539,Aarav Malhotra,37,Female,Marketing,Marketing Analyst,76000,13,2022,6.6,Active,Delhi
540,Ishita Malhotra,55,Male,Sales,Sales Executive,65000,0,2011,6.8,Active,Lucknow
541,Ravi Malhotra,40,Female,Engineering,Tech Lead,145000,19,2024,7.0,Active,Chennai
542,Meera Malhotra,31,Male,HR,Talent Acquisition Specialist,58000,7,2019,6.5,On Leave,Hyderabad
543,Varun Malhotra,21,Male,Sales,Sales Executive,44000,4,2011,7.9,Active,Noida
544,Shreya Malhotra,26,Male,HR,Talent Acquisition Specialist,69000,4,2021,7.1,Active,Noida
545,Akash Malhotra,30,Male,HR,HR Executive,60000,2,2018,5.6,Active,Gurgaon
546,Tanvi Malhotra,24,Female,Marketing,Digital Marketing Manager,106000,8,2012,8.4,Active,Mumbai
547,Yash Malhotra,52,Male,Finance,Senior Financial Analyst,83000,30,2017,6.4,Active,Mumbai
548,Nandini Malhotra,41,Male,Marketing,Marketing Analyst,75000,15,2019,7.8,Active,Hyderabad
549,Mohit Malhotra,48,Female,Engineering,Tech Lead,111000,5,2017,6.4,Active,Hyderabad
550,Divya Malhotra,51,Female,Marketing,Marketing Analyst,80000,14,2019,7.8,Active,Gurgaon
551,Rahul Bansal,26,Male,HR,Talent Acquisition Specialist,51000,4,2018,8.6,On Leave,Noida
552,Priya Bansal,22,Male,Sales,Business Development Executive,72000,6,2016,7.8,Active,Noida
553,Amit Bansal,51,Female,HR,HR Manager,91000,20,2017,5.7,Active,Delhi
554,Neha Bansal,46,Male,Sales,Sales Executive,62000,11,2017,8.8,Active,Bangalore
555,Rohan Bansal,32,Female,Marketing,Marketing Analyst,56000,4,2017,6.2,Active,Mumbai
556,Arjun Bansal,23,Female,Sales,Sales Manager,90000,3,2025,9.4,Active,Hyderabad
557,Ananya Bansal,27,Male,Sales,Business Development Executive,63000,11,2018,6.9,Active,Gurgaon
558,Vikram Bansal,25,Female,Finance,Senior Financial Analyst,90000,8,2026,6.8,On Leave,Chennai
559,Sneha Bansal,51,Female,Sales,Sales Executive,56000,28,2014,5.8,Active,Lucknow
560,Karan Bansal,34,Male,HR,HR Executive,52000,4,2013,7.1,Active,Delhi
561,Pooja Bansal,51,Female,Marketing,Marketing Analyst,62000,21,2015,5.1,Active,Gurgaon
562,Aditya Bansal,31,Male,Sales,Sales Executive,69000,4,2014,5.8,Inactive,Noida
563,Nikhil Bansal,46,Male,Sales,Business Development Executive,46000,19,2019,6.1,Active,Chennai
564,Kavya Bansal,51,Female,HR,HR Manager,74000,5,2015,5.8,Active,Chennai
565,Riya Bansal,25,Male,Marketing,Marketing Analyst,59000,3,2013,6.0,On Leave,Noida
566,Sahil Bansal,47,Female,HR,Talent Acquisition Specialist,48000,26,2015,9.5,Active,Noida
567,Simran Bansal,53,Male,Engineering,Software Engineer,76000,24,2014,9.5,Active,Pune
568,Manish Bansal,54,Male,Finance,Financial Analyst,85000,13,2023,9.7,Active,Pune
569,Aarav Bansal,43,Female,Sales,Sales Executive,54000,18,2014,7.4,Active,Delhi
570,Ishita Bansal,39,Male,Sales,Sales Manager,82000,19,2016,8.5,Active,Gurgaon
571,Ravi Bansal,54,Female,Sales,Sales Executive,52000,3,2016,7.0,Active,Pune
572,Meera Bansal,37,Female,Sales,Sales Manager,102000,8,2021,10.0,Active,Mumbai
573,Varun Bansal,47,Female,Sales,Sales Manager,77000,17,2021,6.3,Active,Hyderabad
574,Shreya Bansal,46,Female,HR,Talent Acquisition Specialist,49000,23,2017,8.9,Inactive,Delhi
575,Akash Bansal,34,Male,Marketing,Marketing Analyst,81000,16,2011,6.9,Active,Delhi
576,Tanvi Bansal,30,Female,Sales,Sales Manager,71000,7,2012,6.1,Active,Kanpur
577,Yash Bansal,45,Male,Marketing,Digital Marketing Manager,104000,29,2019,9.7,On Leave,Chennai
578,Nandini Bansal,49,Female,HR,Talent Acquisition Specialist,71000,0,2026,6.0,Active,Noida
579,Mohit Bansal,54,Female,HR,Talent Acquisition Specialist,51000,22,2011,6.2,Active,Bangalore
580,Divya Bansal,26,Female,Marketing,Marketing Analyst,77000,4,2022,7.9,Active,Delhi
581,Rahul Tiwari,26,Female,Finance,Accountant,72000,8,2021,9.8,Active,Gurgaon
582,Priya Tiwari,33,Male,Marketing,Digital Marketing Manager,70000,14,2018,7.0,Active,Delhi
583,Amit Tiwari,53,Female,Finance,Financial Analyst,84000,9,2018,8.5,Inactive,Gurgaon
584,Neha Tiwari,51,Male,HR,HR Manager,95000,24,2024,7.4,Active,Pune
585,Rohan Tiwari,35,Male,Finance,Senior Financial Analyst,98000,7,2026,8.5,Active,Lucknow
586,Arjun Tiwari,26,Female,Finance,Financial Analyst,62000,6,2025,6.8,On Leave,Lucknow
587,Ananya Tiwari,32,Male,Marketing,Digital Marketing Manager,83000,6,2017,9.4,Active,Mumbai
588,Vikram Tiwari,36,Male,Finance,Financial Analyst,57000,19,2013,8.4,Active,Gurgaon
589,Sneha Tiwari,21,Female,Engineering,Data Engineer,94000,4,2020,9.5,On Leave,Gurgaon
590,Karan Tiwari,38,Male,HR,Talent Acquisition Specialist,54000,15,2022,8.8,Active,Noida
591,Pooja Tiwari,48,Female,Sales,Sales Executive,56000,15,2021,9.3,Active,Chennai
592,Aditya Tiwari,28,Male,Sales,Sales Manager,86000,11,2010,8.4,Active,Delhi
593,Nikhil Tiwari,41,Male,Sales,Sales Manager,77000,11,2018,6.3,Inactive,Hyderabad
594,Kavya Tiwari,44,Female,Marketing,Marketing Analyst,62000,5,2023,6.8,Active,Chennai
595,Riya Tiwari,32,Female,Sales,Business Development Executive,60000,4,2013,9.0,Active,Pune
596,Sahil Tiwari,33,Female,HR,HR Manager,66000,4,2015,7.5,Inactive,Noida
597,Simran Tiwari,55,Male,Finance,Senior Financial Analyst,95000,23,2018,7.0,Active,Kanpur
598,Manish Tiwari,34,Female,Marketing,Digital Marketing Manager,76000,8,2024,6.3,Active,Noida
599,Aarav Tiwari,37,Male,Engineering,Data Engineer,78000,11,2021,7.9,Active,Noida
600,Ishita Tiwari,32,Female,Finance,Senior Financial Analyst,108000,9,2025,9.4,Active,Lucknow
601,Ravi Tiwari,50,Female,HR,HR Executive,61000,20,2020,8.2,Active,Delhi
602,Meera Tiwari,26,Female,Finance,Financial Analyst,71000,2,2020,8.6,Active,Pune
603,Varun Tiwari,38,Female,Finance,Accountant,64000,14,2026,7.1,Active,Kanpur
604,Shreya Tiwari,29,Male,HR,Talent Acquisition Specialist,53000,11,2012,5.8,Active,Delhi
605,Akash Tiwari,51,Male,Engineering,Software Engineer,85000,17,2022,5.5,Active,Delhi
606,Tanvi Tiwari,45,Female,HR,HR Executive,64000,9,2019,8.1,Active,Bangalore
607,Yash Tiwari,22,Female,Finance,Senior Financial Analyst,106000,0,2024,7.7,Active,Noida
608,Nandini Tiwari,32,Female,Sales,Sales Manager,99000,14,2019,7.4,Active,Delhi
609,Mohit Tiwari,49,Female,Finance,Senior Financial Analyst,92000,9,2014,5.1,Active,Bangalore
610,Divya Tiwari,43,Female,Marketing,Digital Marketing Manager,71000,9,2025,6.5,Active,Lucknow
611,Rahul Joshi,35,Female,Sales,Sales Manager,77000,0,2023,7.0,Active,Pune
612,Priya Joshi,45,Female,Finance,Financial Analyst,78000,7,2017,6.4,Active,Lucknow
613,Amit Joshi,47,Male,Engineering,Senior Engineer,89000,6,2019,8.2,Active,Lucknow
614,Neha Joshi,52,Male,Finance,Financial Analyst,60000,6,2011,5.9,Active,Lucknow
615,Rohan Joshi,29,Male,Marketing,Digital Marketing Manager,71000,11,2017,5.8,Active,Hyderabad
616,Arjun Joshi,47,Female,Marketing,Marketing Analyst,70000,9,2011,5.4,Active,Bangalore
617,Ananya Joshi,24,Male,Marketing,Marketing Executive,63000,4,2025,6.0,On Leave,Pune
618,Vikram Joshi,21,Male,HR,HR Manager,94000,0,2017,6.0,Active,Delhi
619,Sneha Joshi,54,Female,HR,HR Manager,91000,21,2019,5.8,Active,Noida
620,Karan Joshi,54,Female,Finance,Senior Financial Analyst,95000,3,2016,9.4,On Leave,Mumbai
621,Pooja Joshi,28,Female,Marketing,Marketing Analyst,55000,3,2015,7.9,Active,Mumbai
622,Aditya Joshi,21,Female,Sales,Business Development Executive,76000,0,2014,8.9,Active,Chennai
623,Nikhil Joshi,26,Female,Sales,Sales Manager,69000,10,2011,8.2,Active,Delhi
624,Kavya Joshi,29,Male,HR,HR Manager,88000,7,2024,5.1,Active,Bangalore
625,Riya Joshi,37,Female,Marketing,Digital Marketing Manager,99000,1,2019,5.9,Active,Hyderabad
626,Sahil Joshi,41,Male,Marketing,Marketing Analyst,83000,23,2015,7.7,Active,Lucknow
627,Simran Joshi,55,Female,Marketing,Marketing Executive,66000,11,2026,8.7,On Leave,Gurgaon
628,Manish Joshi,44,Female,Sales,Sales Executive,51000,24,2012,5.9,Active,Noida
629,Aarav Joshi,30,Male,Finance,Senior Financial Analyst,102000,9,2020,5.5,Active,Kanpur
630,Ishita Joshi,29,Male,Engineering,Senior Engineer,87000,2,2025,5.5,Active,Pune
631,Ravi Joshi,52,Female,Sales,Business Development Executive,62000,16,2011,6.1,Active,Kanpur
632,Meera Joshi,34,Female,Engineering,Data Engineer,74000,15,2021,9.1,Active,Kanpur
633,Varun Joshi,38,Male,Engineering,Software Engineer,87000,16,2019,9.7,Inactive,Delhi
634,Shreya Joshi,27,Male,HR,Talent Acquisition Specialist,58000,11,2016,7.6,Active,Bangalore
635,Akash Joshi,47,Female,Engineering,DevOps Engineer,93000,23,2024,9.4,Active,Bangalore
636,Tanvi Joshi,46,Female,Finance,Accountant,50000,16,2024,9.5,Active,Hyderabad
637,Yash Joshi,44,Male,Marketing,Digital Marketing Manager,91000,13,2017,6.9,Active,Lucknow
638,Nandini Joshi,44,Female,Marketing,Marketing Analyst,55000,14,2011,8.0,Active,Lucknow
639,Mohit Joshi,21,Female,HR,HR Executive,50000,2,2010,9.6,Active,Gurgaon
640,Divya Joshi,30,Male,Engineering,Data Engineer,93000,1,2014,6.3,On Leave,Mumbai
641,Rahul Sinha,35,Male,Finance,Financial Analyst,76000,8,2016,8.6,Active,Bangalore
642,Priya Sinha,52,Male,Sales,Sales Executive,60000,26,2019,8.7,Active,Delhi
643,Amit Sinha,24,Male,Finance,Senior Financial Analyst,102000,5,2013,8.7,On Leave,Kanpur
644,Neha Sinha,45,Male,Finance,Accountant,46000,1,2020,6.6,Active,Bangalore
645,Rohan Sinha,24,Male,Marketing,Digital Marketing Manager,108000,6,2026,6.1,Active,Pune
646,Arjun Sinha,30,Female,Finance,Financial Analyst,81000,2,2011,6.3,Active,Pune
647,Ananya Sinha,29,Female,HR,HR Manager,78000,12,2025,8.3,Active,Gurgaon
648,Vikram Sinha,54,Female,HR,HR Executive,49000,7,2023,8.4,Active,Delhi
649,Sneha Sinha,47,Female,Finance,Senior Financial Analyst,87000,13,2020,8.0,Active,Lucknow
650,Karan Sinha,31,Male,Sales,Sales Manager,75000,11,2024,9.6,Active,Hyderabad
651,Pooja Sinha,30,Male,Engineering,Software Engineer,84000,12,2011,9.7,Inactive,Lucknow
652,Aditya Sinha,21,Male,Engineering,Tech Lead,124000,2,2025,6.7,Active,Mumbai
653,Nikhil Sinha,34,Male,Sales,Sales Manager,101000,17,2025,8.5,Active,Pune
654,Kavya Sinha,54,Male,Finance,Financial Analyst,54000,1,2019,8.9,Active,Kanpur
655,Riya Sinha,50,Female,Engineering,Software Engineer,73000,20,2018,9.3,Active,Pune
656,Sahil Sinha,35,Female,Sales,Business Development Executive,52000,12,2020,9.3,Active,Bangalore
657,Simran Sinha,33,Male,Marketing,Digital Marketing Manager,71000,16,2011,9.6,Active,Chennai
658,Manish Sinha,46,Female,HR,HR Executive,51000,23,2021,8.1,Active,Noida
659,Aarav Sinha,38,Male,Finance,Senior Financial Analyst,77000,1,2018,5.8,On Leave,Bangalore
660,Ishita Sinha,26,Male,Sales,Business Development Executive,60000,6,2023,7.9,Active,Lucknow
661,Ravi Sinha,42,Male,Sales,Sales Executive,47000,14,2014,9.3,Active,Noida
662,Meera Sinha,29,Female,HR,Talent Acquisition Specialist,64000,6,2015,5.3,Active,Delhi
663,Varun Sinha,32,Female,HR,Talent Acquisition Specialist,46000,10,2020,9.8,Active,Lucknow
664,Shreya Sinha,30,Male,HR,HR Executive,44000,12,2015,8.8,Active,Lucknow
665,Akash Sinha,35,Female,HR,HR Executive,63000,19,2010,5.4,Active,Bangalore
666,Tanvi Sinha,53,Female,Sales,Sales Manager,90000,27,2015,7.5,Active,Mumbai
667,Yash Sinha,35,Male,Marketing,Marketing Executive,54000,1,2023,8.7,Inactive,Mumbai
668,Nandini Sinha,25,Female,Marketing,Digital Marketing Manager,102000,2,2020,9.4,Active,Kanpur
669,Mohit Sinha,45,Male,Finance,Senior Financial Analyst,109000,23,2011,7.3,On Leave,Kanpur
670,Divya Sinha,36,Male,Sales,Sales Manager,68000,16,2022,5.9,Active,Lucknow
671,Rahul Pandey,39,Male,HR,HR Manager,84000,14,2011,7.3,Active,Delhi
672,Priya Pandey,53,Female,HR,Talent Acquisition Specialist,74000,3,2014,7.1,Active,Bangalore
673,Amit Pandey,50,Female,HR,HR Manager,71000,18,2018,8.5,Inactive,Bangalore
674,Neha Pandey,28,Female,Engineering,Data Engineer,94000,1,2012,8.6,Inactive,Gurgaon
675,Rohan Pandey,31,Female,Sales,Sales Manager,68000,12,2015,7.8,Active,Bangalore
676,Arjun Pandey,31,Female,HR,Talent Acquisition Specialist,47000,4,2023,6.5,Active,Chennai
677,Ananya Pandey,39,Male,HR,HR Executive,44000,20,2016,8.1,Active,Chennai
678,Vikram Pandey,52,Male,Marketing,Digital Marketing Manager,70000,27,2025,6.1,Active,Chennai
679,Sneha Pandey,47,Male,Engineering,DevOps Engineer,109000,14,2010,9.4,Active,Noida
680,Karan Pandey,34,Male,HR,HR Executive,42000,1,2021,5.7,Active,Gurgaon
681,Pooja Pandey,40,Male,Engineering,Software Engineer,64000,10,2023,5.8,Active,Gurgaon
682,Aditya Pandey,32,Female,Sales,Sales Manager,67000,14,2012,6.6,On Leave,Delhi
683,Nikhil Pandey,48,Male,Sales,Sales Executive,50000,26,2025,5.6,On Leave,Hyderabad
684,Kavya Pandey,54,Male,Sales,Sales Executive,63000,13,2016,5.5,Active,Noida
685,Riya Pandey,26,Female,Sales,Business Development Executive,64000,7,2023,6.3,Active,Gurgaon
686,Sahil Pandey,43,Female,Sales,Business Development Executive,78000,4,2026,7.5,Active,Gurgaon
687,Simran Pandey,35,Female,HR,HR Executive,44000,9,2010,8.1,Active,Mumbai
688,Manish Pandey,47,Male,Engineering,Tech Lead,118000,13,2016,8.2,Active,Lucknow
689,Aarav Pandey,25,Male,Finance,Accountant,63000,4,2020,5.6,Active,Pune
690,Ishita Pandey,22,Female,HR,HR Executive,51000,6,2020,9.6,Active,Bangalore
691,Ravi Pandey,51,Female,Marketing,Digital Marketing Manager,92000,4,2024,9.6,Active,Noida
692,Meera Pandey,40,Male,Finance,Accountant,63000,18,2010,7.9,Active,Hyderabad
693,Varun Pandey,25,Male,Finance,Financial Analyst,72000,2,2022,7.9,Active,Gurgaon
694,Shreya Pandey,28,Male,Finance,Accountant,73000,12,2020,6.4,Active,Mumbai
695,Akash Pandey,44,Male,Finance,Financial Analyst,84000,14,2019,5.6,Active,Mumbai
696,Tanvi Pandey,26,Male,Sales,Sales Executive,66000,7,2025,6.0,Inactive,Noida
697,Yash Pandey,40,Male,Finance,Financial Analyst,56000,24,2026,6.0,Active,Pune
698,Nandini Pandey,54,Female,Engineering,Tech Lead,98000,3,2012,7.3,Active,Noida
699,Mohit Pandey,40,Male,Sales,Sales Manager,79000,0,2020,6.0,Active,Hyderabad
700,Divya Pandey,49,Female,Engineering,Tech Lead,105000,21,2015,5.6,Inactive,Noida
701,Rahul Sharma,53,Female,HR,Talent Acquisition Specialist,56000,3,2020,5.7,Active,Lucknow
702,Priya Sharma,36,Female,Engineering,Tech Lead,135000,5,2020,5.3,Active,Kanpur
703,Amit Sharma,27,Male,Engineering,Software Engineer,74000,6,2022,8.5,On Leave,Chennai
704,Neha Sharma,43,Female,Finance,Financial Analyst,85000,9,2012,7.8,Active,Chennai
705,Rohan Sharma,27,Female,Finance,Accountant,66000,7,2024,6.2,Active,Gurgaon
706,Arjun Sharma,37,Female,Marketing,Marketing Executive,68000,11,2020,7.3,Active,Chennai
707,Ananya Sharma,28,Female,Marketing,Marketing Analyst,83000,5,2015,8.8,Active,Bangalore
708,Vikram Sharma,53,Male,Marketing,Digital Marketing Manager,77000,3,2020,9.0,Active,Pune
709,Sneha Sharma,47,Female,Sales,Sales Executive,58000,7,2015,6.9,Active,Gurgaon
710,Karan Sharma,48,Male,Marketing,Digital Marketing Manager,92000,25,2017,8.3,Active,Gurgaon
711,Pooja Sharma,52,Male,Sales,Business Development Executive,75000,3,2020,9.1,Active,Pune
712,Aditya Sharma,25,Female,Engineering,DevOps Engineer,95000,9,2020,8.2,Active,Mumbai
713,Nikhil Sharma,29,Female,Engineering,Senior Engineer,90000,9,2024,6.9,Active,Mumbai
714,Kavya Sharma,34,Female,Finance,Accountant,71000,10,2019,8.6,Inactive,Delhi
715,Riya Sharma,21,Male,Sales,Sales Manager,73000,4,2019,6.8,Active,Kanpur
716,Sahil Sharma,21,Male,Sales,Sales Manager,72000,5,2019,6.2,Active,Pune
717,Simran Sharma,41,Male,Marketing,Marketing Analyst,68000,22,2023,8.3,Active,Mumbai
718,Manish Sharma,45,Male,Finance,Senior Financial Analyst,85000,26,2019,5.7,Active,Kanpur
719,Aarav Sharma,30,Male,Marketing,Digital Marketing Manager,99000,11,2014,5.7,On Leave,Chennai
720,Ishita Sharma,48,Female,HR,HR Manager,98000,19,2023,6.9,Active,Pune
721,Ravi Sharma,21,Female,Marketing,Digital Marketing Manager,86000,4,2026,7.1,Active,Hyderabad
722,Meera Sharma,23,Female,Sales,Sales Manager,89000,0,2013,9.8,Active,Noida
723,Varun Sharma,38,Male,Sales,Sales Executive,57000,14,2012,7.4,Active,Delhi
724,Shreya Sharma,55,Male,Sales,Sales Manager,68000,25,2020,7.3,Active,Chennai
725,Akash Sharma,42,Male,Finance,Senior Financial Analyst,94000,13,2015,8.5,Active,Lucknow
726,Tanvi Sharma,37,Female,Marketing,Digital Marketing Manager,81000,1,2011,9.0,Active,Lucknow
727,Yash Sharma,52,Female,HR,Talent Acquisition Specialist,48000,2,2018,5.7,Active,Lucknow
728,Nandini Sharma,21,Female,Engineering,DevOps Engineer,81000,5,2014,6.8,Active,Mumbai
729,Mohit Sharma,52,Male,Sales,Sales Executive,51000,5,2012,8.0,On Leave,Chennai
730,Divya Sharma,47,Male,Marketing,Marketing Executive,67000,24,2024,6.1,Active,Hyderabad
731,Rahul Verma,24,Female,Engineering,Software Engineer,65000,4,2024,7.4,Active,Noida
732,Priya Verma,35,Female,Marketing,Marketing Analyst,64000,12,2014,5.1,Inactive,Chennai
733,Amit Verma,45,Male,Finance,Accountant,67000,21,2011,9.6,Active,Pune
734,Neha Verma,38,Female,Finance,Senior Financial Analyst,81000,10,2018,7.3,Active,Mumbai
735,Rohan Verma,33,Female,Finance,Accountant,68000,16,2015,7.7,Active,Delhi
736,Arjun Verma,21,Female,Engineering,DevOps Engineer,77000,3,2024,6.1,Active,Mumbai
737,Ananya Verma,23,Male,Sales,Sales Executive,42000,0,2016,8.5,Active,Gurgaon
738,Vikram Verma,29,Male,Sales,Sales Executive,69000,6,2013,6.3,Active,Delhi
739,Sneha Verma,50,Male,Finance,Senior Financial Analyst,96000,29,2018,8.9,Active,Kanpur
740,Karan Verma,45,Male,Finance,Financial Analyst,67000,12,2018,7.2,Active,Mumbai
741,Pooja Verma,46,Male,Marketing,Marketing Executive,50000,5,2023,8.1,Active,Chennai
742,Aditya Verma,37,Female,Engineering,Software Engineer,62000,3,2018,5.1,Active,Kanpur
743,Nikhil Verma,23,Male,Finance,Financial Analyst,72000,6,2022,7.6,Inactive,Chennai
744,Kavya Verma,51,Male,Marketing,Digital Marketing Manager,75000,13,2017,6.9,Active,Chennai
745,Riya Verma,28,Female,Sales,Sales Manager,87000,9,2019,5.3,Inactive,Delhi
746,Sahil Verma,44,Male,Finance,Financial Analyst,80000,17,2019,5.9,Active,Pune
747,Simran Verma,33,Female,Marketing,Marketing Executive,66000,9,2021,5.4,Active,Mumbai
748,Manish Verma,29,Female,HR,HR Executive,64000,0,2017,6.9,Active,Lucknow
749,Aarav Verma,52,Male,Marketing,Marketing Executive,46000,17,2020,6.7,Active,Pune
750,Ishita Verma,28,Male,Sales,Sales Manager,100000,3,2014,9.6,Active,Bangalore
751,Ravi Verma,52,Male,Engineering,Data Engineer,73000,20,2017,5.1,Active,Lucknow
752,Meera Verma,27,Male,Sales,Sales Executive,67000,7,2012,5.6,Active,Gurgaon
753,Varun Verma,35,Female,HR,HR Manager,87000,2,2022,5.6,Active,Noida
754,Shreya Verma,29,Female,HR,HR Executive,59000,5,2015,5.3,Active,Pune
755,Akash Verma,31,Male,Sales,Sales Executive,54000,11,2017,5.7,Active,Gurgaon
756,Tanvi Verma,45,Male,HR,HR Executive,56000,24,2012,5.0,Inactive,Gurgaon
757,Yash Verma,39,Male,Marketing,Digital Marketing Manager,78000,13,2016,8.2,Active,Pune
758,Nandini Verma,36,Female,Sales,Business Development Executive,47000,5,2015,8.1,Active,Lucknow
759,Mohit Verma,43,Male,Engineering,DevOps Engineer,85000,13,2016,9.9,Inactive,Gurgaon
760,Divya Verma,44,Male,Sales,Business Development Executive,59000,27,2024,6.4,Active,Bangalore
761,Rahul Singh,51,Male,HR,HR Executive,62000,15,2011,8.2,Active,Pune
762,Priya Singh,37,Male,Sales,Sales Manager,68000,10,2013,9.6,Active,Kanpur
763,Amit Singh,52,Female,Engineering,Software Engineer,89000,16,2017,8.0,Active,Mumbai
764,Neha Singh,41,Male,Engineering,Tech Lead,110000,7,2013,8.7,On Leave,Pune
765,Rohan Singh,35,Female,Marketing,Digital Marketing Manager,102000,2,2011,5.7,Inactive,Chennai
766,Arjun Singh,32,Female,Finance,Financial Analyst,80000,12,2016,9.9,Active,Bangalore
767,Ananya Singh,23,Female,Finance,Financial Analyst,57000,0,2024,7.1,Active,Mumbai
768,Vikram Singh,39,Male,HR,Talent Acquisition Specialist,65000,19,2015,5.4,On Leave,Chennai
769,Sneha Singh,34,Female,Marketing,Marketing Analyst,64000,18,2010,8.7,Active,Hyderabad
770,Karan Singh,48,Female,HR,Talent Acquisition Specialist,50000,18,2010,9.9,Active,Chennai
771,Pooja Singh,53,Male,Marketing,Digital Marketing Manager,96000,1,2025,7.3,Active,Noida
772,Aditya Singh,21,Female,Marketing,Marketing Executive,49000,5,2021,6.2,Inactive,Kanpur
773,Nikhil Singh,51,Female,Finance,Financial Analyst,80000,21,2010,7.3,Active,Pune
774,Kavya Singh,32,Female,Marketing,Digital Marketing Manager,70000,11,2012,9.5,Active,Kanpur
775,Riya Singh,39,Male,Finance,Accountant,65000,13,2016,8.1,Active,Kanpur
776,Sahil Singh,53,Female,Finance,Financial Analyst,57000,30,2022,7.3,Active,Hyderabad
777,Simran Singh,32,Female,Sales,Business Development Executive,58000,2,2014,6.2,Active,Chennai
778,Manish Singh,34,Female,Finance,Senior Financial Analyst,93000,7,2026,6.4,Active,Hyderabad
779,Aarav Singh,49,Female,Sales,Business Development Executive,53000,15,2025,7.3,Active,Delhi
780,Ishita Singh,33,Female,Engineering,Software Engineer,73000,14,2015,9.8,Active,Bangalore
781,Ravi Singh,38,Male,HR,HR Manager,75000,3,2016,6.5,Inactive,Noida
782,Meera Singh,29,Female,Finance,Senior Financial Analyst,104000,7,2010,5.9,Active,Mumbai
783,Varun Singh,54,Female,Finance,Senior Financial Analyst,97000,20,2020,8.0,Active,Noida
784,Shreya Singh,49,Male,Finance,Accountant,49000,14,2019,8.9,Active,Hyderabad
785,Akash Singh,39,Male,HR,HR Manager,84000,1,2024,8.1,Active,Noida
786,Tanvi Singh,39,Male,HR,Talent Acquisition Specialist,68000,5,2014,6.2,Active,Hyderabad
787,Yash Singh,29,Male,Finance,Senior Financial Analyst,87000,7,2016,8.3,Inactive,Bangalore
788,Nandini Singh,44,Male,Sales,Sales Executive,57000,14,2019,9.6,Active,Chennai
789,Mohit Singh,30,Female,Finance,Financial Analyst,50000,7,2026,8.2,Active,Lucknow
790,Divya Singh,30,Male,Sales,Business Development Executive,74000,12,2020,8.7,Inactive,Bangalore
791,Rahul Gupta,28,Female,Engineering,Data Engineer,84000,4,2024,5.5,Active,Mumbai
792,Priya Gupta,54,Female,Finance,Financial Analyst,51000,7,2012,8.4,Inactive,Noida
793,Amit Gupta,46,Male,Marketing,Marketing Analyst,75000,6,2026,9.5,Active,Bangalore
794,Neha Gupta,48,Female,Marketing,Marketing Analyst,55000,11,2019,6.8,Inactive,Noida
795,Rohan Gupta,26,Female,Marketing,Digital Marketing Manager,97000,3,2024,5.8,Active,Pune
796,Arjun Gupta,47,Male,Sales,Business Development Executive,51000,4,2014,6.5,Inactive,Noida
797,Ananya Gupta,42,Female,Sales,Sales Manager,71000,2,2010,8.2,Active,Bangalore
798,Vikram Gupta,50,Female,Sales,Sales Executive,47000,22,2015,6.4,Active,Lucknow
799,Sneha Gupta,40,Male,Sales,Business Development Executive,75000,15,2017,9.0,Active,Lucknow
800,Karan Gupta,51,Male,Finance,Senior Financial Analyst,87000,3,2025,5.1,Active,Chennai
801,Pooja Gupta,25,Female,Finance,Accountant,61000,9,2023,8.1,Active,Delhi
802,Aditya Gupta,44,Male,Sales,Sales Executive,68000,16,2018,7.9,Active,Chennai
803,Nikhil Gupta,29,Female,HR,HR Executive,49000,5,2021,8.2,Inactive,Kanpur
804,Kavya Gupta,39,Male,Sales,Business Development Executive,50000,9,2026,8.8,Active,Delhi
805,Riya Gupta,31,Female,Finance,Accountant,71000,10,2019,8.4,Active,Delhi
806,Sahil Gupta,55,Female,Finance,Financial Analyst,51000,18,2014,6.9,Active,Hyderabad
807,Simran Gupta,31,Male,HR,HR Executive,56000,3,2017,9.0,Active,Noida
808,Manish Gupta,55,Female,Sales,Business Development Executive,52000,22,2023,9.6,Active,Bangalore
809,Aarav Gupta,22,Female,Finance,Senior Financial Analyst,99000,3,2014,9.4,Active,Hyderabad
810,Ishita Gupta,32,Male,Engineering,Software Engineer,67000,9,2014,8.4,Active,Mumbai
811,Ravi Gupta,29,Male,Marketing,Digital Marketing Manager,77000,1,2012,8.9,Active,Kanpur
812,Meera Gupta,33,Female,Engineering,DevOps Engineer,109000,3,2011,5.6,Active,Delhi
813,Varun Gupta,40,Male,Engineering,Software Engineer,86000,21,2013,7.9,Active,Hyderabad
814,Shreya Gupta,22,Female,HR,Talent Acquisition Specialist,54000,0,2021,5.8,Active,Gurgaon
815,Akash Gupta,36,Male,Sales,Sales Executive,43000,16,2010,8.6,Inactive,Bangalore
816,Tanvi Gupta,55,Female,Engineering,Senior Engineer,113000,0,2025,8.5,Active,Delhi
817,Yash Gupta,32,Male,Marketing,Marketing Analyst,62000,11,2026,7.0,Active,Hyderabad
818,Nandini Gupta,28,Female,Engineering,DevOps Engineer,79000,7,2025,8.5,Active,Kanpur
819,Mohit Gupta,26,Female,Marketing,Marketing Executive,58000,5,2019,8.0,Active,Chennai
820,Divya Gupta,35,Male,Marketing,Marketing Analyst,83000,17,2023,9.3,On Leave,Chennai
821,Rahul Kumar,44,Female,Engineering,Data Engineer,77000,5,2022,7.6,Active,Delhi
822,Priya Kumar,30,Male,Marketing,Digital Marketing Manager,109000,6,2013,5.3,Inactive,Hyderabad
823,Amit Kumar,33,Female,Engineering,Senior Engineer,108000,12,2025,8.8,Active,Gurgaon
824,Neha Kumar,38,Female,Marketing,Marketing Analyst,71000,20,2022,7.6,Active,Chennai
825,Rohan Kumar,27,Male,Finance,Senior Financial Analyst,108000,1,2017,5.1,Active,Delhi
826,Arjun Kumar,52,Male,Engineering,Senior Engineer,105000,21,2020,6.5,Active,Delhi
827,Ananya Kumar,54,Female,Marketing,Marketing Analyst,62000,24,2019,7.5,Active,Hyderabad
828,Vikram Kumar,55,Female,Engineering,Software Engineer,74000,17,2013,7.3,On Leave,Chennai
829,Sneha Kumar,50,Male,Engineering,Senior Engineer,116000,1,2019,7.5,Active,Pune
830,Karan Kumar,52,Female,Engineering,DevOps Engineer,114000,24,2025,7.4,On Leave,Noida
831,Pooja Kumar,24,Female,Finance,Senior Financial Analyst,100000,6,2021,6.6,Active,Kanpur
832,Aditya Kumar,29,Female,Finance,Senior Financial Analyst,77000,13,2020,5.5,Active,Hyderabad
833,Nikhil Kumar,47,Female,Engineering,Senior Engineer,96000,11,2017,8.0,Inactive,Delhi
834,Kavya Kumar,40,Male,Finance,Financial Analyst,51000,3,2020,7.3,On Leave,Gurgaon
835,Riya Kumar,53,Male,Marketing,Marketing Analyst,56000,28,2025,9.9,Active,Pune
836,Sahil Kumar,41,Female,Engineering,Data Engineer,77000,18,2016,7.5,On Leave,Hyderabad
837,Simran Kumar,31,Male,Finance,Senior Financial Analyst,88000,9,2025,9.2,Active,Lucknow
838,Manish Kumar,37,Male,Finance,Accountant,58000,1,2017,8.6,Active,Gurgaon
839,Aarav Kumar,42,Female,Engineering,DevOps Engineer,105000,8,2025,6.0,Active,Lucknow
840,Ishita Kumar,53,Female,Finance,Senior Financial Analyst,96000,25,2016,7.0,Active,Chennai
841,Ravi Kumar,32,Male,Sales,Sales Executive,59000,0,2025,8.3,On Leave,Chennai
842,Meera Kumar,38,Male,Sales,Business Development Executive,73000,20,2011,6.8,Active,Bangalore
843,Varun Kumar,40,Male,Marketing,Marketing Analyst,83000,13,2012,9.2,Active,Lucknow
844,Shreya Kumar,31,Male,Sales,Sales Executive,53000,8,2017,5.7,Active,Lucknow
845,Akash Kumar,50,Male,Sales,Sales Manager,93000,15,2011,5.8,Active,Lucknow
846,Tanvi Kumar,38,Female,Sales,Sales Executive,61000,21,2011,8.9,Active,Delhi
847,Yash Kumar,41,Male,Finance,Financial Analyst,77000,19,2021,7.0,On Leave,Bangalore
848,Nandini Kumar,36,Female,Sales,Business Development Executive,78000,3,2013,7.5,Active,Gurgaon
849,Mohit Kumar,28,Female,Finance,Senior Financial Analyst,101000,12,2017,6.1,Active,Mumbai
850,Divya Kumar,38,Female,Marketing,Marketing Analyst,83000,14,2011,7.7,Active,Delhi
851,Rahul Chauhan,41,Female,Marketing,Marketing Analyst,77000,17,2017,9.4,Inactive,Hyderabad
852,Priya Chauhan,51,Male,Finance,Senior Financial Analyst,76000,22,2011,8.5,Active,Mumbai
853,Amit Chauhan,37,Male,Marketing,Marketing Analyst,76000,17,2021,7.7,Active,Chennai
854,Neha Chauhan,45,Male,Marketing,Marketing Analyst,65000,0,2012,6.5,On Leave,Bangalore
855,Rohan Chauhan,49,Female,Finance,Accountant,58000,20,2011,9.3,On Leave,Chennai
856,Arjun Chauhan,51,Male,Marketing,Marketing Analyst,79000,23,2023,9.1,Active,Noida
857,Ananya Chauhan,25,Female,Marketing,Digital Marketing Manager,106000,5,2020,8.5,Active,Bangalore
858,Vikram Chauhan,49,Female,HR,HR Executive,53000,25,2016,6.6,Active,Bangalore
859,Sneha Chauhan,36,Female,HR,Talent Acquisition Specialist,67000,16,2023,7.3,On Leave,Bangalore
860,Karan Chauhan,37,Male,Sales,Sales Manager,83000,5,2016,7.1,Active,Pune
861,Pooja Chauhan,35,Male,Engineering,DevOps Engineer,112000,0,2017,9.9,Active,Bangalore
862,Aditya Chauhan,24,Male,Sales,Sales Manager,104000,6,2018,5.4,Active,Gurgaon
863,Nikhil Chauhan,28,Male,Sales,Sales Manager,95000,0,2025,6.1,Active,Lucknow
864,Kavya Chauhan,39,Male,Marketing,Marketing Analyst,59000,23,2023,8.0,Inactive,Lucknow
865,Riya Chauhan,33,Female,HR,HR Manager,75000,13,2010,9.9,Active,Chennai
866,Sahil Chauhan,36,Male,Sales,Business Development Executive,75000,11,2012,7.3,On Leave,Pune
867,Simran Chauhan,34,Male,Marketing,Digital Marketing Manager,109000,12,2018,5.5,Active,Hyderabad
868,Manish Chauhan,36,Male,Finance,Accountant,67000,15,2011,6.3,Active,Lucknow
869,Aarav Chauhan,46,Female,Finance,Financial Analyst,53000,21,2015,5.8,Active,Hyderabad
870,Ishita Chauhan,50,Female,Engineering,Tech Lead,142000,4,2026,5.7,Active,Kanpur
871,Ravi Chauhan,29,Female,Finance,Accountant,57000,7,2023,9.5,Active,Lucknow
872,Meera Chauhan,54,Male,Marketing,Marketing Executive,55000,10,2025,7.8,Inactive,Chennai
873,Varun Chauhan,24,Male,HR,HR Executive,48000,3,2015,7.4,Active,Chennai
874,Shreya Chauhan,48,Female,Marketing,Marketing Executive,59000,3,2021,7.3,Active,Bangalore
875,Akash Chauhan,28,Male,Engineering,Senior Engineer,99000,5,2015,8.7,On Leave,Gurgaon
876,Tanvi Chauhan,34,Female,Engineering,DevOps Engineer,107000,18,2015,9.6,Active,Chennai
877,Yash Chauhan,27,Female,Engineering,Tech Lead,140000,5,2013,6.9,Inactive,Delhi
878,Nandini Chauhan,41,Female,Engineering,Software Engineer,75000,4,2025,8.1,Active,Kanpur
879,Mohit Chauhan,42,Male,Sales,Sales Manager,86000,1,2014,9.3,On Leave,Lucknow
880,Divya Chauhan,41,Male,Engineering,Software Engineer,78000,25,2022,7.0,Active,Pune
881,Rahul Patel,26,Female,HR,HR Executive,53000,0,2022,8.2,Inactive,Bangalore
882,Priya Patel,28,Male,Marketing,Marketing Analyst,79000,4,2019,6.8,Active,Hyderabad
883,Amit Patel,53,Female,Marketing,Marketing Analyst,84000,6,2022,6.3,Active,Delhi
884,Neha Patel,48,Female,Finance,Accountant,51000,25,2023,5.5,Active,Chennai
885,Rohan Patel,35,Female,Marketing,Digital Marketing Manager,104000,4,2012,7.3,Active,Chennai
886,Arjun Patel,40,Male,HR,Talent Acquisition Specialist,75000,4,2019,7.6,Active,Kanpur
887,Ananya Patel,25,Female,Sales,Sales Executive,57000,0,2023,5.5,Active,Gurgaon
888,Vikram Patel,37,Male,Finance,Accountant,48000,11,2026,5.6,Active,Bangalore
889,Sneha Patel,32,Female,Engineering,Software Engineer,74000,12,2019,7.9,Active,Chennai
890,Karan Patel,37,Female,HR,HR Executive,46000,10,2012,9.4,Active,Noida
891,Pooja Patel,22,Female,Marketing,Marketing Executive,45000,0,2015,7.3,Active,Gurgaon
892,Aditya Patel,52,Female,Sales,Business Development Executive,69000,9,2022,5.4,Active,Mumbai
893,Nikhil Patel,28,Male,HR,HR Executive,47000,0,2025,8.2,Active,Noida
894,Kavya Patel,33,Female,Finance,Senior Financial Analyst,85000,2,2025,5.1,Active,Bangalore
895,Riya Patel,49,Male,Marketing,Marketing Analyst,56000,30,2024,6.0,Active,Pune
896,Sahil Patel,24,Female,Engineering,Software Engineer,81000,5,2023,9.2,Active,Gurgaon
897,Simran Patel,39,Female,Marketing,Marketing Analyst,71000,1,2026,6.2,Active,Kanpur
898,Manish Patel,48,Female,Finance,Accountant,47000,18,2018,9.4,Active,Gurgaon
899,Aarav Patel,43,Male,Marketing,Marketing Executive,50000,14,2019,7.3,Active,Noida
900,Ishita Patel,35,Male,Finance,Accountant,73000,18,2024,9.4,Active,Pune
901,Ravi Patel,47,Female,Finance,Senior Financial Analyst,86000,26,2016,8.5,Active,Chennai
902,Meera Patel,29,Male,HR,HR Executive,60000,2,2025,9.0,Inactive,Chennai
903,Varun Patel,40,Female,HR,Talent Acquisition Specialist,47000,7,2010,9.4,Active,Bangalore
904,Shreya Patel,32,Male,Engineering,Software Engineer,71000,16,2023,8.1,Active,Mumbai
905,Akash Patel,52,Male,Finance,Senior Financial Analyst,78000,8,2018,9.3,On Leave,Gurgaon
906,Tanvi Patel,27,Male,Engineering,Data Engineer,100000,11,2013,8.9,Active,Delhi
907,Yash Patel,23,Female,HR,Talent Acquisition Specialist,49000,1,2016,5.8,Active,Chennai
908,Nandini Patel,53,Male,Engineering,Senior Engineer,104000,15,2020,5.6,Active,Pune
909,Mohit Patel,21,Male,Marketing,Marketing Analyst,64000,1,2026,5.4,Active,Pune
910,Divya Patel,44,Female,HR,HR Executive,65000,20,2026,8.9,Active,Pune
911,Rahul Mishra,47,Female,Marketing,Marketing Analyst,83000,29,2026,9.7,Active,Kanpur
912,Priya Mishra,54,Female,Engineering,Software Engineer,71000,30,2020,9.9,Active,Kanpur
913,Amit Mishra,46,Female,Engineering,Senior Engineer,118000,24,2011,7.1,On Leave,Noida
914,Neha Mishra,40,Male,Finance,Senior Financial Analyst,76000,23,2018,8.5,Active,Mumbai
915,Rohan Mishra,55,Female,Sales,Business Development Executive,74000,19,2021,8.9,On Leave,Delhi
916,Arjun Mishra,23,Female,Marketing,Digital Marketing Manager,78000,5,2026,6.1,Active,Lucknow
917,Ananya Mishra,54,Male,HR,HR Executive,41000,10,2018,9.2,Active,Pune
918,Vikram Mishra,53,Female,Engineering,Tech Lead,112000,3,2026,5.6,Active,Delhi
919,Sneha Mishra,49,Female,Sales,Business Development Executive,45000,9,2024,9.9,On Leave,Gurgaon
920,Karan Mishra,55,Female,Sales,Sales Executive,51000,27,2019,8.3,On Leave,Gurgaon
921,Pooja Mishra,29,Female,Marketing,Digital Marketing Manager,86000,11,2013,7.6,Active,Hyderabad
922,Aditya Mishra,50,Male,HR,Talent Acquisition Specialist,59000,3,2023,5.5,Active,Bangalore
923,Nikhil Mishra,51,Female,Marketing,Marketing Executive,57000,6,2026,7.9,Active,Pune
924,Kavya Mishra,37,Female,Marketing,Digital Marketing Manager,98000,18,2024,8.7,Active,Bangalore
925,Riya Mishra,30,Male,HR,HR Manager,95000,8,2014,8.5,Active,Kanpur
926,Sahil Mishra,31,Male,Engineering,DevOps Engineer,97000,11,2013,6.8,Active,Noida
927,Simran Mishra,30,Female,Finance,Senior Financial Analyst,100000,1,2019,7.4,Active,Bangalore
928,Manish Mishra,47,Female,Finance,Senior Financial Analyst,89000,1,2015,5.0,Active,Delhi
929,Aarav Mishra,23,Female,Marketing,Digital Marketing Manager,90000,6,2024,8.9,Active,Gurgaon
930,Ishita Mishra,29,Female,HR,Talent Acquisition Specialist,66000,12,2024,8.3,Active,Hyderabad
931,Ravi Mishra,26,Female,Sales,Sales Manager,90000,9,2017,6.7,Active,Chennai
932,Meera Mishra,38,Male,Engineering,Senior Engineer,82000,20,2019,8.2,Active,Gurgaon
933,Varun Mishra,55,Female,Engineering,DevOps Engineer,104000,18,2016,7.5,Active,Noida
934,Shreya Mishra,32,Male,Finance,Financial Analyst,66000,0,2024,9.0,Active,Pune
935,Akash Mishra,23,Female,Engineering,Tech Lead,124000,7,2015,5.1,Active,Pune
936,Tanvi Mishra,37,Female,Engineering,Software Engineer,78000,2,2015,5.7,Active,Delhi
937,Yash Mishra,30,Female,Marketing,Digital Marketing Manager,81000,4,2011,5.9,Active,Lucknow
938,Nandini Mishra,45,Female,Finance,Financial Analyst,77000,3,2020,6.9,On Leave,Delhi
939,Mohit Mishra,24,Female,HR,Talent Acquisition Specialist,64000,3,2017,7.5,Active,Delhi
940,Divya Mishra,38,Female,Finance,Senior Financial Analyst,102000,1,2012,5.1,Active,Kanpur
941,Rahul Agarwal,38,Male,Sales,Business Development Executive,52000,17,2017,6.5,Active,Delhi
942,Priya Agarwal,53,Female,HR,HR Manager,76000,6,2017,9.8,Active,Kanpur
943,Amit Agarwal,21,Male,Sales,Sales Manager,76000,3,2010,9.7,Active,Gurgaon
944,Neha Agarwal,37,Female,Marketing,Marketing Analyst,83000,21,2016,5.2,Active,Gurgaon
945,Rohan Agarwal,25,Female,Engineering,Data Engineer,78000,4,2014,9.4,Active,Noida
946,Arjun Agarwal,41,Female,Finance,Accountant,54000,21,2024,6.2,Inactive,Hyderabad
947,Ananya Agarwal,34,Male,Sales,Sales Manager,66000,14,2014,8.0,Active,Kanpur
948,Vikram Agarwal,32,Male,Sales,Business Development Executive,77000,13,2022,8.9,Active,Delhi
949,Sneha Agarwal,55,Female,Marketing,Digital Marketing Manager,78000,0,2021,9.1,Active,Bangalore
950,Karan Agarwal,21,Male,Marketing,Marketing Analyst,61000,0,2024,6.1,Active,Lucknow
951,Pooja Agarwal,43,Male,Engineering,DevOps Engineer,111000,6,2019,6.2,Active,Hyderabad
952,Aditya Agarwal,23,Male,Marketing,Digital Marketing Manager,110000,4,2016,6.0,On Leave,Pune
953,Nikhil Agarwal,28,Male,Sales,Business Development Executive,77000,4,2015,8.3,Active,Gurgaon
954,Kavya Agarwal,32,Male,Sales,Sales Executive,64000,2,2012,6.3,Active,Mumbai
955,Riya Agarwal,54,Female,Finance,Financial Analyst,52000,23,2018,5.0,Active,Kanpur
956,Sahil Agarwal,41,Female,Marketing,Marketing Analyst,59000,13,2026,7.5,Active,Kanpur
957,Simran Agarwal,35,Female,Finance,Senior Financial Analyst,110000,1,2024,5.0,Active,Delhi
958,Manish Agarwal,22,Male,HR,Talent Acquisition Specialist,59000,5,2012,6.0,Active,Delhi
959,Aarav Agarwal,27,Female,Marketing,Marketing Analyst,81000,0,2010,9.2,Active,Chennai
960,Ishita Agarwal,36,Male,Engineering,Tech Lead,129000,10,2017,8.9,Active,Delhi
961,Ravi Agarwal,49,Female,Engineering,Software Engineer,62000,18,2011,6.6,On Leave,Delhi
962,Meera Agarwal,29,Male,Marketing,Marketing Executive,55000,0,2023,5.5,Active,Kanpur
963,Varun Agarwal,39,Male,Marketing,Marketing Executive,65000,12,2023,9.3,Active,Gurgaon
964,Shreya Agarwal,21,Male,Marketing,Marketing Analyst,81000,3,2023,6.7,Inactive,Kanpur
965,Akash Agarwal,50,Male,Finance,Accountant,51000,16,2013,5.1,Active,Gurgaon
966,Tanvi Agarwal,33,Female,Sales,Sales Manager,88000,4,2023,8.6,Active,Mumbai
967,Yash Agarwal,29,Female,Engineering,Software Engineer,64000,12,2019,7.6,Active,Hyderabad
968,Nandini Agarwal,40,Female,Sales,Sales Executive,45000,18,2025,8.0,Active,Kanpur
969,Mohit Agarwal,54,Male,HR,HR Executive,48000,18,2026,7.1,Active,Mumbai
970,Divya Agarwal,33,Female,Finance,Financial Analyst,81000,2,2024,9.3,Active,Hyderabad
971,Rahul Jain,40,Male,Finance,Financial Analyst,57000,13,2024,7.5,Inactive,Mumbai
972,Priya Jain,35,Female,Sales,Sales Executive,48000,14,2025,9.0,Active,Pune
973,Amit Jain,32,Male,Finance,Financial Analyst,55000,0,2021,7.8,Active,Chennai
974,Neha Jain,33,Female,Engineering,Software Engineer,67000,11,2016,5.9,On Leave,Bangalore
975,Rohan Jain,42,Male,HR,HR Executive,46000,17,2010,9.2,Inactive,Kanpur
976,Arjun Jain,29,Female,Engineering,Tech Lead,109000,6,2019,6.2,On Leave,Bangalore
977,Ananya Jain,54,Male,Sales,Sales Manager,69000,25,2013,9.4,Active,Mumbai
978,Vikram Jain,33,Female,Marketing,Digital Marketing Manager,95000,17,2020,9.9,Active,Kanpur
979,Sneha Jain,33,Male,Finance,Financial Analyst,71000,17,2017,8.1,Active,Bangalore
980,Karan Jain,53,Female,Sales,Sales Manager,79000,30,2012,9.0,Active,Bangalore
981,Pooja Jain,53,Female,Sales,Sales Manager,98000,12,2026,5.9,Active,Noida
982,Aditya Jain,51,Male,Marketing,Marketing Analyst,64000,22,2022,6.0,On Leave,Chennai
983,Nikhil Jain,36,Male,HR,HR Manager,93000,12,2022,9.7,Active,Noida
984,Kavya Jain,26,Female,Engineering,Tech Lead,124000,2,2026,6.2,Active,Noida
985,Riya Jain,42,Female,Marketing,Marketing Analyst,69000,13,2023,9.0,Active,Pune
986,Sahil Jain,22,Female,Marketing,Marketing Executive,54000,1,2012,9.5,Active,Noida
987,Simran Jain,53,Male,Engineering,Tech Lead,110000,17,2013,5.4,Active,Mumbai
988,Manish Jain,42,Male,Finance,Senior Financial Analyst,95000,6,2018,8.5,Inactive,Noida
989,Aarav Jain,37,Female,Finance,Senior Financial Analyst,98000,0,2022,9.1,Active,Kanpur
990,Ishita Jain,51,Male,Sales,Sales Executive,68000,20,2022,6.1,Active,Chennai
991,Ravi Jain,35,Female,Sales,Business Development Executive,76000,16,2024,9.0,Active,Mumbai
992,Meera Jain,48,Male,Marketing,Marketing Executive,59000,24,2024,6.9,Active,Bangalore
993,Varun Jain,40,Male,Engineering,Data Engineer,93000,23,2020,7.1,Active,Pune
994,Shreya Jain,55,Male,Finance,Accountant,46000,9,2011,5.8,Inactive,Hyderabad
995,Akash Jain,46,Male,HR,HR Manager,69000,12,2022,7.4,Active,Chennai
996,Tanvi Jain,40,Male,HR,HR Executive,62000,2,2015,9.1,Active,Kanpur
997,Yash Jain,32,Male,Engineering,Data Engineer,89000,6,2016,6.5,Active,Chennai
998,Nandini Jain,24,Female,Sales,Sales Executive,46000,5,2020,7.0,Inactive,Bangalore
999,Mohit Jain,55,Male,Marketing,Digital Marketing Manager,75000,13,2022,5.6,Active,Pune
1000,Divya Jain,51,Female,Sales,Business Development Executive,65000,5,2016,6.4,Active,Bangalore
1001,Rahul Shah,49,Female,Marketing,Digital Marketing Manager,86000,2,2026,9.6,On Leave,Chennai
1002,Priya Shah,50,Female,Engineering,Software Engineer,69000,18,2024,8.5,Active,Lucknow
1003,Amit Shah,46,Female,HR,HR Manager,81000,19,2015,7.3,Inactive,Bangalore
1004,Neha Shah,27,Female,Engineering,Senior Engineer,90000,6,2018,8.3,Active,Mumbai
1005,Rohan Shah,52,Male,Sales,Sales Executive,52000,13,2012,7.5,Active,Pune
1006,Arjun Shah,49,Female,Finance,Financial Analyst,83000,5,2011,5.1,Active,Chennai
1007,Ananya Shah,45,Male,Marketing,Marketing Executive,58000,10,2011,6.3,Active,Bangalore
1008,Vikram Shah,41,Male,Marketing,Marketing Analyst,70000,21,2012,7.7,Active,Chennai
1009,Sneha Shah,29,Male,Finance,Financial Analyst,61000,7,2010,5.9,Active,Pune
1010,Karan Shah,31,Female,Engineering,Tech Lead,105000,2,2024,5.9,Active,Noida
1011,Pooja Shah,34,Female,Engineering,DevOps Engineer,112000,14,2013,8.5,Active,Gurgaon
1012,Aditya Shah,21,Male,Marketing,Marketing Executive,53000,0,2021,6.0,Active,Kanpur
1013,Nikhil Shah,21,Male,HR,Talent Acquisition Specialist,67000,2,2012,9.8,Active,Bangalore
1014,Kavya Shah,31,Female,Marketing,Digital Marketing Manager,77000,1,2020,7.8,Active,Mumbai
1015,Riya Shah,55,Male,Marketing,Marketing Executive,53000,12,2016,6.8,Active,Pune
1016,Sahil Shah,41,Male,Marketing,Marketing Executive,60000,0,2017,8.3,Active,Gurgaon
1017,Simran Shah,44,Female,Engineering,Senior Engineer,107000,1,2019,9.9,Active,Noida
1018,Manish Shah,31,Male,Engineering,DevOps Engineer,91000,8,2022,6.7,Active,Hyderabad
1019,Aarav Shah,51,Male,Finance,Financial Analyst,79000,2,2022,7.5,Active,Kanpur
1020,Ishita Shah,35,Female,Sales,Sales Executive,50000,0,2017,8.8,Active,Kanpur
1021,Ravi Shah,29,Female,Marketing,Marketing Analyst,62000,5,2014,6.0,Active,Gurgaon
1022,Meera Shah,49,Male,Finance,Financial Analyst,68000,23,2020,7.6,Inactive,Lucknow
1023,Varun Shah,22,Male,Finance,Senior Financial Analyst,91000,1,2016,9.5,Active,Mumbai
1024,Shreya Shah,35,Female,Marketing,Digital Marketing Manager,91000,19,2015,8.1,Active,Chennai
1025,Akash Shah,25,Male,Engineering,Senior Engineer,93000,3,2014,5.9,Active,Mumbai
1026,Tanvi Shah,36,Male,Engineering,Data Engineer,101000,16,2019,8.6,Active,Bangalore
1027,Yash Shah,36,Female,Finance,Accountant,60000,9,2016,9.3,Active,Hyderabad
1028,Nandini Shah,46,Female,HR,HR Manager,94000,12,2023,8.8,On Leave,Chennai
1029,Mohit Shah,22,Female,Marketing,Marketing Analyst,83000,6,2012,8.0,Active,Bangalore
1030,Divya Shah,37,Female,Marketing,Marketing Analyst,70000,12,2019,7.8,Active,Hyderabad
1031,Rahul Mehta,29,Male,Marketing,Marketing Executive,50000,11,2016,5.1,Active,Hyderabad
1032,Priya Mehta,52,Female,Marketing,Marketing Analyst,79000,12,2021,7.4,Active,Gurgaon
1033,Amit Mehta,25,Male,Engineering,Software Engineer,73000,6,2015,8.8,Inactive,Hyderabad
1034,Neha Mehta,53,Female,Marketing,Digital Marketing Manager,94000,22,2011,9.6,Active,Mumbai
1035,Rohan Mehta,51,Male,Finance,Accountant,68000,1,2010,6.3,Active,Bangalore
1036,Arjun Mehta,37,Male,Sales,Business Development Executive,56000,7,2010,8.9,Active,Pune
1037,Ananya Mehta,46,Female,Sales,Sales Executive,57000,22,2016,5.8,Active,Lucknow
1038,Vikram Mehta,53,Female,Sales,Business Development Executive,70000,30,2019,8.8,Inactive,Delhi
1039,Sneha Mehta,27,Male,Sales,Sales Manager,74000,10,2018,9.7,Active,Lucknow
1040,Karan Mehta,21,Female,Marketing,Marketing Executive,48000,1,2012,7.6,Active,Pune
1041,Pooja Mehta,31,Female,Finance,Financial Analyst,59000,5,2016,5.9,Inactive,Chennai
1042,Aditya Mehta,34,Male,HR,HR Executive,65000,5,2015,6.3,Inactive,Pune
1043,Nikhil Mehta,49,Male,Sales,Sales Executive,68000,20,2015,6.5,Active,Lucknow
1044,Kavya Mehta,25,Female,Engineering,DevOps Engineer,85000,5,2025,8.4,Active,Kanpur
1045,Riya Mehta,38,Male,Sales,Sales Executive,43000,0,2016,6.9,Active,Lucknow
1046,Sahil Mehta,52,Female,Finance,Accountant,59000,15,2020,8.4,Active,Hyderabad
1047,Simran Mehta,36,Female,Marketing,Marketing Analyst,75000,11,2011,9.4,On Leave,Kanpur
1048,Manish Mehta,50,Male,Marketing,Digital Marketing Manager,79000,27,2010,9.3,Active,Mumbai
1049,Aarav Mehta,44,Female,Sales,Business Development Executive,76000,14,2026,8.3,Active,Hyderabad
1050,Ishita Mehta,22,Male,Finance,Financial Analyst,71000,5,2024,8.0,Active,Gurgaon
1051,Ravi Mehta,26,Female,Marketing,Marketing Analyst,77000,5,2013,6.5,Active,Bangalore
1052,Meera Mehta,54,Male,Sales,Business Development Executive,78000,28,2011,7.5,Active,Noida
1053,Varun Mehta,50,Male,Marketing,Marketing Executive,61000,5,2017,6.1,Active,Delhi
1054,Shreya Mehta,27,Female,Engineering,Senior Engineer,101000,6,2022,6.1,Active,Chennai
1055,Akash Mehta,28,Male,HR,Talent Acquisition Specialist,66000,10,2025,9.0,Active,Mumbai
1056,Tanvi Mehta,25,Male,Marketing,Digital Marketing Manager,95000,5,2023,6.1,Active,Delhi
1057,Yash Mehta,28,Male,Finance,Accountant,64000,1,2016,7.9,Active,Hyderabad
1058,Nandini Mehta,45,Female,Engineering,Tech Lead,99000,18,2016,9.9,Active,Hyderabad
1059,Mohit Mehta,29,Female,Sales,Business Development Executive,60000,8,2013,5.0,On Leave,Hyderabad
1060,Divya Mehta,30,Male,Finance,Financial Analyst,83000,13,2024,8.0,Active,Kanpur
1061,Rahul Yadav,41,Female,Sales,Business Development Executive,53000,9,2018,8.2,Active,Lucknow
1062,Priya Yadav,45,Male,Finance,Financial Analyst,64000,1,2017,9.6,Active,Chennai
1063,Amit Yadav,46,Female,HR,HR Executive,58000,9,2022,7.1,Active,Hyderabad
1064,Neha Yadav,46,Male,Engineering,DevOps Engineer,89000,12,2019,8.5,Active,Delhi
1065,Rohan Yadav,29,Female,Sales,Sales Executive,68000,5,2019,8.3,Active,Chennai
1066,Arjun Yadav,51,Male,HR,HR Executive,47000,9,2016,6.8,On Leave,Delhi
1067,Ananya Yadav,30,Male,Marketing,Digital Marketing Manager,81000,6,2011,6.8,Active,Kanpur
1068,Vikram Yadav,28,Female,Finance,Accountant,59000,8,2014,6.2,Active,Pune
1069,Sneha Yadav,52,Male,Sales,Sales Executive,61000,9,2022,8.9,On Leave,Pune
1070,Karan Yadav,38,Male,Marketing,Marketing Analyst,55000,20,2013,5.4,Active,Noida
1071,Pooja Yadav,35,Male,Sales,Business Development Executive,76000,0,2018,9.0,Active,Chennai
1072,Aditya Yadav,48,Male,Sales,Sales Executive,43000,9,2020,8.6,On Leave,Noida
1073,Nikhil Yadav,32,Female,Engineering,Data Engineer,106000,12,2026,5.3,On Leave,Noida
1074,Kavya Yadav,28,Male,HR,Talent Acquisition Specialist,74000,12,2013,9.3,Active,Kanpur
1075,Riya Yadav,49,Male,Finance,Financial Analyst,53000,25,2014,8.3,Active,Lucknow
1076,Sahil Yadav,23,Male,Engineering,DevOps Engineer,90000,1,2021,7.1,Inactive,Kanpur
1077,Simran Yadav,36,Male,Engineering,DevOps Engineer,89000,9,2024,7.9,Active,Noida
1078,Manish Yadav,43,Male,Sales,Business Development Executive,59000,19,2013,6.2,Active,Lucknow
1079,Aarav Yadav,34,Female,Sales,Business Development Executive,59000,4,2021,5.6,Active,Delhi
1080,Ishita Yadav,37,Female,Marketing,Digital Marketing Manager,81000,8,2022,5.4,Active,Pune
1081,Ravi Yadav,30,Male,HR,HR Executive,61000,8,2018,8.6,Active,Noida
1082,Meera Yadav,31,Male,HR,HR Manager,93000,13,2022,9.8,Active,Lucknow
1083,Varun Yadav,28,Female,Engineering,DevOps Engineer,97000,8,2012,8.2,Active,Hyderabad
1084,Shreya Yadav,38,Female,HR,HR Manager,66000,4,2013,9.9,Active,Delhi
1085,Akash Yadav,28,Male,Sales,Business Development Executive,65000,2,2025,7.6,Active,Lucknow
1086,Tanvi Yadav,38,Female,Engineering,Software Engineer,66000,19,2020,5.9,On Leave,Noida
1087,Yash Yadav,46,Male,Sales,Sales Executive,48000,15,2010,8.3,Active,Gurgaon
1088,Nandini Yadav,38,Female,Finance,Accountant,70000,1,2017,8.5,Active,Hyderabad
1089,Mohit Yadav,50,Male,Finance,Senior Financial Analyst,103000,16,2026,6.5,On Leave,Lucknow
1090,Divya Yadav,47,Male,Finance,Financial Analyst,55000,24,2012,9.7,Active,Kanpur
1091,Rahul Saxena,26,Male,Sales,Sales Manager,66000,4,2023,7.4,Active,Noida
1092,Priya Saxena,28,Female,Engineering,DevOps Engineer,82000,6,2010,8.5,Active,Mumbai
1093,Amit Saxena,54,Male,Sales,Sales Executive,60000,21,2024,8.4,On Leave,Noida
1094,Neha Saxena,35,Female,Engineering,Tech Lead,104000,5,2026,9.8,Active,Pune
1095,Rohan Saxena,31,Male,Engineering,Tech Lead,140000,11,2017,6.5,Active,Lucknow
1096,Arjun Saxena,34,Male,Sales,Sales Manager,79000,0,2019,9.7,On Leave,Chennai
1097,Ananya Saxena,24,Female,Engineering,DevOps Engineer,100000,5,2020,6.8,Active,Bangalore
1098,Vikram Saxena,46,Male,Engineering,Software Engineer,74000,11,2025,5.4,Active,Bangalore
1099,Sneha Saxena,47,Male,Marketing,Marketing Executive,50000,3,2018,7.4,Active,Hyderabad
1100,Karan Saxena,48,Male,HR,Talent Acquisition Specialist,72000,28,2018,9.9,Active,Chennai
1101,Pooja Saxena,31,Female,Finance,Accountant,59000,4,2010,9.4,Active,Delhi
1102,Aditya Saxena,33,Female,Engineering,Senior Engineer,106000,9,2023,9.5,Active,Mumbai
1103,Nikhil Saxena,51,Female,Finance,Financial Analyst,78000,30,2025,9.0,Active,Hyderabad
1104,Kavya Saxena,46,Male,Marketing,Marketing Executive,49000,16,2013,5.6,Active,Kanpur
1105,Riya Saxena,36,Female,Finance,Senior Financial Analyst,76000,1,2023,6.4,Active,Pune
1106,Sahil Saxena,36,Male,HR,Talent Acquisition Specialist,62000,19,2015,6.4,Active,Lucknow
1107,Simran Saxena,36,Male,HR,HR Manager,72000,13,2026,5.9,On Leave,Bangalore
1108,Manish Saxena,35,Male,HR,HR Manager,68000,3,2018,9.6,Active,Gurgaon
1109,Aarav Saxena,33,Female,Engineering,Data Engineer,97000,2,2026,8.5,Inactive,Mumbai
1110,Ishita Saxena,42,Male,Marketing,Marketing Executive,62000,13,2023,6.5,Active,Lucknow
1111,Ravi Saxena,43,Male,Marketing,Marketing Executive,55000,22,2011,5.2,Active,Hyderabad
1112,Meera Saxena,34,Female,Marketing,Marketing Analyst,85000,9,2013,5.9,Inactive,Hyderabad
1113,Varun Saxena,42,Male,Engineering,Software Engineer,82000,9,2010,6.7,Active,Hyderabad
1114,Shreya Saxena,54,Female,Finance,Financial Analyst,68000,19,2016,5.4,Active,Gurgaon
1115,Akash Saxena,28,Female,Sales,Business Development Executive,57000,0,2016,9.6,Active,Noida
1116,Tanvi Saxena,42,Male,Marketing,Marketing Executive,62000,9,2014,5.6,Active,Lucknow
1117,Yash Saxena,43,Male,Marketing,Digital Marketing Manager,78000,11,2023,7.4,Active,Noida
1118,Nandini Saxena,22,Male,Sales,Sales Manager,73000,1,2019,9.8,Active,Mumbai
1119,Mohit Saxena,46,Female,Sales,Business Development Executive,50000,15,2015,8.8,Active,Pune
1120,Divya Saxena,46,Male,Finance,Financial Analyst,62000,19,2010,7.9,Active,Kanpur
1121,Rahul Malhotra,53,Female,Sales,Business Development Executive,79000,14,2018,9.3,Active,Lucknow
1122,Priya Malhotra,28,Female,HR,HR Executive,57000,2,2017,5.2,Active,Lucknow
1123,Amit Malhotra,29,Male,Engineering,Senior Engineer,94000,4,2013,8.2,Active,Hyderabad
1124,Neha Malhotra,41,Female,Sales,Sales Manager,74000,2,2023,6.6,Active,Kanpur
1125,Rohan Malhotra,43,Male,Finance,Financial Analyst,67000,7,2010,8.6,Active,Lucknow
1126,Arjun Malhotra,34,Female,HR,HR Manager,83000,14,2016,5.8,Active,Pune
1127,Ananya Malhotra,44,Female,Marketing,Marketing Executive,61000,4,2015,5.9,On Leave,Mumbai
1128,Vikram Malhotra,52,Female,HR,Talent Acquisition Specialist,54000,30,2010,5.8,Active,Pune
1129,Sneha Malhotra,33,Female,HR,HR Executive,54000,2,2017,9.5,Inactive,Delhi
1130,Karan Malhotra,54,Female,Engineering,DevOps Engineer,77000,4,2022,5.1,On Leave,Kanpur
1131,Pooja Malhotra,29,Male,Engineering,Tech Lead,104000,3,2010,9.8,Active,Hyderabad
1132,Aditya Malhotra,26,Female,HR,HR Manager,94000,3,2015,6.7,Active,Kanpur
1133,Nikhil Malhotra,55,Male,Finance,Accountant,63000,22,2013,9.1,Active,Lucknow
1134,Kavya Malhotra,27,Male,Marketing,Marketing Executive,45000,8,2017,6.1,Active,Hyderabad
1135,Riya Malhotra,39,Male,Marketing,Digital Marketing Manager,77000,7,2025,10.0,Active,Lucknow
1136,Sahil Malhotra,43,Male,Sales,Sales Manager,73000,2,2021,9.5,Active,Bangalore
1137,Simran Malhotra,48,Male,Finance,Accountant,51000,16,2023,9.5,Active,Gurgaon
1138,Manish Malhotra,39,Female,Engineering,Tech Lead,128000,11,2021,9.1,Active,Delhi
1139,Aarav Malhotra,21,Female,HR,HR Manager,75000,1,2022,8.6,Active,Chennai
1140,Ishita Malhotra,25,Male,Sales,Sales Manager,83000,1,2014,6.6,Active,Pune
1141,Ravi Malhotra,43,Female,Marketing,Marketing Analyst,71000,10,2023,5.7,Inactive,Mumbai
1142,Meera Malhotra,45,Male,Sales,Sales Manager,100000,13,2025,6.9,Active,Pune
1143,Varun Malhotra,54,Female,HR,Talent Acquisition Specialist,48000,18,2017,5.0,Inactive,Kanpur
1144,Shreya Malhotra,44,Female,Marketing,Marketing Executive,49000,17,2011,6.8,On Leave,Bangalore
1145,Akash Malhotra,39,Male,HR,Talent Acquisition Specialist,75000,14,2023,6.1,Active,Bangalore
1146,Tanvi Malhotra,28,Female,HR,HR Manager,67000,11,2023,5.3,Active,Gurgaon
1147,Yash Malhotra,25,Female,Sales,Sales Executive,41000,7,2014,5.7,Active,Kanpur
1148,Nandini Malhotra,47,Female,HR,HR Manager,74000,4,2026,7.4,Active,Chennai
1149,Mohit Malhotra,21,Male,Engineering,Senior Engineer,84000,2,2011,7.5,Active,Pune
1150,Divya Malhotra,50,Male,Finance,Accountant,61000,17,2019,7.1,Active,Delhi
1151,Rahul Bansal,54,Male,HR,Talent Acquisition Specialist,52000,12,2022,6.1,Active,Noida
1152,Priya Bansal,25,Female,Marketing,Marketing Analyst,76000,7,2022,5.8,On Leave,Pune
1153,Amit Bansal,33,Female,Engineering,Software Engineer,63000,8,2021,5.1,Active,Noida
1154,Neha Bansal,27,Male,HR,Talent Acquisition Specialist,45000,1,2019,7.8,Active,Kanpur
1155,Rohan Bansal,36,Female,Engineering,DevOps Engineer,107000,8,2011,5.2,Active,Lucknow
1156,Arjun Bansal,21,Female,Finance,Senior Financial Analyst,108000,2,2016,8.8,Active,Bangalore
1157,Ananya Bansal,27,Male,Marketing,Digital Marketing Manager,103000,5,2013,5.1,Active,Chennai
1158,Vikram Bansal,23,Male,HR,HR Executive,62000,4,2024,9.4,Active,Mumbai
1159,Sneha Bansal,34,Female,HR,Talent Acquisition Specialist,62000,4,2026,7.2,Active,Lucknow
1160,Karan Bansal,44,Male,Marketing,Marketing Executive,68000,19,2022,6.0,Active,Delhi
1161,Pooja Bansal,30,Female,Marketing,Marketing Executive,45000,9,2014,7.7,Inactive,Delhi
1162,Aditya Bansal,52,Male,Marketing,Marketing Analyst,61000,3,2019,5.3,Active,Hyderabad
1163,Nikhil Bansal,26,Female,HR,Talent Acquisition Specialist,70000,1,2024,9.9,Inactive,Chennai
1164,Kavya Bansal,29,Female,Sales,Sales Manager,68000,1,2021,7.0,On Leave,Bangalore
1165,Riya Bansal,49,Male,Sales,Business Development Executive,66000,11,2021,8.4,Active,Lucknow
1166,Sahil Bansal,23,Male,HR,Talent Acquisition Specialist,72000,0,2010,9.3,Active,Bangalore
1167,Simran Bansal,46,Male,Engineering,Senior Engineer,105000,27,2024,6.7,Active,Noida
1168,Manish Bansal,50,Female,Engineering,Senior Engineer,87000,3,2022,6.0,Active,Hyderabad
1169,Aarav Bansal,42,Male,Marketing,Marketing Executive,68000,19,2025,6.4,Active,Bangalore
1170,Ishita Bansal,51,Male,HR,HR Manager,67000,4,2022,9.7,Active,Pune
1171,Ravi Bansal,51,Female,Engineering,Senior Engineer,82000,6,2023,6.3,Active,Bangalore
1172,Meera Bansal,25,Female,Marketing,Marketing Executive,55000,4,2024,7.6,Active,Lucknow
1173,Varun Bansal,32,Male,Engineering,Data Engineer,92000,1,2019,6.0,Inactive,Chennai
1174,Shreya Bansal,51,Female,HR,Talent Acquisition Specialist,59000,17,2021,9.1,Active,Gurgaon
1175,Akash Bansal,33,Female,Sales,Business Development Executive,54000,2,2020,5.1,On Leave,Bangalore
1176,Tanvi Bansal,52,Male,Finance,Financial Analyst,77000,27,2018,9.9,Inactive,Bangalore
1177,Yash Bansal,49,Male,Sales,Sales Executive,41000,20,2016,7.1,Active,Bangalore
1178,Nandini Bansal,45,Female,Finance,Financial Analyst,63000,6,2010,9.1,Active,Lucknow
1179,Mohit Bansal,53,Female,Engineering,Data Engineer,100000,26,2023,6.8,On Leave,Pune
1180,Divya Bansal,54,Female,Finance,Financial Analyst,62000,24,2024,6.9,Active,Bangalore
1181,Rahul Tiwari,55,Female,Marketing,Marketing Analyst,83000,13,2023,8.5,Inactive,Delhi
1182,Priya Tiwari,26,Male,Engineering,Software Engineer,80000,1,2023,7.5,Active,Noida
1183,Amit Tiwari,27,Female,Marketing,Digital Marketing Manager,108000,10,2011,9.3,Active,Chennai
1184,Neha Tiwari,45,Female,HR,HR Manager,73000,3,2021,7.1,On Leave,Pune
1185,Rohan Tiwari,21,Female,HR,Talent Acquisition Specialist,54000,2,2018,6.5,Inactive,Pune
1186,Arjun Tiwari,36,Male,Marketing,Marketing Executive,46000,0,2010,9.0,On Leave,Noida
1187,Ananya Tiwari,41,Female,HR,Talent Acquisition Specialist,59000,10,2017,6.0,Active,Kanpur
1188,Vikram Tiwari,48,Female,Marketing,Digital Marketing Manager,81000,4,2022,7.6,Active,Delhi
1189,Sneha Tiwari,29,Male,Engineering,DevOps Engineer,96000,8,2018,9.7,Active,Delhi
1190,Karan Tiwari,22,Male,Engineering,DevOps Engineer,80000,3,2010,7.9,Active,Bangalore
1191,Pooja Tiwari,50,Female,Finance,Financial Analyst,66000,20,2017,6.0,On Leave,Pune
1192,Aditya Tiwari,37,Male,Engineering,Tech Lead,100000,21,2014,8.2,Active,Delhi
1193,Nikhil Tiwari,28,Female,Sales,Sales Executive,44000,7,2014,6.3,Active,Delhi
1194,Kavya Tiwari,52,Female,Finance,Financial Analyst,76000,27,2013,9.0,Active,Chennai
1195,Riya Tiwari,25,Female,Marketing,Marketing Analyst,84000,3,2020,9.0,Active,Kanpur
1196,Sahil Tiwari,32,Male,Engineering,Tech Lead,118000,1,2025,5.8,Active,Delhi
1197,Simran Tiwari,33,Male,Sales,Sales Executive,57000,0,2026,6.1,Active,Mumbai
1198,Manish Tiwari,22,Female,HR,HR Executive,43000,2,2014,6.4,Active,Delhi
1199,Aarav Tiwari,43,Female,Sales,Business Development Executive,64000,22,2024,7.2,Inactive,Mumbai
1200,Ishita Tiwari,37,Female,HR,Talent Acquisition Specialist,73000,5,2018,5.5,Active,Gurgaon
1201,Ravi Tiwari,40,Female,HR,Talent Acquisition Specialist,61000,5,2023,7.1,Active,Hyderabad
1202,Meera Tiwari,27,Female,Marketing,Marketing Analyst,62000,9,2021,9.5,On Leave,Chennai
1203,Varun Tiwari,31,Female,Sales,Sales Manager,103000,1,2023,8.0,On Leave,Noida
1204,Shreya Tiwari,43,Female,Engineering,Software Engineer,66000,12,2020,9.0,Active,Delhi
1205,Akash Tiwari,34,Male,Finance,Financial Analyst,71000,11,2013,6.6,Active,Hyderabad
1206,Tanvi Tiwari,34,Female,Sales,Sales Manager,80000,14,2012,6.4,Active,Mumbai
1207,Yash Tiwari,27,Female,Finance,Accountant,65000,8,2012,8.4,Active,Hyderabad
1208,Nandini Tiwari,33,Female,Engineering,Data Engineer,103000,6,2011,7.1,Active,Bangalore
1209,Mohit Tiwari,41,Female,Marketing,Marketing Executive,64000,18,2010,5.1,Active,Gurgaon
1210,Divya Tiwari,21,Male,Finance,Financial Analyst,76000,3,2011,6.7,Active,Chennai
1211,Rahul Joshi,27,Female,Finance,Senior Financial Analyst,96000,6,2021,5.4,Active,Chennai
1212,Priya Joshi,24,Male,Finance,Accountant,60000,6,2025,9.2,Inactive,Delhi
1213,Amit Joshi,22,Female,Engineering,Software Engineer,65000,1,2013,9.3,Active,Mumbai
1214,Neha Joshi,31,Male,HR,Talent Acquisition Specialist,75000,2,2021,9.7,On Leave,Lucknow
1215,Rohan Joshi,23,Female,Engineering,Tech Lead,100000,1,2018,8.4,Active,Pune
1216,Arjun Joshi,38,Male,HR,HR Executive,59000,22,2024,5.6,On Leave,Gurgaon
1217,Ananya Joshi,47,Male,Marketing,Digital Marketing Manager,78000,20,2026,7.9,Active,Lucknow
1218,Vikram Joshi,41,Female,Marketing,Marketing Executive,48000,24,2018,8.6,Active,Mumbai
1219,Sneha Joshi,34,Male,Engineering,Data Engineer,74000,2,2016,8.4,Active,Pune
1220,Karan Joshi,33,Female,Engineering,Tech Lead,109000,15,2026,8.8,Active,Chennai
1221,Pooja Joshi,30,Male,Sales,Sales Executive,70000,13,2014,9.6,Active,Chennai
1222,Aditya Joshi,53,Female,Marketing,Marketing Executive,47000,6,2018,5.8,Active,Gurgaon
1223,Nikhil Joshi,27,Male,Marketing,Marketing Executive,69000,2,2013,5.1,Active,Lucknow
1224,Kavya Joshi,22,Male,Sales,Sales Manager,88000,3,2018,9.6,Active,Pune
1225,Riya Joshi,34,Female,Marketing,Digital Marketing Manager,98000,4,2026,5.3,Active,Delhi
1226,Sahil Joshi,24,Female,Marketing,Marketing Executive,55000,6,2016,5.9,Active,Gurgaon
1227,Simran Joshi,52,Male,Marketing,Marketing Executive,67000,16,2011,9.8,Active,Kanpur
1228,Manish Joshi,23,Female,HR,HR Executive,57000,4,2013,6.1,Active,Pune
1229,Aarav Joshi,46,Male,Engineering,Senior Engineer,98000,12,2025,5.9,Active,Lucknow
1230,Ishita Joshi,39,Female,Engineering,Software Engineer,66000,23,2026,8.7,On Leave,Mumbai
1231,Ravi Joshi,31,Female,Engineering,Senior Engineer,92000,10,2020,5.7,Active,Chennai
1232,Meera Joshi,48,Male,Engineering,Senior Engineer,97000,10,2012,8.4,On Leave,Gurgaon
1233,Varun Joshi,43,Female,Sales,Sales Executive,56000,15,2017,5.5,On Leave,Gurgaon
1234,Shreya Joshi,39,Male,Sales,Business Development Executive,56000,7,2014,5.5,On Leave,Hyderabad
1235,Akash Joshi,49,Female,Finance,Accountant,53000,15,2025,6.8,Active,Hyderabad
1236,Tanvi Joshi,40,Male,Finance,Accountant,70000,22,2025,6.3,Active,Kanpur
1237,Yash Joshi,30,Female,HR,Talent Acquisition Specialist,50000,6,2021,5.2,Active,Pune
1238,Nandini Joshi,44,Female,Engineering,Senior Engineer,105000,6,2013,9.4,Active,Chennai
1239,Mohit Joshi,54,Female,Finance,Accountant,56000,5,2020,7.9,Inactive,Lucknow
1240,Divya Joshi,40,Male,Engineering,DevOps Engineer,104000,6,2020,7.2,Active,Hyderabad
1241,Rahul Sinha,39,Male,Engineering,Data Engineer,80000,3,2024,7.6,Active,Noida
1242,Priya Sinha,31,Male,Marketing,Marketing Analyst,57000,9,2019,7.3,Active,Gurgaon
1243,Amit Sinha,28,Female,Marketing,Marketing Analyst,55000,0,2023,8.3,Active,Lucknow
1244,Neha Sinha,29,Male,Finance,Accountant,67000,5,2014,8.6,Active,Mumbai
1245,Rohan Sinha,48,Female,Engineering,Tech Lead,109000,18,2011,9.7,Active,Pune
1246,Arjun Sinha,48,Male,Engineering,Tech Lead,115000,12,2019,7.8,Active,Hyderabad
1247,Ananya Sinha,29,Male,HR,HR Manager,74000,10,2023,6.5,Active,Gurgaon
1248,Vikram Sinha,50,Male,HR,HR Manager,94000,17,2013,7.6,Active,Noida
1249,Sneha Sinha,43,Female,Finance,Senior Financial Analyst,106000,14,2023,7.3,Inactive,Kanpur
1250,Karan Sinha,47,Male,HR,Talent Acquisition Specialist,75000,2,2019,7.9,Active,Gurgaon
1251,Pooja Sinha,55,Male,Sales,Sales Manager,69000,28,2022,7.0,Active,Noida
1252,Aditya Sinha,50,Male,Engineering,Software Engineer,62000,26,2018,6.7,Active,Lucknow
1253,Nikhil Sinha,51,Male,Finance,Financial Analyst,58000,22,2026,8.5,Active,Noida
1254,Kavya Sinha,52,Female,HR,Talent Acquisition Specialist,66000,4,2014,8.1,Active,Kanpur
1255,Riya Sinha,52,Male,HR,HR Executive,42000,19,2010,8.0,Active,Delhi
1256,Sahil Sinha,36,Female,Engineering,Data Engineer,72000,6,2026,7.0,Inactive,Lucknow
1257,Simran Sinha,46,Female,HR,HR Executive,58000,15,2018,9.3,Active,Pune
1258,Manish Sinha,30,Male,Engineering,Senior Engineer,89000,10,2017,7.6,Active,Mumbai
1259,Aarav Sinha,51,Female,Finance,Senior Financial Analyst,82000,15,2025,8.3,Active,Delhi
1260,Ishita Sinha,50,Female,Marketing,Marketing Executive,46000,13,2019,5.6,Active,Gurgaon
1261,Ravi Sinha,40,Male,Sales,Sales Manager,68000,1,2021,7.3,Active,Lucknow
1262,Meera Sinha,21,Male,Finance,Accountant,73000,1,2026,6.7,Active,Pune
1263,Varun Sinha,53,Female,HR,Talent Acquisition Specialist,50000,2,2021,7.3,On Leave,Bangalore
1264,Shreya Sinha,38,Female,Finance,Senior Financial Analyst,79000,21,2025,9.8,Active,Bangalore
1265,Akash Sinha,53,Female,Sales,Sales Manager,73000,24,2020,7.9,On Leave,Delhi
1266,Tanvi Sinha,23,Female,HR,HR Executive,43000,0,2013,9.7,Active,Mumbai
1267,Yash Sinha,36,Female,HR,Talent Acquisition Specialist,74000,3,2022,9.6,Active,Lucknow
1268,Nandini Sinha,28,Male,Engineering,Data Engineer,95000,0,2010,6.6,Active,Pune
1269,Mohit Sinha,29,Female,Sales,Business Development Executive,58000,10,2016,7.5,Active,Mumbai
1270,Divya Sinha,33,Male,Marketing,Digital Marketing Manager,83000,5,2012,8.1,Active,Mumbai
1271,Rahul Pandey,23,Male,Engineering,Tech Lead,146000,2,2023,6.7,Active,Noida
1272,Priya Pandey,52,Female,HR,Talent Acquisition Specialist,72000,6,2025,6.8,On Leave,Bangalore
1273,Amit Pandey,25,Male,Marketing,Digital Marketing Manager,95000,7,2012,5.6,Active,Delhi
1274,Neha Pandey,28,Male,HR,HR Executive,60000,7,2020,6.1,Inactive,Lucknow
1275,Rohan Pandey,45,Male,Finance,Financial Analyst,60000,22,2019,7.7,Active,Noida
1276,Arjun Pandey,53,Female,Marketing,Digital Marketing Manager,74000,9,2013,9.7,Inactive,Kanpur
1277,Ananya Pandey,23,Male,Marketing,Marketing Analyst,62000,5,2020,5.7,Active,Hyderabad
1278,Vikram Pandey,24,Female,Marketing,Marketing Executive,63000,3,2011,9.9,Inactive,Gurgaon
1279,Sneha Pandey,26,Male,Marketing,Marketing Executive,54000,8,2011,5.2,Active,Hyderabad
1280,Karan Pandey,48,Male,Finance,Financial Analyst,51000,15,2011,8.9,On Leave,Noida
1281,Pooja Pandey,45,Female,Engineering,DevOps Engineer,102000,21,2011,8.8,Active,Pune
1282,Aditya Pandey,48,Female,HR,HR Executive,54000,17,2013,6.8,Active,Kanpur
1283,Nikhil Pandey,36,Female,Engineering,DevOps Engineer,71000,7,2017,8.7,On Leave,Noida
1284,Kavya Pandey,23,Male,HR,HR Executive,43000,0,2011,7.2,Active,Hyderabad
1285,Riya Pandey,43,Female,HR,HR Manager,74000,19,2022,8.3,Active,Delhi
1286,Sahil Pandey,37,Female,HR,HR Manager,88000,17,2017,8.6,Inactive,Noida
1287,Simran Pandey,39,Female,HR,Talent Acquisition Specialist,74000,20,2018,8.5,Active,Kanpur
1288,Manish Pandey,43,Male,Sales,Sales Manager,83000,13,2012,9.6,On Leave,Noida
1289,Aarav Pandey,35,Male,Sales,Sales Executive,44000,9,2021,5.2,Active,Chennai
1290,Ishita Pandey,50,Female,Engineering,Software Engineer,76000,30,2011,6.4,Active,Delhi
1291,Ravi Pandey,24,Female,Sales,Sales Manager,97000,4,2010,6.9,Active,Mumbai
1292,Meera Pandey,45,Male,Marketing,Digital Marketing Manager,73000,5,2019,7.7,Active,Kanpur
1293,Varun Pandey,42,Female,Finance,Accountant,52000,26,2010,8.6,Active,Pune
1294,Shreya Pandey,24,Female,Sales,Sales Manager,84000,1,2024,7.9,Active,Noida
1295,Akash Pandey,37,Male,Marketing,Marketing Analyst,79000,5,2017,9.5,Active,Lucknow
1296,Tanvi Pandey,26,Male,Sales,Sales Manager,87000,3,2022,8.1,Active,Lucknow
1297,Yash Pandey,21,Female,Finance,Accountant,67000,0,2020,9.2,Active,Kanpur
1298,Nandini Pandey,49,Male,Marketing,Marketing Executive,57000,0,2025,7.0,Active,Delhi
1299,Mohit Pandey,38,Male,Sales,Sales Manager,69000,19,2024,6.3,Active,Lucknow
1300,Divya Pandey,52,Male,HR,Talent Acquisition Specialist,51000,4,2014,6.2,Active,Bangalore
1301,Rahul Sharma,53,Male,Marketing,Digital Marketing Manager,91000,27,2011,5.3,Active,Lucknow
1302,Priya Sharma,37,Male,Finance,Accountant,69000,0,2011,6.7,Active,Chennai
1303,Amit Sharma,28,Female,Engineering,Senior Engineer,93000,8,2020,9.1,Active,Delhi
1304,Neha Sharma,48,Female,Finance,Financial Analyst,52000,28,2020,6.7,Active,Hyderabad
1305,Rohan Sharma,51,Female,Finance,Accountant,46000,30,2015,5.2,Inactive,Gurgaon
1306,Arjun Sharma,22,Female,Sales,Sales Executive,66000,0,2020,9.7,Active,Gurgaon
1307,Ananya Sharma,23,Male,Marketing,Digital Marketing Manager,75000,2,2012,7.8,Inactive,Noida
1308,Vikram Sharma,47,Female,Engineering,DevOps Engineer,73000,17,2025,6.6,Active,Gurgaon
1309,Sneha Sharma,39,Female,Finance,Financial Analyst,74000,7,2017,6.6,Inactive,Mumbai
1310,Karan Sharma,49,Male,Marketing,Marketing Analyst,58000,23,2021,9.6,Active,Gurgaon
1311,Pooja Sharma,35,Male,Marketing,Marketing Executive,64000,14,2014,8.9,Active,Gurgaon
1312,Aditya Sharma,29,Male,Finance,Senior Financial Analyst,97000,9,2020,5.4,Active,Bangalore
1313,Nikhil Sharma,52,Male,HR,HR Executive,55000,20,2010,5.6,Active,Noida
1314,Kavya Sharma,51,Male,Engineering,Senior Engineer,82000,23,2023,8.5,Inactive,Bangalore
1315,Riya Sharma,53,Male,Sales,Sales Manager,93000,27,2021,7.0,Active,Lucknow
1316,Sahil Sharma,28,Male,Finance,Accountant,65000,5,2013,5.4,Inactive,Chennai
1317,Simran Sharma,47,Female,Marketing,Digital Marketing Manager,99000,20,2019,8.5,Active,Gurgaon
1318,Manish Sharma,53,Female,HR,HR Executive,59000,2,2021,6.9,Active,Noida
1319,Aarav Sharma,38,Male,HR,HR Manager,97000,3,2020,7.8,On Leave,Gurgaon
1320,Ishita Sharma,53,Female,Marketing,Marketing Analyst,66000,27,2022,8.8,Inactive,Kanpur
1321,Ravi Sharma,34,Male,Sales,Sales Manager,103000,13,2020,6.7,Active,Lucknow
1322,Meera Sharma,38,Female,Marketing,Marketing Executive,51000,15,2019,9.9,Active,Mumbai
1323,Varun Sharma,38,Male,Engineering,Senior Engineer,116000,4,2026,5.1,Inactive,Noida
1324,Shreya Sharma,55,Female,HR,HR Executive,56000,25,2010,6.0,Inactive,Gurgaon
1325,Akash Sharma,48,Female,Marketing,Digital Marketing Manager,78000,23,2024,9.6,Active,Delhi
1326,Tanvi Sharma,49,Male,Marketing,Marketing Analyst,64000,28,2012,10.0,Active,Delhi
1327,Yash Sharma,43,Male,Engineering,Senior Engineer,85000,25,2020,7.5,Active,Noida
1328,Nandini Sharma,25,Female,Engineering,Data Engineer,77000,5,2026,6.0,Active,Kanpur
1329,Mohit Sharma,21,Male,HR,Talent Acquisition Specialist,57000,1,2017,6.3,Active,Bangalore
1330,Divya Sharma,52,Male,HR,HR Executive,61000,9,2012,5.0,Active,Noida
1331,Rahul Verma,34,Male,Engineering,Data Engineer,87000,5,2022,8.2,Active,Bangalore
1332,Priya Verma,40,Female,Finance,Accountant,61000,7,2025,8.0,Active,Lucknow
1333,Amit Verma,27,Female,Engineering,Tech Lead,122000,3,2024,6.2,Active,Bangalore
1334,Neha Verma,50,Female,Finance,Accountant,49000,30,2021,8.5,Active,Chennai
1335,Rohan Verma,52,Female,Marketing,Digital Marketing Manager,85000,19,2010,6.3,Active,Pune
1336,Arjun Verma,24,Female,Finance,Senior Financial Analyst,96000,8,2023,9.0,Active,Lucknow
1337,Ananya Verma,24,Male,Marketing,Digital Marketing Manager,84000,4,2020,6.5,Active,Gurgaon
1338,Vikram Verma,31,Male,Engineering,DevOps Engineer,110000,6,2020,8.0,Active,Kanpur
1339,Sneha Verma,45,Male,Finance,Senior Financial Analyst,79000,2,2011,6.8,Active,Bangalore
1340,Karan Verma,55,Female,HR,HR Manager,76000,12,2021,7.1,Active,Mumbai
1341,Pooja Verma,21,Female,Engineering,DevOps Engineer,77000,0,2026,9.0,Active,Lucknow
1342,Aditya Verma,40,Male,HR,Talent Acquisition Specialist,70000,0,2017,6.4,Active,Pune
1343,Nikhil Verma,46,Female,Finance,Financial Analyst,55000,4,2012,5.1,Active,Noida
1344,Kavya Verma,30,Female,Sales,Sales Manager,78000,1,2019,7.1,Active,Lucknow
1345,Riya Verma,38,Female,HR,HR Executive,49000,14,2025,6.5,Active,Pune
1346,Sahil Verma,38,Male,Finance,Accountant,62000,15,2026,6.9,Inactive,Pune
1347,Simran Verma,44,Male,Sales,Business Development Executive,52000,24,2024,7.9,Active,Mumbai
1348,Manish Verma,49,Female,Marketing,Digital Marketing Manager,77000,11,2019,5.7,Active,Delhi
1349,Aarav Verma,27,Male,HR,HR Executive,56000,8,2017,5.7,Active,Chennai
1350,Ishita Verma,54,Female,Sales,Sales Executive,42000,23,2025,7.1,Active,Bangalore
1351,Ravi Verma,23,Female,Sales,Business Development Executive,72000,5,2010,8.5,Active,Chennai
1352,Meera Verma,55,Female,Finance,Accountant,53000,15,2020,8.5,Active,Delhi
1353,Varun Verma,27,Male,Engineering,Data Engineer,78000,6,2010,7.6,Active,Mumbai
1354,Shreya Verma,49,Female,Engineering,Software Engineer,89000,27,2023,5.9,On Leave,Chennai
1355,Akash Verma,29,Female,Sales,Sales Manager,91000,11,2010,5.6,Inactive,Lucknow
1356,Tanvi Verma,54,Male,Sales,Sales Manager,102000,10,2015,6.5,Active,Gurgaon
1357,Yash Verma,44,Male,Sales,Sales Manager,96000,16,2024,9.7,Inactive,Bangalore
1358,Nandini Verma,31,Male,Engineering,Tech Lead,122000,15,2015,7.4,Inactive,Kanpur
1359,Mohit Verma,40,Female,HR,HR Executive,63000,22,2013,6.7,Active,Chennai
1360,Divya Verma,31,Female,Finance,Accountant,63000,2,2017,8.1,Inactive,Lucknow
1361,Rahul Singh,39,Female,Sales,Business Development Executive,65000,13,2021,9.7,Active,Mumbai
1362,Priya Singh,25,Female,HR,HR Executive,64000,9,2016,5.9,Active,Bangalore
1363,Amit Singh,54,Female,Marketing,Marketing Analyst,74000,18,2018,6.0,Active,Mumbai
1364,Neha Singh,34,Female,Sales,Sales Executive,45000,2,2015,9.4,Active,Kanpur
1365,Rohan Singh,29,Female,Marketing,Marketing Analyst,77000,8,2025,6.5,Active,Mumbai
1366,Arjun Singh,46,Female,Marketing,Digital Marketing Manager,101000,12,2021,9.2,Active,Delhi
1367,Ananya Singh,34,Female,Finance,Accountant,50000,5,2023,7.5,Active,Delhi
1368,Vikram Singh,48,Female,Finance,Financial Analyst,52000,20,2021,8.9,Active,Pune
1369,Sneha Singh,34,Male,HR,HR Manager,90000,17,2015,6.0,Active,Mumbai
1370,Karan Singh,21,Female,Finance,Senior Financial Analyst,81000,4,2021,7.5,Active,Lucknow
1371,Pooja Singh,23,Female,Marketing,Marketing Analyst,56000,4,2018,8.1,Inactive,Kanpur
1372,Aditya Singh,51,Male,Marketing,Marketing Analyst,61000,19,2025,5.2,Active,Bangalore
1373,Nikhil Singh,32,Female,Engineering,Data Engineer,78000,4,2011,8.2,Active,Delhi
1374,Kavya Singh,55,Female,HR,Talent Acquisition Specialist,65000,8,2010,9.2,On Leave,Hyderabad
1375,Riya Singh,31,Female,Sales,Sales Executive,62000,11,2022,9.2,Active,Delhi
1376,Sahil Singh,33,Male,HR,Talent Acquisition Specialist,54000,16,2012,7.2,Active,Mumbai
1377,Simran Singh,53,Female,HR,Talent Acquisition Specialist,69000,13,2010,6.4,Active,Hyderabad
1378,Manish Singh,50,Male,Engineering,DevOps Engineer,100000,18,2012,9.6,Active,Delhi
1379,Aarav Singh,32,Male,Sales,Business Development Executive,46000,10,2015,6.1,Active,Delhi
1380,Ishita Singh,36,Female,HR,Talent Acquisition Specialist,70000,9,2014,5.3,Active,Bangalore
1381,Ravi Singh,38,Male,Sales,Sales Manager,92000,4,2017,6.4,Active,Lucknow
1382,Meera Singh,37,Female,Finance,Financial Analyst,82000,14,2021,6.7,Active,Chennai
1383,Varun Singh,31,Female,Sales,Sales Manager,75000,1,2016,6.7,On Leave,Lucknow
1384,Shreya Singh,34,Male,Sales,Business Development Executive,63000,10,2012,6.3,Active,Kanpur
1385,Akash Singh,28,Female,HR,HR Manager,74000,8,2024,6.9,Active,Gurgaon
1386,Tanvi Singh,23,Female,Engineering,Tech Lead,96000,5,2015,7.4,Active,Delhi
1387,Yash Singh,32,Male,Finance,Financial Analyst,81000,11,2015,7.2,Active,Gurgaon
1388,Nandini Singh,48,Female,Marketing,Marketing Analyst,82000,23,2017,8.6,Active,Chennai
1389,Mohit Singh,46,Female,Engineering,Senior Engineer,113000,9,2013,7.1,Active,Gurgaon
1390,Divya Singh,46,Female,Engineering,Senior Engineer,114000,18,2015,9.4,Inactive,Noida
1391,Rahul Gupta,33,Male,HR,Talent Acquisition Specialist,56000,4,2011,6.5,Active,Hyderabad
1392,Priya Gupta,50,Male,HR,HR Manager,65000,12,2014,9.4,Active,Delhi
1393,Amit Gupta,32,Male,HR,HR Manager,71000,7,2017,8.4,On Leave,Hyderabad
1394,Neha Gupta,21,Female,HR,HR Manager,72000,3,2025,8.5,Inactive,Pune
1395,Rohan Gupta,50,Female,HR,HR Executive,53000,22,2014,8.8,Active,Hyderabad
1396,Arjun Gupta,39,Female,Marketing,Digital Marketing Manager,96000,21,2012,7.4,Active,Gurgaon
1397,Ananya Gupta,22,Female,Sales,Sales Executive,65000,1,2017,6.8,Active,Kanpur
1398,Vikram Gupta,46,Male,Engineering,Senior Engineer,89000,29,2025,5.2,Active,Delhi
1399,Sneha Gupta,42,Female,HR,HR Manager,75000,12,2019,6.9,On Leave,Kanpur
1400,Karan Gupta,37,Male,HR,HR Executive,53000,13,2026,7.3,Active,Delhi
1401,Pooja Gupta,46,Female,Engineering,Senior Engineer,101000,25,2014,8.4,Active,Pune
1402,Aditya Gupta,48,Male,Engineering,Tech Lead,123000,24,2018,8.0,On Leave,Chennai
1403,Nikhil Gupta,53,Male,Marketing,Digital Marketing Manager,92000,11,2021,8.9,Inactive,Noida
1404,Kavya Gupta,45,Female,Engineering,Senior Engineer,80000,27,2020,6.0,On Leave,Chennai
1405,Riya Gupta,48,Female,Marketing,Marketing Analyst,56000,1,2013,7.3,Active,Gurgaon
1406,Sahil Gupta,44,Male,Marketing,Marketing Analyst,77000,8,2019,7.7,Active,Hyderabad
1407,Simran Gupta,47,Male,Marketing,Marketing Analyst,65000,0,2011,6.8,Active,Pune
1408,Manish Gupta,36,Male,Engineering,DevOps Engineer,76000,5,2014,8.2,Active,Lucknow
1409,Aarav Gupta,43,Female,Sales,Sales Executive,67000,14,2026,5.2,Active,Kanpur
1410,Ishita Gupta,30,Female,Engineering,Data Engineer,104000,9,2012,9.6,Active,Pune
1411,Ravi Gupta,46,Female,HR,Talent Acquisition Specialist,53000,0,2012,9.8,Active,Gurgaon
1412,Meera Gupta,37,Female,Sales,Business Development Executive,61000,9,2011,7.9,Active,Pune
1413,Varun Gupta,38,Female,HR,HR Manager,98000,22,2011,9.5,Active,Lucknow
1414,Shreya Gupta,21,Female,HR,HR Executive,54000,3,2014,6.3,Active,Hyderabad
1415,Akash Gupta,27,Male,HR,HR Executive,63000,3,2020,5.3,Active,Gurgaon
1416,Tanvi Gupta,50,Female,Marketing,Digital Marketing Manager,109000,18,2020,7.4,Active,Hyderabad
1417,Yash Gupta,42,Female,Finance,Senior Financial Analyst,85000,10,2024,6.1,Active,Pune
1418,Nandini Gupta,37,Female,Engineering,DevOps Engineer,75000,12,2025,5.4,Active,Noida
1419,Mohit Gupta,44,Male,Finance,Senior Financial Analyst,105000,9,2024,5.8,Active,Gurgaon
1420,Divya Gupta,43,Female,Marketing,Marketing Analyst,80000,18,2010,7.8,Active,Mumbai
1421,Rahul Kumar,45,Male,Sales,Sales Executive,52000,29,2013,7.0,Active,Delhi
1422,Priya Kumar,39,Female,HR,Talent Acquisition Specialist,58000,5,2023,8.8,Active,Gurgaon
1423,Amit Kumar,38,Female,Finance,Accountant,48000,10,2020,6.1,Active,Chennai
1424,Neha Kumar,39,Male,HR,HR Executive,53000,14,2019,7.7,Active,Chennai
1425,Rohan Kumar,32,Female,Marketing,Digital Marketing Manager,97000,3,2023,5.9,Active,Mumbai
1426,Arjun Kumar,29,Male,Sales,Business Development Executive,50000,9,2023,6.6,Active,Gurgaon
1427,Ananya Kumar,51,Male,Engineering,Tech Lead,96000,21,2022,9.3,Active,Hyderabad
1428,Vikram Kumar,36,Male,Marketing,Digital Marketing Manager,83000,5,2020,6.5,On Leave,Mumbai
1429,Sneha Kumar,50,Male,HR,Talent Acquisition Specialist,65000,14,2024,9.0,Inactive,Noida
1430,Karan Kumar,28,Female,Sales,Sales Manager,75000,12,2017,8.6,Active,Kanpur
1431,Pooja Kumar,47,Female,Sales,Sales Manager,90000,27,2012,9.8,On Leave,Noida
1432,Aditya Kumar,28,Female,Sales,Business Development Executive,47000,11,2024,9.1,Active,Pune
1433,Nikhil Kumar,23,Female,Marketing,Digital Marketing Manager,104000,5,2024,8.9,Active,Lucknow
1434,Kavya Kumar,28,Male,HR,HR Manager,92000,11,2020,9.6,Active,Mumbai
1435,Riya Kumar,37,Female,Finance,Accountant,68000,3,2012,9.5,Active,Mumbai
1436,Sahil Kumar,37,Female,Finance,Accountant,60000,10,2020,8.5,Active,Gurgaon
1437,Simran Kumar,23,Male,HR,Talent Acquisition Specialist,54000,2,2010,9.4,Active,Lucknow
1438,Manish Kumar,40,Female,HR,Talent Acquisition Specialist,66000,22,2019,8.6,Active,Bangalore
1439,Aarav Kumar,29,Male,Sales,Sales Manager,90000,2,2018,5.1,Active,Lucknow
1440,Ishita Kumar,30,Female,Engineering,Tech Lead,119000,9,2026,7.4,Inactive,Hyderabad
1441,Ravi Kumar,30,Female,Sales,Sales Manager,99000,9,2021,9.3,Active,Bangalore
1442,Meera Kumar,54,Male,HR,HR Manager,90000,15,2010,6.7,Active,Mumbai
1443,Varun Kumar,30,Female,Sales,Business Development Executive,53000,4,2016,7.5,Active,Kanpur
1444,Shreya Kumar,54,Male,HR,Talent Acquisition Specialist,52000,28,2021,7.0,Active,Hyderabad
1445,Akash Kumar,53,Male,Finance,Accountant,63000,2,2012,7.2,Active,Mumbai
1446,Tanvi Kumar,37,Male,HR,HR Executive,63000,5,2024,5.2,Active,Noida
1447,Yash Kumar,38,Male,HR,Talent Acquisition Specialist,72000,2,2012,7.6,Active,Mumbai
1448,Nandini Kumar,36,Male,Sales,Sales Manager,95000,18,2013,6.6,Active,Mumbai
1449,Mohit Kumar,51,Male,Marketing,Marketing Executive,61000,3,2016,7.7,Active,Chennai
1450,Divya Kumar,40,Female,Engineering,DevOps Engineer,98000,18,2013,8.9,Active,Gurgaon
1451,Rahul Chauhan,50,Male,Finance,Senior Financial Analyst,93000,0,2025,6.6,Active,Lucknow
1452,Priya Chauhan,40,Female,Sales,Sales Executive,51000,8,2018,8.1,Active,Bangalore
1453,Amit Chauhan,52,Male,Finance,Accountant,60000,0,2025,5.9,Active,Lucknow
1454,Neha Chauhan,27,Male,Finance,Accountant,68000,7,2015,8.9,Active,Mumbai
1455,Rohan Chauhan,40,Male,Finance,Senior Financial Analyst,110000,16,2025,8.4,Inactive,Mumbai
1456,Arjun Chauhan,30,Male,HR,HR Executive,53000,5,2015,8.1,Active,Noida
1457,Ananya Chauhan,51,Female,Sales,Sales Manager,83000,20,2017,7.4,On Leave,Lucknow
1458,Vikram Chauhan,44,Female,Finance,Senior Financial Analyst,98000,4,2020,6.5,Active,Pune
1459,Sneha Chauhan,21,Female,Engineering,Data Engineer,93000,3,2014,8.8,Active,Mumbai
1460,Karan Chauhan,34,Female,Finance,Senior Financial Analyst,77000,8,2020,9.0,Active,Noida
1461,Pooja Chauhan,33,Male,Sales,Business Development Executive,74000,6,2018,5.4,Active,Chennai
1462,Aditya Chauhan,51,Female,Engineering,Data Engineer,102000,30,2017,9.9,Active,Kanpur
1463,Nikhil Chauhan,27,Female,Finance,Senior Financial Analyst,99000,0,2024,5.6,Active,Delhi
1464,Kavya Chauhan,41,Male,Marketing,Marketing Executive,50000,24,2019,7.8,Active,Hyderabad
1465,Riya Chauhan,55,Male,Finance,Accountant,62000,24,2019,5.7,Active,Hyderabad
1466,Sahil Chauhan,44,Female,Marketing,Digital Marketing Manager,84000,28,2015,7.3,Active,Hyderabad
1467,Simran Chauhan,33,Male,Finance,Accountant,69000,8,2010,5.6,Active,Pune
1468,Manish Chauhan,52,Female,Engineering,DevOps Engineer,74000,25,2026,5.1,Active,Kanpur
1469,Aarav Chauhan,53,Female,Finance,Accountant,61000,27,2019,8.2,Active,Gurgaon
1470,Ishita Chauhan,26,Male,Engineering,DevOps Engineer,80000,8,2026,7.9,Active,Mumbai
1471,Ravi Chauhan,25,Female,Finance,Senior Financial Analyst,105000,6,2014,5.4,Active,Hyderabad
1472,Meera Chauhan,50,Male,Marketing,Marketing Executive,58000,16,2019,8.1,Active,Kanpur
1473,Varun Chauhan,35,Female,Marketing,Marketing Executive,53000,10,2017,7.7,Active,Mumbai
1474,Shreya Chauhan,43,Male,Sales,Sales Executive,46000,22,2014,6.5,Active,Noida
1475,Akash Chauhan,23,Female,Sales,Sales Manager,70000,2,2020,9.6,Active,Mumbai
1476,Tanvi Chauhan,40,Female,Marketing,Marketing Analyst,63000,5,2016,5.1,On Leave,Chennai
1477,Yash Chauhan,28,Male,Engineering,Data Engineer,84000,6,2022,7.2,Active,Mumbai
1478,Nandini Chauhan,45,Male,Engineering,Software Engineer,66000,18,2026,5.8,Active,Chennai
1479,Mohit Chauhan,43,Male,Finance,Senior Financial Analyst,88000,23,2016,9.0,Active,Lucknow
1480,Divya Chauhan,53,Female,Marketing,Marketing Executive,45000,3,2022,7.0,On Leave,Hyderabad
1481,Rahul Patel,44,Male,Engineering,Data Engineer,90000,9,2017,8.3,On Leave,Chennai
1482,Priya Patel,22,Male,Finance,Financial Analyst,59000,2,2017,7.8,Active,Bangalore
1483,Amit Patel,29,Female,Marketing,Marketing Executive,47000,11,2016,6.9,Active,Bangalore
1484,Neha Patel,47,Female,HR,Talent Acquisition Specialist,50000,5,2015,9.4,Active,Bangalore
1485,Rohan Patel,22,Female,HR,HR Manager,91000,3,2021,8.1,Active,Kanpur
1486,Arjun Patel,42,Female,Marketing,Marketing Executive,69000,0,2014,5.2,Active,Gurgaon
1487,Ananya Patel,54,Male,HR,HR Executive,40000,5,2021,5.5,Inactive,Delhi
1488,Vikram Patel,51,Male,Marketing,Digital Marketing Manager,99000,14,2014,6.6,Active,Lucknow
1489,Sneha Patel,29,Female,Sales,Sales Manager,71000,5,2025,8.7,On Leave,Mumbai
1490,Karan Patel,29,Male,Sales,Sales Executive,66000,3,2014,8.3,Active,Pune
1491,Pooja Patel,39,Male,Engineering,Senior Engineer,95000,19,2018,8.7,Active,Chennai
1492,Aditya Patel,54,Female,Sales,Sales Manager,74000,16,2020,6.9,Active,Kanpur
1493,Nikhil Patel,45,Male,Engineering,Senior Engineer,92000,20,2010,8.2,On Leave,Mumbai
1494,Kavya Patel,31,Female,Finance,Financial Analyst,82000,12,2025,5.9,On Leave,Gurgaon
1495,Riya Patel,46,Male,HR,HR Manager,82000,14,2024,8.7,Active,Noida
1496,Sahil Patel,42,Female,HR,HR Manager,87000,10,2025,8.3,Active,Hyderabad
1497,Simran Patel,54,Male,Engineering,Tech Lead,123000,8,2010,5.5,Inactive,Delhi
1498,Manish Patel,28,Female,Finance,Financial Analyst,73000,8,2019,7.2,Inactive,Delhi
1499,Aarav Patel,53,Male,Marketing,Digital Marketing Manager,83000,5,2014,8.9,Active,Hyderabad
1500,Ishita Patel,54,Male,HR,Talent Acquisition Specialist,73000,19,2026,9.0,Active,Mumbai
1501,Ravi Patel,54,Male,Finance,Financial Analyst,57000,5,2015,9.2,Active,Bangalore
1502,Meera Patel,55,Male,Sales,Sales Manager,78000,30,2018,9.8,Inactive,Lucknow
1503,Varun Patel,45,Female,Sales,Sales Manager,96000,28,2024,5.7,Inactive,Kanpur
1504,Shreya Patel,25,Male,Sales,Business Development Executive,65000,4,2016,5.3,Active,Bangalore
1505,Akash Patel,51,Female,HR,HR Executive,53000,26,2015,7.0,Active,Hyderabad
1506,Tanvi Patel,25,Male,Finance,Financial Analyst,76000,3,2013,6.0,Active,Lucknow
1507,Yash Patel,41,Male,Engineering,DevOps Engineer,90000,0,2026,8.9,Active,Mumbai
1508,Nandini Patel,49,Male,Engineering,DevOps Engineer,110000,9,2024,5.4,Inactive,Hyderabad
1509,Mohit Patel,38,Female,Marketing,Marketing Analyst,59000,1,2024,7.9,On Leave,Chennai
1510,Divya Patel,39,Male,Sales,Sales Executive,43000,7,2021,9.3,Active,Pune
1511,Rahul Mishra,47,Female,Engineering,Tech Lead,142000,1,2018,8.2,Active,Lucknow
1512,Priya Mishra,43,Male,Engineering,Software Engineer,83000,2,2025,7.9,Active,Pune
1513,Amit Mishra,38,Female,Marketing,Digital Marketing Manager,110000,3,2022,5.2,Active,Delhi
1514,Neha Mishra,27,Male,HR,HR Manager,93000,1,2022,6.7,Active,Chennai
1515,Rohan Mishra,54,Male,Marketing,Digital Marketing Manager,98000,1,2010,7.8,Active,Hyderabad
1516,Arjun Mishra,27,Female,Marketing,Marketing Executive,69000,4,2024,6.8,Active,Hyderabad
1517,Ananya Mishra,36,Female,Marketing,Marketing Executive,56000,8,2024,8.8,Active,Noida
1518,Vikram Mishra,41,Female,Marketing,Marketing Analyst,81000,23,2015,9.3,Active,Gurgaon
1519,Sneha Mishra,55,Male,HR,HR Manager,85000,23,2013,8.2,Active,Chennai
1520,Karan Mishra,32,Female,HR,HR Manager,97000,12,2021,9.0,On Leave,Bangalore
1521,Pooja Mishra,31,Female,Engineering,Software Engineer,66000,10,2019,8.8,Active,Pune
1522,Aditya Mishra,25,Female,Engineering,Software Engineer,83000,3,2022,5.7,Active,Hyderabad
1523,Nikhil Mishra,46,Male,Marketing,Marketing Executive,69000,4,2019,6.6,Active,Kanpur
1524,Kavya Mishra,36,Female,HR,Talent Acquisition Specialist,54000,17,2010,6.1,Active,Mumbai
1525,Riya Mishra,36,Male,Marketing,Digital Marketing Manager,84000,7,2014,6.5,Inactive,Gurgaon
1526,Sahil Mishra,51,Female,Marketing,Marketing Analyst,73000,26,2016,5.9,Active,Pune
1527,Simran Mishra,45,Female,Finance,Accountant,71000,23,2021,7.2,Active,Mumbai
1528,Manish Mishra,41,Male,Finance,Financial Analyst,59000,17,2020,9.0,Active,Delhi
1529,Aarav Mishra,53,Male,Marketing,Digital Marketing Manager,91000,22,2013,8.6,Active,Noida
1530,Ishita Mishra,35,Female,Finance,Accountant,72000,14,2011,8.1,Active,Pune
1531,Ravi Mishra,25,Female,Engineering,DevOps Engineer,99000,2,2011,7.4,Active,Delhi
1532,Meera Mishra,43,Female,Finance,Accountant,53000,2,2010,7.2,Active,Bangalore
1533,Varun Mishra,46,Female,Marketing,Marketing Analyst,73000,6,2019,6.2,Active,Noida
1534,Shreya Mishra,47,Male,Sales,Business Development Executive,66000,4,2010,8.6,Active,Delhi
1535,Akash Mishra,25,Male,Engineering,DevOps Engineer,97000,9,2015,6.2,Active,Bangalore
1536,Tanvi Mishra,32,Male,Marketing,Digital Marketing Manager,78000,0,2020,5.5,Active,Pune
1537,Yash Mishra,47,Male,Marketing,Marketing Executive,56000,12,2015,6.6,Active,Pune
1538,Nandini Mishra,37,Male,Engineering,Senior Engineer,97000,15,2022,6.1,Inactive,Delhi
1539,Mohit Mishra,42,Male,Engineering,DevOps Engineer,87000,14,2010,9.9,Active,Hyderabad
1540,Divya Mishra,27,Female,Engineering,DevOps Engineer,71000,2,2010,6.9,Active,Gurgaon
1541,Rahul Agarwal,44,Male,Engineering,Senior Engineer,92000,27,2025,7.7,Inactive,Delhi
1542,Priya Agarwal,30,Male,Finance,Accountant,51000,9,2024,7.5,On Leave,Chennai
1543,Amit Agarwal,22,Female,Engineering,DevOps Engineer,78000,4,2019,5.5,Active,Gurgaon
1544,Neha Agarwal,54,Female,Engineering,Data Engineer,83000,5,2014,9.7,Inactive,Noida
1545,Rohan Agarwal,45,Female,Marketing,Marketing Executive,67000,25,2012,6.2,Active,Chennai
1546,Arjun Agarwal,33,Male,Engineering,Tech Lead,99000,12,2025,9.2,Active,Hyderabad
1547,Ananya Agarwal,54,Female,Sales,Business Development Executive,80000,18,2026,8.8,Active,Lucknow
1548,Vikram Agarwal,41,Female,Marketing,Marketing Executive,55000,4,2023,7.2,Active,Kanpur
1549,Sneha Agarwal,52,Female,Finance,Accountant,61000,3,2022,7.5,Active,Lucknow
1550,Karan Agarwal,24,Male,Engineering,Senior Engineer,86000,8,2019,8.2,Active,Noida
1551,Pooja Agarwal,22,Male,Finance,Senior Financial Analyst,87000,0,2021,9.1,Active,Pune
1552,Aditya Agarwal,53,Male,HR,Talent Acquisition Specialist,57000,16,2011,5.5,Inactive,Mumbai
1553,Nikhil Agarwal,41,Male,HR,HR Manager,79000,2,2010,9.6,Active,Delhi
1554,Kavya Agarwal,39,Male,HR,Talent Acquisition Specialist,72000,0,2020,9.9,On Leave,Hyderabad
1555,Riya Agarwal,46,Female,HR,HR Executive,60000,1,2017,9.4,Active,Gurgaon
1556,Sahil Agarwal,40,Female,Finance,Senior Financial Analyst,76000,6,2023,6.9,On Leave,Mumbai
1557,Simran Agarwal,52,Male,Sales,Sales Executive,61000,8,2022,8.5,Active,Mumbai
1558,Manish Agarwal,25,Male,Engineering,Senior Engineer,112000,1,2012,7.7,Active,Lucknow
1559,Aarav Agarwal,46,Male,Sales,Sales Manager,84000,9,2018,8.8,Active,Mumbai
1560,Ishita Agarwal,26,Male,Marketing,Marketing Executive,49000,8,2026,7.3,Active,Mumbai
1561,Ravi Agarwal,23,Male,HR,HR Executive,65000,6,2012,7.2,Active,Bangalore
1562,Meera Agarwal,49,Female,Engineering,DevOps Engineer,82000,19,2016,5.2,Active,Bangalore
1563,Varun Agarwal,42,Male,HR,HR Manager,95000,8,2016,7.0,Active,Lucknow
1564,Shreya Agarwal,53,Female,HR,HR Executive,61000,2,2016,8.3,Active,Chennai
1565,Akash Agarwal,25,Male,Sales,Business Development Executive,64000,3,2015,7.7,Active,Delhi
1566,Tanvi Agarwal,25,Female,Sales,Business Development Executive,46000,6,2015,6.9,Active,Delhi
1567,Yash Agarwal,35,Female,Marketing,Marketing Executive,63000,0,2011,8.8,Active,Mumbai
1568,Nandini Agarwal,23,Female,Engineering,Data Engineer,107000,1,2022,8.4,Active,Mumbai
1569,Mohit Agarwal,52,Male,Finance,Senior Financial Analyst,105000,19,2025,7.3,On Leave,Mumbai
1570,Divya Agarwal,30,Female,HR,HR Manager,82000,4,2015,8.7,Active,Lucknow
1571,Rahul Jain,30,Female,Marketing,Marketing Analyst,78000,0,2017,5.6,Active,Mumbai
1572,Priya Jain,46,Female,Marketing,Marketing Analyst,79000,13,2024,9.8,Active,Hyderabad
1573,Amit Jain,41,Male,Marketing,Marketing Executive,69000,21,2026,6.2,Active,Gurgaon
1574,Neha Jain,33,Female,Marketing,Digital Marketing Manager,97000,11,2021,6.1,Active,Delhi
1575,Rohan Jain,55,Male,Marketing,Marketing Analyst,85000,20,2023,6.0,Active,Bangalore
1576,Arjun Jain,45,Male,Sales,Sales Manager,77000,29,2024,8.5,Active,Bangalore
1577,Ananya Jain,38,Male,Sales,Sales Executive,61000,21,2022,5.8,Active,Mumbai
1578,Vikram Jain,29,Male,Marketing,Marketing Analyst,75000,12,2026,8.4,Active,Delhi
1579,Sneha Jain,22,Female,Engineering,Tech Lead,101000,0,2020,6.0,Active,Mumbai
1580,Karan Jain,40,Female,Finance,Accountant,75000,2,2020,7.4,Active,Lucknow
1581,Pooja Jain,40,Male,Sales,Sales Executive,70000,3,2014,7.1,Active,Gurgaon
1582,Aditya Jain,47,Male,Sales,Business Development Executive,76000,5,2018,9.9,Active,Bangalore
1583,Nikhil Jain,49,Female,Engineering,Senior Engineer,105000,3,2025,7.4,Active,Gurgaon
1584,Kavya Jain,44,Male,Sales,Business Development Executive,57000,14,2024,9.9,Inactive,Gurgaon
1585,Riya Jain,43,Male,Engineering,Tech Lead,100000,10,2015,8.1,Active,Bangalore
1586,Sahil Jain,28,Male,HR,Talent Acquisition Specialist,56000,12,2019,6.8,Inactive,Chennai
1587,Simran Jain,22,Female,Sales,Sales Manager,76000,4,2021,6.0,Active,Noida
1588,Manish Jain,22,Female,Finance,Financial Analyst,53000,3,2017,6.3,Inactive,Hyderabad
1589,Aarav Jain,23,Male,Marketing,Digital Marketing Manager,75000,4,2020,5.7,Inactive,Gurgaon
1590,Ishita Jain,21,Male,Sales,Sales Executive,50000,5,2022,9.5,Active,Kanpur
1591,Ravi Jain,38,Female,Marketing,Marketing Analyst,67000,22,2026,7.0,Active,Hyderabad
1592,Meera Jain,37,Male,HR,HR Manager,83000,17,2018,9.6,Inactive,Delhi
1593,Varun Jain,41,Male,Engineering,Software Engineer,87000,16,2014,6.2,Active,Delhi
1594,Shreya Jain,30,Male,HR,HR Executive,42000,9,2010,8.7,Active,Gurgaon
1595,Akash Jain,25,Male,Sales,Business Development Executive,75000,2,2020,8.1,Active,Bangalore
1596,Tanvi Jain,33,Male,HR,HR Executive,64000,2,2012,7.2,Active,Mumbai
1597,Yash Jain,24,Male,Marketing,Marketing Analyst,75000,1,2026,7.4,Active,Chennai
1598,Nandini Jain,32,Female,Finance,Accountant,67000,15,2011,5.9,Active,Bangalore
1599,Mohit Jain,33,Male,HR,Talent Acquisition Specialist,64000,8,2016,8.5,Active,Bangalore
1600,Divya Jain,41,Female,HR,HR Executive,53000,24,2019,7.5,Active,Pune
1601,Rahul Shah,37,Female,HR,Talent Acquisition Specialist,45000,11,2018,8.8,Active,Delhi
1602,Priya Shah,52,Female,Engineering,DevOps Engineer,98000,11,2012,5.1,Active,Delhi
1603,Amit Shah,41,Female,Finance,Accountant,67000,18,2012,8.6,Active,Hyderabad
1604,Neha Shah,51,Female,Marketing,Marketing Analyst,80000,11,2025,7.7,Active,Mumbai
1605,Rohan Shah,31,Female,Finance,Senior Financial Analyst,105000,1,2024,9.6,On Leave,Pune
1606,Arjun Shah,50,Female,Marketing,Marketing Analyst,60000,27,2014,7.1,Active,Bangalore
1607,Ananya Shah,41,Female,HR,HR Manager,89000,12,2010,9.0,Active,Bangalore
1608,Vikram Shah,30,Female,HR,HR Executive,43000,9,2010,7.4,Active,Mumbai
1609,Sneha Shah,22,Male,Marketing,Marketing Executive,55000,3,2018,5.9,Active,Chennai
1610,Karan Shah,48,Male,HR,HR Manager,69000,13,2021,5.3,Active,Chennai
1611,Pooja Shah,39,Female,HR,Talent Acquisition Specialist,61000,4,2016,7.5,Inactive,Bangalore
1612,Aditya Shah,42,Male,Finance,Accountant,65000,20,2023,8.0,Active,Hyderabad
1613,Nikhil Shah,44,Male,HR,HR Manager,96000,25,2012,7.2,Active,Mumbai
1614,Kavya Shah,41,Female,HR,HR Manager,96000,22,2018,7.9,Active,Mumbai
1615,Riya Shah,29,Male,Sales,Sales Executive,63000,5,2017,7.4,Active,Kanpur
1616,Sahil Shah,41,Male,Engineering,Data Engineer,80000,16,2020,7.6,Active,Lucknow
1617,Simran Shah,25,Female,Marketing,Marketing Executive,54000,7,2014,9.2,Active,Mumbai
1618,Manish Shah,35,Female,Finance,Senior Financial Analyst,107000,0,2014,9.8,Active,Hyderabad
1619,Aarav Shah,55,Female,HR,Talent Acquisition Specialist,65000,6,2013,8.7,Active,Mumbai
1620,Ishita Shah,54,Female,Sales,Sales Manager,81000,25,2022,8.5,On Leave,Lucknow
1621,Ravi Shah,37,Female,HR,HR Manager,67000,6,2010,5.4,Active,Bangalore
1622,Meera Shah,49,Female,Marketing,Digital Marketing Manager,80000,20,2024,5.5,Active,Lucknow
1623,Varun Shah,33,Male,Finance,Financial Analyst,58000,14,2020,5.6,On Leave,Noida
1624,Shreya Shah,51,Female,HR,HR Manager,90000,11,2010,8.2,Active,Hyderabad
1625,Akash Shah,23,Male,Finance,Accountant,70000,4,2011,8.6,Active,Chennai
1626,Tanvi Shah,25,Male,HR,HR Executive,43000,1,2026,9.7,Active,Hyderabad
1627,Yash Shah,43,Female,Engineering,Data Engineer,93000,10,2012,7.0,Active,Pune
1628,Nandini Shah,46,Male,HR,Talent Acquisition Specialist,72000,22,2012,7.2,Active,Lucknow
1629,Mohit Shah,35,Male,Engineering,DevOps Engineer,72000,7,2011,7.4,Active,Mumbai
1630,Divya Shah,30,Female,HR,Talent Acquisition Specialist,55000,13,2020,8.8,Active,Kanpur
1631,Rahul Mehta,53,Male,Finance,Senior Financial Analyst,77000,24,2023,5.2,Active,Mumbai
1632,Priya Mehta,35,Female,Marketing,Marketing Executive,56000,18,2012,7.5,On Leave,Pune
1633,Amit Mehta,34,Female,Sales,Sales Executive,70000,4,2019,7.8,Active,Bangalore
1634,Neha Mehta,33,Female,Finance,Financial Analyst,71000,8,2018,5.6,Active,Kanpur
1635,Rohan Mehta,49,Male,Sales,Sales Manager,78000,19,2015,5.2,On Leave,Mumbai
1636,Arjun Mehta,33,Female,HR,Talent Acquisition Specialist,72000,9,2019,7.3,Active,Mumbai
1637,Ananya Mehta,37,Male,Sales,Sales Executive,50000,6,2010,9.1,On Leave,Mumbai
1638,Vikram Mehta,52,Female,Marketing,Digital Marketing Manager,91000,30,2024,8.0,Active,Chennai
1639,Sneha Mehta,51,Male,Sales,Sales Manager,81000,17,2012,9.4,On Leave,Gurgaon
1640,Karan Mehta,24,Female,Finance,Financial Analyst,70000,0,2024,8.6,Inactive,Delhi
1641,Pooja Mehta,24,Female,HR,Talent Acquisition Specialist,51000,5,2023,5.4,Active,Kanpur
1642,Aditya Mehta,40,Female,Engineering,Software Engineer,70000,24,2014,7.3,Inactive,Mumbai
1643,Nikhil Mehta,28,Male,Engineering,Data Engineer,81000,10,2010,5.4,Active,Gurgaon
1644,Kavya Mehta,38,Male,Engineering,DevOps Engineer,101000,8,2012,6.1,Active,Pune
1645,Riya Mehta,22,Female,Marketing,Marketing Analyst,82000,0,2024,5.9,Active,Kanpur
1646,Sahil Mehta,25,Female,Finance,Accountant,61000,4,2016,5.1,Active,Mumbai
1647,Simran Mehta,36,Female,Engineering,Software Engineer,89000,14,2023,9.0,Active,Kanpur
1648,Manish Mehta,39,Female,Engineering,DevOps Engineer,94000,11,2024,7.7,Active,Hyderabad
1649,Aarav Mehta,55,Female,Finance,Accountant,66000,4,2021,5.9,Active,Chennai
1650,Ishita Mehta,43,Female,Finance,Financial Analyst,82000,24,2023,9.8,Active,Lucknow
1651,Ravi Mehta,29,Male,Finance,Accountant,60000,5,2024,9.4,Active,Bangalore
1652,Meera Mehta,42,Female,HR,Talent Acquisition Specialist,50000,17,2016,5.4,Active,Delhi
1653,Varun Mehta,53,Female,Engineering,DevOps Engineer,77000,17,2010,9.7,Active,Bangalore
1654,Shreya Mehta,35,Female,Marketing,Marketing Executive,56000,10,2021,7.6,On Leave,Mumbai
1655,Akash Mehta,43,Female,Marketing,Digital Marketing Manager,77000,23,2017,5.8,Active,Mumbai
1656,Tanvi Mehta,21,Female,Engineering,Data Engineer,79000,4,2012,6.2,Active,Mumbai
1657,Yash Mehta,55,Male,Engineering,Senior Engineer,82000,20,2010,6.5,Active,Delhi
1658,Nandini Mehta,25,Female,Marketing,Marketing Executive,59000,4,2021,5.1,Active,Hyderabad
1659,Mohit Mehta,45,Male,HR,HR Manager,93000,11,2025,8.4,Inactive,Chennai
1660,Divya Mehta,41,Female,Engineering,Tech Lead,141000,11,2025,8.8,Active,Pune
1661,Rahul Yadav,43,Female,Marketing,Marketing Executive,57000,21,2011,8.8,Active,Lucknow
1662,Priya Yadav,55,Female,Engineering,Senior Engineer,86000,2,2024,8.7,Active,Chennai
1663,Amit Yadav,23,Male,Finance,Accountant,70000,5,2024,8.1,Active,Bangalore
1664,Neha Yadav,22,Female,Marketing,Marketing Executive,61000,4,2015,6.4,Active,Noida
1665,Rohan Yadav,24,Female,Sales,Sales Executive,63000,4,2026,5.9,Active,Bangalore
1666,Arjun Yadav,23,Male,Sales,Sales Manager,93000,4,2013,9.8,Active,Chennai
1667,Ananya Yadav,52,Male,Engineering,Data Engineer,82000,7,2022,6.5,Active,Gurgaon
1668,Vikram Yadav,52,Male,Marketing,Digital Marketing Manager,78000,7,2013,5.7,Active,Gurgaon
1669,Sneha Yadav,22,Male,Marketing,Marketing Analyst,81000,3,2023,8.5,On Leave,Hyderabad
1670,Karan Yadav,55,Female,Marketing,Marketing Analyst,56000,3,2018,7.8,Active,Delhi
1671,Pooja Yadav,26,Male,Finance,Senior Financial Analyst,101000,4,2026,9.5,On Leave,Delhi
1672,Aditya Yadav,22,Female,Engineering,DevOps Engineer,82000,1,2016,8.3,Active,Noida
1673,Nikhil Yadav,37,Male,Engineering,Senior Engineer,118000,15,2023,7.8,Active,Bangalore
1674,Kavya Yadav,40,Male,Marketing,Marketing Executive,57000,4,2011,5.6,Active,Gurgaon
1675,Riya Yadav,54,Female,Finance,Financial Analyst,71000,0,2017,9.0,Active,Chennai
1676,Sahil Yadav,51,Male,HR,HR Executive,46000,15,2022,5.7,Active,Noida
1677,Simran Yadav,30,Male,Engineering,Data Engineer,104000,13,2012,6.2,Active,Hyderabad
1678,Manish Yadav,35,Male,Marketing,Marketing Executive,70000,8,2023,9.4,Active,Kanpur
1679,Aarav Yadav,33,Male,Marketing,Marketing Analyst,75000,11,2017,7.4,Inactive,Noida
1680,Ishita Yadav,47,Female,HR,HR Executive,60000,20,2026,7.5,Active,Gurgaon
1681,Ravi Yadav,22,Male,Engineering,DevOps Engineer,76000,3,2014,6.8,Active,Chennai
1682,Meera Yadav,42,Female,Sales,Business Development Executive,66000,9,2019,7.6,Active,Gurgaon
1683,Varun Yadav,29,Male,Finance,Financial Analyst,82000,7,2020,6.3,Active,Lucknow
1684,Shreya Yadav,39,Male,Sales,Sales Executive,50000,19,2020,7.8,Active,Lucknow
1685,Akash Yadav,33,Female,Sales,Business Development Executive,72000,10,2018,8.0,Active,Mumbai
1686,Tanvi Yadav,29,Male,Finance,Financial Analyst,74000,12,2020,9.0,Active,Bangalore
1687,Yash Yadav,28,Female,Finance,Accountant,53000,11,2016,5.9,Active,Chennai
1688,Nandini Yadav,44,Female,Marketing,Marketing Analyst,78000,7,2018,7.7,Active,Gurgaon
1689,Mohit Yadav,25,Male,Engineering,Data Engineer,106000,4,2022,5.3,On Leave,Lucknow
1690,Divya Yadav,52,Female,Sales,Business Development Executive,63000,14,2026,6.0,Active,Pune
1691,Rahul Saxena,52,Female,Engineering,Data Engineer,99000,19,2022,5.6,Active,Hyderabad
1692,Priya Saxena,24,Male,Engineering,Tech Lead,102000,0,2018,8.9,Inactive,Pune
1693,Amit Saxena,34,Female,Sales,Sales Executive,40000,1,2013,9.9,Active,Lucknow
1694,Neha Saxena,48,Female,HR,HR Executive,60000,7,2018,9.2,Active,Noida
1695,Rohan Saxena,41,Male,HR,HR Executive,53000,24,2016,9.8,Active,Gurgaon
1696,Arjun Saxena,38,Male,Engineering,Software Engineer,68000,15,2023,6.2,Active,Bangalore
1697,Ananya Saxena,35,Female,Engineering,Software Engineer,68000,8,2019,7.9,Active,Pune
1698,Vikram Saxena,49,Female,HR,HR Executive,43000,6,2023,7.2,Active,Pune
1699,Sneha Saxena,45,Female,Sales,Sales Manager,78000,0,2025,8.9,Active,Hyderabad
1700,Karan Saxena,22,Male,Sales,Business Development Executive,70000,3,2024,6.9,Active,Gurgaon
1701,Pooja Saxena,45,Female,Marketing,Marketing Executive,52000,5,2020,7.0,Active,Lucknow
1702,Aditya Saxena,35,Male,Sales,Sales Manager,67000,12,2017,7.3,On Leave,Pune
1703,Nikhil Saxena,43,Female,Marketing,Marketing Executive,61000,11,2023,9.5,Active,Lucknow
1704,Kavya Saxena,43,Male,Finance,Senior Financial Analyst,92000,7,2025,5.8,On Leave,Noida
1705,Riya Saxena,54,Male,HR,HR Executive,52000,25,2021,8.8,Active,Bangalore
1706,Sahil Saxena,26,Female,Sales,Sales Executive,48000,9,2012,7.3,Active,Pune
1707,Simran Saxena,38,Male,HR,HR Manager,85000,5,2015,6.2,Active,Kanpur
1708,Manish Saxena,32,Male,Sales,Sales Manager,93000,9,2015,5.1,Inactive,Gurgaon
1709,Aarav Saxena,25,Male,Engineering,Tech Lead,149000,1,2015,8.9,Active,Hyderabad
1710,Ishita Saxena,32,Female,Sales,Sales Executive,48000,4,2010,9.3,Active,Noida
1711,Ravi Saxena,22,Male,Sales,Sales Executive,53000,4,2014,5.2,Active,Bangalore
1712,Meera Saxena,36,Female,Finance,Accountant,71000,19,2018,6.2,Active,Delhi
1713,Varun Saxena,36,Male,Sales,Sales Executive,42000,5,2022,5.0,Active,Chennai
1714,Shreya Saxena,46,Female,Sales,Business Development Executive,71000,17,2026,9.8,Inactive,Hyderabad
1715,Akash Saxena,46,Female,Finance,Accountant,58000,24,2015,5.6,Active,Delhi
1716,Tanvi Saxena,44,Female,Finance,Financial Analyst,77000,26,2022,6.5,Active,Chennai
1717,Yash Saxena,33,Male,HR,HR Manager,75000,0,2024,8.2,Active,Mumbai
1718,Nandini Saxena,30,Female,HR,HR Manager,82000,0,2025,7.3,Active,Mumbai
1719,Mohit Saxena,50,Male,Marketing,Marketing Executive,53000,4,2014,6.5,Active,Chennai
1720,Divya Saxena,45,Female,Marketing,Marketing Executive,65000,28,2019,9.1,Active,Kanpur
1721,Rahul Malhotra,51,Male,Finance,Senior Financial Analyst,88000,2,2019,5.1,Active,Noida
1722,Priya Malhotra,38,Female,Engineering,DevOps Engineer,84000,1,2026,5.1,Active,Gurgaon
1723,Amit Malhotra,50,Male,Sales,Sales Manager,84000,11,2021,9.0,Active,Chennai
1724,Neha Malhotra,52,Male,Sales,Sales Executive,62000,13,2026,10.0,Active,Pune
1725,Rohan Malhotra,42,Male,Marketing,Digital Marketing Manager,88000,21,2014,8.8,Active,Gurgaon
1726,Arjun Malhotra,45,Female,Marketing,Marketing Executive,46000,8,2011,5.1,Active,Pune
1727,Ananya Malhotra,33,Male,HR,HR Manager,82000,13,2016,10.0,Active,Kanpur
1728,Vikram Malhotra,37,Female,Engineering,Senior Engineer,111000,15,2015,5.6,Active,Hyderabad
1729,Sneha Malhotra,44,Female,Marketing,Marketing Analyst,74000,27,2020,7.6,Active,Gurgaon
1730,Karan Malhotra,54,Male,Finance,Accountant,71000,21,2017,9.1,Active,Lucknow
1731,Pooja Malhotra,42,Female,Finance,Senior Financial Analyst,102000,16,2011,9.0,Active,Bangalore
1732,Aditya Malhotra,35,Female,HR,HR Manager,75000,7,2013,7.1,Active,Gurgaon
1733,Nikhil Malhotra,42,Male,Engineering,Senior Engineer,91000,9,2025,8.9,Inactive,Kanpur
1734,Kavya Malhotra,48,Male,Marketing,Marketing Executive,59000,12,2025,6.7,Active,Lucknow
1735,Riya Malhotra,36,Female,Marketing,Marketing Analyst,74000,15,2016,7.2,Active,Mumbai
1736,Sahil Malhotra,31,Male,HR,Talent Acquisition Specialist,56000,10,2022,5.5,Active,Kanpur
1737,Simran Malhotra,30,Male,Marketing,Marketing Analyst,84000,8,2012,10.0,Active,Bangalore
1738,Manish Malhotra,23,Male,Finance,Senior Financial Analyst,98000,2,2012,5.8,Active,Delhi
1739,Aarav Malhotra,23,Male,Engineering,DevOps Engineer,70000,1,2016,9.5,On Leave,Chennai
1740,Ishita Malhotra,27,Female,Sales,Sales Manager,99000,4,2012,5.7,Active,Lucknow
1741,Ravi Malhotra,31,Male,Marketing,Digital Marketing Manager,85000,3,2019,7.0,Active,Bangalore
1742,Meera Malhotra,51,Female,Marketing,Marketing Analyst,72000,25,2019,8.3,On Leave,Pune
1743,Varun Malhotra,36,Male,Finance,Financial Analyst,66000,9,2024,8.5,Active,Kanpur
1744,Shreya Malhotra,28,Male,Engineering,Data Engineer,78000,2,2014,6.4,Active,Hyderabad
1745,Akash Malhotra,36,Male,Marketing,Marketing Analyst,59000,15,2019,9.5,Active,Hyderabad
1746,Tanvi Malhotra,31,Male,HR,HR Manager,69000,12,2011,9.2,On Leave,Pune
1747,Yash Malhotra,32,Female,Marketing,Digital Marketing Manager,96000,15,2020,5.7,Active,Pune
1748,Nandini Malhotra,41,Male,Sales,Business Development Executive,57000,24,2010,9.8,Active,Chennai
1749,Mohit Malhotra,42,Female,Engineering,Senior Engineer,96000,4,2026,9.8,Inactive,Bangalore
1750,Divya Malhotra,47,Female,Engineering,Tech Lead,142000,1,2020,6.7,Active,Noida
1751,Rahul Bansal,33,Female,HR,HR Manager,98000,6,2018,9.4,Inactive,Gurgaon
1752,Priya Bansal,33,Female,Engineering,Data Engineer,109000,13,2019,5.2,Active,Pune
1753,Amit Bansal,25,Female,Marketing,Marketing Analyst,85000,7,2017,9.2,Active,Lucknow
1754,Neha Bansal,40,Female,Engineering,Senior Engineer,118000,20,2018,6.3,Active,Kanpur
1755,Rohan Bansal,35,Male,HR,HR Manager,65000,14,2023,9.8,On Leave,Lucknow
1756,Arjun Bansal,55,Female,Sales,Sales Manager,66000,26,2026,8.8,Active,Chennai
1757,Ananya Bansal,34,Female,Sales,Sales Manager,73000,17,2017,7.8,Active,Noida
1758,Vikram Bansal,33,Female,Marketing,Marketing Executive,56000,0,2017,5.1,Active,Lucknow
1759,Sneha Bansal,31,Male,Finance,Senior Financial Analyst,86000,9,2023,8.6,Active,Lucknow
1760,Karan Bansal,40,Male,Sales,Business Development Executive,49000,17,2012,9.4,On Leave,Kanpur
1761,Pooja Bansal,36,Female,Finance,Financial Analyst,57000,2,2024,5.6,Active,Noida
1762,Aditya Bansal,50,Female,Engineering,Data Engineer,88000,16,2012,8.9,Active,Pune
1763,Nikhil Bansal,33,Male,Finance,Accountant,46000,17,2012,5.8,Active,Noida
1764,Kavya Bansal,55,Female,Marketing,Digital Marketing Manager,93000,6,2010,9.3,Active,Pune
1765,Riya Bansal,27,Female,Marketing,Marketing Executive,50000,8,2016,8.9,Active,Delhi
1766,Sahil Bansal,35,Female,Sales,Sales Manager,90000,15,2020,6.0,Active,Chennai
1767,Simran Bansal,33,Female,Sales,Sales Manager,66000,0,2021,7.1,On Leave,Hyderabad
1768,Manish Bansal,50,Male,HR,HR Executive,59000,2,2026,8.0,Active,Noida
1769,Aarav Bansal,42,Male,Sales,Sales Executive,66000,3,2020,6.6,On Leave,Lucknow
1770,Ishita Bansal,23,Female,Engineering,Tech Lead,139000,1,2014,9.1,Inactive,Lucknow
1771,Ravi Bansal,42,Female,Engineering,DevOps Engineer,94000,13,2012,6.5,Active,Kanpur
1772,Meera Bansal,22,Male,Finance,Financial Analyst,56000,2,2014,6.8,Active,Lucknow
1773,Varun Bansal,42,Male,Engineering,Senior Engineer,118000,10,2016,6.2,Active,Noida
1774,Shreya Bansal,55,Female,Engineering,DevOps Engineer,108000,29,2019,5.5,Active,Kanpur
1775,Akash Bansal,40,Male,Engineering,Tech Lead,113000,13,2011,5.3,Inactive,Gurgaon
1776,Tanvi Bansal,21,Female,Marketing,Marketing Executive,60000,0,2021,7.7,Active,Gurgaon
1777,Yash Bansal,36,Male,Finance,Financial Analyst,62000,2,2013,7.4,Active,Bangalore
1778,Nandini Bansal,31,Female,Marketing,Marketing Executive,67000,7,2026,7.9,Active,Mumbai
1779,Mohit Bansal,52,Female,HR,HR Executive,54000,17,2016,6.0,Active,Hyderabad
1780,Divya Bansal,29,Female,Sales,Sales Manager,103000,6,2019,6.2,On Leave,Delhi
1781,Rahul Tiwari,47,Female,Sales,Sales Manager,65000,8,2013,8.0,Active,Bangalore
1782,Priya Tiwari,32,Male,HR,HR Executive,63000,3,2011,10.0,Active,Delhi
1783,Amit Tiwari,46,Male,HR,HR Manager,72000,4,2010,8.6,On Leave,Kanpur
1784,Neha Tiwari,47,Male,Finance,Financial Analyst,79000,3,2014,8.6,Active,Hyderabad
1785,Rohan Tiwari,41,Female,Marketing,Digital Marketing Manager,104000,13,2018,8.3,On Leave,Bangalore
1786,Arjun Tiwari,34,Female,Finance,Financial Analyst,66000,12,2025,9.7,Active,Lucknow
1787,Ananya Tiwari,21,Female,Marketing,Marketing Executive,47000,3,2011,7.6,Active,Delhi
1788,Vikram Tiwari,39,Male,Finance,Senior Financial Analyst,87000,4,2023,7.4,Active,Delhi
1789,Sneha Tiwari,50,Male,Finance,Accountant,52000,11,2024,8.4,Active,Chennai
1790,Karan Tiwari,45,Male,HR,HR Manager,79000,8,2024,5.1,Active,Chennai
1791,Pooja Tiwari,45,Female,Sales,Business Development Executive,54000,7,2013,8.6,Active,Delhi
1792,Aditya Tiwari,38,Male,Sales,Sales Manager,91000,21,2010,7.8,On Leave,Mumbai
1793,Nikhil Tiwari,39,Male,HR,Talent Acquisition Specialist,63000,8,2026,8.1,Inactive,Kanpur
1794,Kavya Tiwari,30,Female,Finance,Accountant,70000,0,2023,5.0,Active,Delhi
1795,Riya Tiwari,40,Male,Marketing,Marketing Analyst,78000,23,2018,8.1,Active,Gurgaon
1796,Sahil Tiwari,43,Male,Marketing,Marketing Analyst,75000,3,2016,6.6,On Leave,Hyderabad
1797,Simran Tiwari,51,Male,HR,Talent Acquisition Specialist,56000,24,2025,7.2,Active,Delhi
1798,Manish Tiwari,27,Male,HR,HR Executive,53000,9,2011,7.3,Active,Delhi
1799,Aarav Tiwari,27,Male,Sales,Sales Manager,74000,10,2017,6.1,Active,Lucknow
1800,Ishita Tiwari,21,Male,Marketing,Marketing Executive,54000,4,2024,5.5,Inactive,Gurgaon
1801,Ravi Tiwari,28,Male,Finance,Accountant,63000,1,2017,7.4,Active,Bangalore
1802,Meera Tiwari,21,Male,HR,HR Manager,87000,3,2013,7.5,Active,Gurgaon
1803,Varun Tiwari,38,Female,Marketing,Digital Marketing Manager,93000,0,2021,7.8,Active,Delhi
1804,Shreya Tiwari,22,Male,Finance,Financial Analyst,61000,5,2015,8.7,Active,Mumbai
1805,Akash Tiwari,34,Female,HR,HR Manager,95000,6,2011,6.1,Active,Delhi
1806,Tanvi Tiwari,34,Male,Finance,Accountant,59000,11,2014,9.2,Active,Pune
1807,Yash Tiwari,21,Female,Finance,Financial Analyst,85000,1,2015,5.5,Active,Mumbai
1808,Nandini Tiwari,25,Male,Marketing,Marketing Executive,59000,2,2017,6.3,Active,Noida
1809,Mohit Tiwari,54,Male,Sales,Business Development Executive,67000,30,2024,9.1,Active,Gurgaon
1810,Divya Tiwari,34,Female,Marketing,Marketing Executive,65000,14,2024,6.6,Active,Kanpur
1811,Rahul Joshi,33,Male,Finance,Senior Financial Analyst,105000,12,2012,9.0,Active,Kanpur
1812,Priya Joshi,35,Male,Engineering,DevOps Engineer,101000,17,2022,5.3,Active,Mumbai
1813,Amit Joshi,29,Male,Engineering,DevOps Engineer,110000,3,2012,7.7,Active,Noida
1814,Neha Joshi,55,Male,Finance,Senior Financial Analyst,97000,2,2014,5.2,Active,Mumbai
1815,Rohan Joshi,29,Male,HR,Talent Acquisition Specialist,66000,12,2012,8.1,Active,Noida
1816,Arjun Joshi,26,Female,Marketing,Marketing Executive,67000,5,2018,5.1,Active,Kanpur
1817,Ananya Joshi,22,Male,Engineering,Software Engineer,71000,6,2015,5.4,Active,Delhi
1818,Vikram Joshi,49,Male,Sales,Business Development Executive,69000,25,2011,8.6,Inactive,Hyderabad
1819,Sneha Joshi,45,Female,Engineering,DevOps Engineer,112000,21,2019,6.3,Active,Bangalore
1820,Karan Joshi,55,Male,Finance,Senior Financial Analyst,109000,15,2012,5.9,Active,Noida
1821,Pooja Joshi,23,Female,Marketing,Marketing Analyst,56000,5,2026,7.3,Active,Kanpur
1822,Aditya Joshi,21,Female,Finance,Financial Analyst,75000,5,2021,5.4,Active,Lucknow
1823,Nikhil Joshi,54,Male,Marketing,Marketing Analyst,73000,4,2013,7.1,Active,Noida
1824,Kavya Joshi,35,Female,Finance,Accountant,47000,10,2021,9.1,Active,Pune
1825,Riya Joshi,23,Male,Marketing,Marketing Executive,58000,0,2016,7.1,On Leave,Noida
1826,Sahil Joshi,50,Male,Finance,Financial Analyst,84000,19,2015,5.3,Active,Kanpur
1827,Simran Joshi,28,Male,Finance,Accountant,49000,6,2026,6.3,Active,Bangalore
1828,Manish Joshi,51,Male,HR,Talent Acquisition Specialist,51000,15,2022,7.6,Active,Lucknow
1829,Aarav Joshi,36,Male,Engineering,Senior Engineer,106000,4,2019,7.6,Active,Lucknow
1830,Ishita Joshi,47,Male,HR,HR Executive,48000,9,2023,6.8,Active,Noida
1831,Ravi Joshi,48,Male,Engineering,Tech Lead,146000,6,2018,7.3,Active,Pune
1832,Meera Joshi,39,Female,Marketing,Marketing Executive,57000,20,2021,9.3,Active,Pune
1833,Varun Joshi,35,Female,Finance,Accountant,67000,11,2015,6.0,On Leave,Kanpur
1834,Shreya Joshi,26,Female,Marketing,Marketing Analyst,68000,7,2018,7.6,Inactive,Noida
1835,Akash Joshi,53,Male,Engineering,Senior Engineer,87000,29,2021,7.8,Active,Bangalore
1836,Tanvi Joshi,38,Male,HR,HR Manager,69000,10,2020,6.4,Active,Lucknow
1837,Yash Joshi,36,Female,HR,HR Executive,52000,6,2016,7.9,On Leave,Delhi
1838,Nandini Joshi,46,Male,HR,HR Executive,43000,23,2012,8.6,Active,Chennai
1839,Mohit Joshi,28,Male,Engineering,DevOps Engineer,83000,8,2017,8.2,Active,Mumbai
1840,Divya Joshi,29,Male,Finance,Financial Analyst,53000,6,2023,8.6,Inactive,Gurgaon
1841,Rahul Sinha,53,Female,Finance,Senior Financial Analyst,81000,15,2024,8.9,Active,Noida
1842,Priya Sinha,21,Male,HR,HR Executive,41000,0,2010,6.7,Active,Noida
1843,Amit Sinha,29,Female,Sales,Business Development Executive,46000,13,2017,6.7,Active,Chennai
1844,Neha Sinha,37,Male,Sales,Sales Executive,64000,9,2023,9.4,Active,Pune
1845,Rohan Sinha,44,Female,Finance,Financial Analyst,54000,19,2012,8.0,On Leave,Noida
1846,Arjun Sinha,39,Female,Sales,Sales Manager,80000,3,2017,7.6,Active,Kanpur
1847,Ananya Sinha,29,Male,Marketing,Marketing Executive,51000,12,2015,8.0,Active,Delhi
1848,Vikram Sinha,36,Male,Finance,Senior Financial Analyst,97000,14,2023,5.5,Inactive,Lucknow
1849,Sneha Sinha,29,Male,Sales,Sales Manager,68000,8,2021,8.9,Active,Chennai
1850,Karan Sinha,46,Male,Marketing,Digital Marketing Manager,73000,13,2026,5.6,Active,Kanpur
1851,Pooja Sinha,23,Female,Engineering,DevOps Engineer,83000,3,2021,7.0,Active,Kanpur
1852,Aditya Sinha,45,Male,Marketing,Marketing Executive,55000,4,2016,9.8,Active,Lucknow
1853,Nikhil Sinha,42,Female,Engineering,Data Engineer,103000,11,2015,7.9,Active,Chennai
1854,Kavya Sinha,48,Female,Sales,Business Development Executive,54000,24,2016,6.5,Inactive,Delhi
1855,Riya Sinha,36,Female,Sales,Sales Executive,66000,9,2026,8.9,Active,Mumbai
1856,Sahil Sinha,51,Female,Sales,Business Development Executive,80000,27,2014,5.2,Active,Hyderabad
1857,Simran Sinha,28,Male,Engineering,Tech Lead,125000,0,2010,7.5,Inactive,Gurgaon
1858,Manish Sinha,25,Female,Finance,Accountant,51000,4,2010,10.0,Active,Bangalore
1859,Aarav Sinha,46,Female,Sales,Business Development Executive,73000,24,2022,9.2,Active,Gurgaon
1860,Ishita Sinha,50,Female,Sales,Sales Manager,75000,2,2021,8.2,Active,Bangalore
1861,Ravi Sinha,42,Female,Engineering,Tech Lead,96000,18,2026,7.8,Active,Mumbai
1862,Meera Sinha,32,Male,Engineering,Senior Engineer,95000,6,2019,8.9,Active,Gurgaon
1863,Varun Sinha,24,Male,Sales,Business Development Executive,47000,6,2025,7.0,Active,Pune
1864,Shreya Sinha,22,Female,Marketing,Marketing Executive,70000,5,2016,7.8,Inactive,Mumbai
1865,Akash Sinha,54,Male,HR,HR Manager,89000,19,2017,8.3,Active,Kanpur
1866,Tanvi Sinha,39,Female,Finance,Senior Financial Analyst,83000,0,2014,6.7,Active,Bangalore
1867,Yash Sinha,46,Female,Finance,Accountant,67000,18,2014,8.3,Active,Noida
1868,Nandini Sinha,45,Male,Marketing,Marketing Analyst,68000,18,2012,5.1,Active,Pune
1869,Mohit Sinha,27,Female,HR,HR Executive,57000,10,2020,9.9,Active,Lucknow
1870,Divya Sinha,33,Female,Marketing,Digital Marketing Manager,80000,8,2017,9.2,Active,Kanpur
1871,Rahul Pandey,22,Male,HR,HR Manager,80000,6,2010,8.3,Active,Gurgaon
1872,Priya Pandey,46,Female,Marketing,Marketing Executive,47000,29,2013,7.5,Active,Mumbai
1873,Amit Pandey,42,Male,Engineering,Software Engineer,62000,26,2022,8.1,Active,Lucknow
1874,Neha Pandey,25,Male,Engineering,Data Engineer,97000,5,2015,9.4,Inactive,Pune
1875,Rohan Pandey,30,Male,Finance,Financial Analyst,68000,0,2018,9.5,Active,Gurgaon
1876,Arjun Pandey,39,Male,HR,HR Executive,63000,12,2024,8.6,Active,Pune
1877,Ananya Pandey,29,Female,HR,HR Manager,66000,9,2012,8.6,On Leave,Pune
1878,Vikram Pandey,24,Male,Sales,Business Development Executive,49000,2,2018,7.0,Active,Noida
1879,Sneha Pandey,37,Male,HR,HR Executive,47000,2,2024,5.4,Active,Hyderabad
1880,Karan Pandey,43,Male,HR,HR Executive,51000,22,2022,7.3,Inactive,Chennai
1881,Pooja Pandey,21,Male,HR,Talent Acquisition Specialist,48000,1,2012,5.0,Active,Pune
1882,Aditya Pandey,36,Female,Finance,Financial Analyst,81000,16,2025,6.9,Active,Chennai
1883,Nikhil Pandey,25,Male,Finance,Senior Financial Analyst,92000,8,2011,9.3,Active,Bangalore
1884,Kavya Pandey,46,Female,Sales,Sales Executive,67000,9,2013,6.4,Inactive,Mumbai
1885,Riya Pandey,49,Male,Finance,Financial Analyst,76000,6,2025,9.6,Inactive,Chennai
1886,Sahil Pandey,53,Male,HR,HR Executive,40000,5,2015,9.4,On Leave,Gurgaon
1887,Simran Pandey,55,Female,HR,HR Executive,61000,26,2016,7.6,Inactive,Bangalore
1888,Manish Pandey,55,Male,Marketing,Digital Marketing Manager,110000,10,2024,8.8,On Leave,Mumbai
1889,Aarav Pandey,55,Female,Engineering,DevOps Engineer,82000,7,2020,5.1,Active,Chennai
1890,Ishita Pandey,22,Male,Sales,Business Development Executive,73000,3,2022,7.3,Active,Pune
1891,Ravi Pandey,52,Female,Marketing,Digital Marketing Manager,80000,7,2010,8.8,Active,Bangalore
1892,Meera Pandey,26,Female,HR,HR Executive,47000,10,2021,8.4,Active,Pune
1893,Varun Pandey,44,Female,Finance,Accountant,60000,0,2013,7.0,Active,Delhi
1894,Shreya Pandey,54,Female,HR,HR Executive,59000,20,2014,7.8,Inactive,Gurgaon
1895,Akash Pandey,23,Male,HR,HR Manager,84000,4,2010,5.6,Inactive,Hyderabad
1896,Tanvi Pandey,23,Female,Sales,Sales Manager,104000,3,2018,8.2,Active,Gurgaon
1897,Yash Pandey,42,Female,Sales,Business Development Executive,49000,23,2012,6.7,Active,Noida
1898,Nandini Pandey,50,Male,Engineering,Data Engineer,76000,30,2021,6.2,Active,Chennai
1899,Mohit Pandey,45,Male,HR,Talent Acquisition Specialist,70000,15,2015,9.7,Active,Pune
1900,Divya Pandey,25,Female,Engineering,Data Engineer,102000,9,2025,7.7,On Leave,Gurgaon
1901,Rahul Sharma,48,Female,Marketing,Digital Marketing Manager,80000,16,2014,7.6,Active,Kanpur
1902,Priya Sharma,55,Male,Sales,Sales Executive,53000,10,2015,6.8,Active,Kanpur
1903,Amit Sharma,44,Female,Marketing,Marketing Analyst,79000,24,2020,7.8,Active,Delhi
1904,Neha Sharma,31,Female,Sales,Sales Executive,66000,8,2020,6.3,Active,Noida
1905,Rohan Sharma,46,Female,Sales,Sales Manager,78000,14,2014,9.1,Active,Bangalore
1906,Arjun Sharma,36,Female,HR,Talent Acquisition Specialist,62000,20,2018,9.2,Active,Mumbai
1907,Ananya Sharma,55,Male,Sales,Sales Executive,51000,30,2022,6.3,Active,Hyderabad
1908,Vikram Sharma,32,Male,Marketing,Marketing Executive,56000,10,2022,9.8,Active,Gurgaon
1909,Sneha Sharma,35,Male,Finance,Accountant,65000,7,2021,6.1,Inactive,Noida
1910,Karan Sharma,27,Female,Marketing,Marketing Analyst,67000,8,2010,7.6,Inactive,Noida
1911,Pooja Sharma,41,Female,Sales,Sales Manager,97000,0,2019,6.1,Active,Gurgaon
1912,Aditya Sharma,28,Female,Sales,Business Development Executive,50000,10,2013,8.0,Active,Mumbai
1913,Nikhil Sharma,54,Male,Finance,Accountant,53000,26,2018,5.4,Active,Pune
1914,Kavya Sharma,40,Female,Finance,Senior Financial Analyst,105000,2,2013,9.1,Active,Mumbai
1915,Riya Sharma,32,Female,Sales,Sales Executive,67000,11,2023,8.6,Inactive,Delhi
1916,Sahil Sharma,36,Female,Marketing,Marketing Analyst,56000,13,2010,9.8,Active,Delhi
1917,Simran Sharma,39,Female,Engineering,Tech Lead,107000,2,2024,8.1,Inactive,Delhi
1918,Manish Sharma,54,Female,Sales,Sales Executive,60000,15,2014,5.0,Active,Mumbai
1919,Aarav Sharma,53,Male,Sales,Sales Manager,91000,16,2015,9.7,Active,Pune
1920,Ishita Sharma,47,Female,Finance,Accountant,62000,1,2023,7.7,Active,Bangalore
1921,Ravi Sharma,29,Female,Finance,Accountant,56000,7,2018,8.7,Active,Hyderabad
1922,Meera Sharma,41,Male,Sales,Sales Manager,77000,25,2026,6.5,Active,Delhi
1923,Varun Sharma,26,Male,Finance,Financial Analyst,59000,6,2010,5.2,On Leave,Hyderabad
1924,Shreya Sharma,35,Male,HR,HR Executive,48000,18,2014,9.0,On Leave,Delhi
1925,Akash Sharma,34,Male,Finance,Senior Financial Analyst,106000,0,2011,8.2,Active,Bangalore
1926,Tanvi Sharma,27,Female,Finance,Senior Financial Analyst,109000,4,2026,6.9,Active,Chennai
1927,Yash Sharma,30,Female,HR,HR Manager,94000,7,2024,8.2,Active,Kanpur
1928,Nandini Sharma,29,Female,Sales,Business Development Executive,56000,5,2021,6.0,Inactive,Noida
1929,Mohit Sharma,34,Male,Sales,Sales Executive,64000,5,2014,9.2,Active,Gurgaon
1930,Divya Sharma,30,Male,Engineering,Tech Lead,136000,14,2012,6.9,Active,Delhi
1931,Rahul Verma,54,Male,Marketing,Marketing Analyst,71000,7,2015,8.6,Active,Kanpur
1932,Priya Verma,55,Female,Marketing,Marketing Analyst,72000,5,2012,5.9,Active,Hyderabad
1933,Amit Verma,51,Female,Finance,Senior Financial Analyst,99000,14,2018,5.7,Active,Gurgaon
1934,Neha Verma,23,Female,HR,Talent Acquisition Specialist,48000,5,2026,6.9,Active,Mumbai
1935,Rohan Verma,27,Male,Engineering,DevOps Engineer,82000,6,2024,8.2,Active,Chennai
1936,Arjun Verma,34,Male,Marketing,Digital Marketing Manager,84000,6,2015,6.6,Active,Gurgaon
1937,Ananya Verma,34,Female,HR,HR Executive,64000,13,2023,8.3,Active,Lucknow
1938,Vikram Verma,36,Female,Sales,Sales Executive,48000,17,2015,8.3,Active,Mumbai
1939,Sneha Verma,55,Female,Finance,Accountant,55000,6,2018,5.6,Active,Chennai
1940,Karan Verma,52,Male,HR,HR Manager,84000,7,2017,7.9,Active,Lucknow
1941,Pooja Verma,52,Male,Engineering,Senior Engineer,109000,19,2024,5.9,Active,Delhi
1942,Aditya Verma,31,Female,Finance,Financial Analyst,81000,1,2026,8.6,Active,Hyderabad
1943,Nikhil Verma,29,Male,Sales,Business Development Executive,61000,9,2014,5.1,Active,Delhi
1944,Kavya Verma,29,Male,Finance,Senior Financial Analyst,79000,12,2016,5.2,Active,Noida
1945,Riya Verma,52,Female,Marketing,Digital Marketing Manager,103000,19,2026,6.7,Active,Hyderabad
1946,Sahil Verma,53,Male,HR,HR Executive,61000,11,2022,9.0,Inactive,Kanpur
1947,Simran Verma,33,Male,Finance,Senior Financial Analyst,90000,0,2022,9.1,On Leave,Gurgaon
1948,Manish Verma,41,Male,Marketing,Marketing Executive,56000,3,2015,9.4,Active,Delhi
1949,Aarav Verma,22,Female,HR,Talent Acquisition Specialist,64000,6,2015,8.3,Active,Mumbai
1950,Ishita Verma,51,Male,Sales,Sales Executive,42000,8,2016,7.9,Inactive,Delhi
1951,Ravi Verma,34,Male,Marketing,Marketing Executive,65000,18,2013,7.0,Active,Bangalore
1952,Meera Verma,28,Female,HR,HR Executive,63000,3,2024,7.3,Active,Kanpur
1953,Varun Verma,28,Female,Engineering,Software Engineer,64000,9,2022,5.5,Inactive,Kanpur
1954,Shreya Verma,28,Female,Engineering,Data Engineer,79000,9,2020,9.7,Active,Gurgaon
1955,Akash Verma,34,Female,Finance,Accountant,51000,1,2023,6.7,Active,Bangalore
1956,Tanvi Verma,50,Female,Finance,Accountant,48000,20,2014,5.9,Active,Kanpur
1957,Yash Verma,46,Female,Sales,Sales Executive,51000,20,2010,9.9,Active,Lucknow
1958,Nandini Verma,45,Female,Engineering,DevOps Engineer,83000,4,2021,8.6,On Leave,Delhi
1959,Mohit Verma,21,Female,Sales,Business Development Executive,68000,1,2014,9.1,Active,Mumbai
1960,Divya Verma,50,Female,HR,HR Manager,78000,3,2023,7.7,Active,Pune
1961,Rahul Singh,40,Male,HR,HR Executive,41000,24,2018,9.4,Active,Kanpur
1962,Priya Singh,30,Male,Engineering,Data Engineer,78000,7,2021,7.4,Active,Lucknow
1963,Amit Singh,24,Male,Sales,Business Development Executive,49000,2,2024,7.2,On Leave,Kanpur
1964,Neha Singh,47,Male,HR,HR Executive,49000,7,2026,6.7,Active,Bangalore
1965,Rohan Singh,21,Male,Finance,Financial Analyst,66000,1,2011,5.1,Active,Pune
1966,Arjun Singh,52,Male,Marketing,Marketing Analyst,69000,18,2019,6.9,Active,Hyderabad
1967,Ananya Singh,44,Female,Marketing,Marketing Executive,53000,9,2018,9.2,Active,Lucknow
1968,Vikram Singh,50,Male,Engineering,Software Engineer,61000,13,2011,9.0,Active,Kanpur
1969,Sneha Singh,34,Female,Marketing,Digital Marketing Manager,85000,0,2013,7.0,Active,Delhi
1970,Karan Singh,52,Male,Marketing,Digital Marketing Manager,73000,5,2010,9.1,Active,Chennai
1971,Pooja Singh,27,Female,Sales,Sales Executive,68000,2,2013,8.5,Active,Mumbai
1972,Aditya Singh,53,Male,Marketing,Marketing Analyst,58000,1,2017,7.3,Active,Delhi
1973,Nikhil Singh,24,Female,Finance,Accountant,54000,4,2025,6.0,Active,Delhi
1974,Kavya Singh,33,Female,Engineering,DevOps Engineer,99000,0,2015,7.7,Active,Hyderabad
1975,Riya Singh,49,Male,Marketing,Digital Marketing Manager,87000,13,2025,6.0,Active,Hyderabad
1976,Sahil Singh,33,Female,Sales,Sales Manager,75000,6,2024,9.2,On Leave,Pune
1977,Simran Singh,30,Male,Finance,Accountant,47000,1,2026,9.2,Active,Chennai
1978,Manish Singh,22,Female,Engineering,Tech Lead,121000,0,2023,5.5,Inactive,Gurgaon
1979,Aarav Singh,22,Female,Engineering,Software Engineer,62000,6,2024,8.3,Active,Lucknow
1980,Ishita Singh,23,Female,Finance,Accountant,53000,0,2012,7.9,Active,Delhi
1981,Ravi Singh,41,Male,HR,HR Executive,48000,25,2026,9.0,Active,Gurgaon
1982,Meera Singh,52,Male,Marketing,Digital Marketing Manager,105000,29,2025,8.2,Active,Gurgaon
1983,Varun Singh,49,Male,Engineering,Data Engineer,95000,21,2019,7.1,Active,Delhi
1984,Shreya Singh,30,Female,Marketing,Marketing Analyst,57000,3,2025,7.9,Active,Bangalore
1985,Akash Singh,41,Female,HR,HR Executive,64000,13,2026,7.9,Inactive,Gurgaon
1986,Tanvi Singh,49,Male,Engineering,Software Engineer,83000,25,2018,9.4,On Leave,Bangalore
1987,Yash Singh,22,Male,Marketing,Marketing Executive,62000,1,2024,5.5,Active,Bangalore
1988,Nandini Singh,22,Female,Finance,Financial Analyst,55000,5,2017,8.4,Active,Gurgaon
1989,Mohit Singh,53,Male,Sales,Business Development Executive,74000,19,2014,5.4,Active,Kanpur
1990,Divya Singh,55,Male,Sales,Sales Manager,98000,16,2010,9.9,Inactive,Lucknow
1991,Rahul Gupta,40,Female,HR,HR Executive,65000,17,2013,9.7,On Leave,Noida
1992,Priya Gupta,53,Female,HR,Talent Acquisition Specialist,59000,23,2026,7.2,Active,Bangalore
1993,Amit Gupta,24,Female,Finance,Accountant,47000,0,2023,6.6,Active,Bangalore
1994,Neha Gupta,33,Male,Sales,Sales Executive,50000,12,2022,8.8,Active,Bangalore
1995,Rohan Gupta,53,Male,Marketing,Digital Marketing Manager,109000,28,2018,8.0,Active,Noida
1996,Arjun Gupta,30,Female,Marketing,Digital Marketing Manager,101000,7,2011,5.2,Active,Delhi
1997,Ananya Gupta,37,Female,Sales,Sales Manager,72000,2,2021,5.2,On Leave,Mumbai
1998,Vikram Gupta,32,Female,Finance,Accountant,74000,15,2017,8.6,Active,Chennai
1999,Sneha Gupta,46,Female,Finance,Accountant,46000,5,2023,9.2,Active,Noida
2000,Karan Gupta,36,Female,Sales,Sales Manager,67000,8,2018,7.6,Active,Chennai
2001,Pooja Gupta,21,Male,Sales,Sales Manager,72000,1,2022,5.8,Inactive,Gurgaon
2002,Aditya Gupta,36,Male,Marketing,Marketing Analyst,73000,20,2014,7.5,Active,Mumbai
2003,Nikhil Gupta,38,Male,Marketing,Digital Marketing Manager,103000,17,2017,9.4,Active,Lucknow
2004,Kavya Gupta,46,Female,HR,Talent Acquisition Specialist,60000,15,2012,5.1,On Leave,Delhi
2005,Riya Gupta,40,Female,HR,HR Executive,59000,2,2017,8.3,Inactive,Bangalore
2006,Sahil Gupta,34,Female,Engineering,Senior Engineer,94000,13,2025,9.5,Active,Mumbai
2007,Simran Gupta,23,Female,Finance,Accountant,62000,4,2013,6.7,On Leave,Kanpur
2008,Manish Gupta,31,Female,Finance,Senior Financial Analyst,107000,11,2014,5.6,Active,Hyderabad
2009,Aarav Gupta,23,Female,Finance,Senior Financial Analyst,77000,3,2023,9.2,Active,Chennai
2010,Ishita Gupta,25,Male,HR,Talent Acquisition Specialist,53000,8,2011,9.3,Active,Noida
2011,Ravi Gupta,30,Female,Finance,Financial Analyst,79000,1,2018,7.6,Inactive,Mumbai
2012,Meera Gupta,41,Female,HR,HR Manager,90000,19,2018,8.1,Active,Mumbai
2013,Varun Gupta,46,Female,Sales,Business Development Executive,74000,22,2019,7.8,Active,Delhi
2014,Shreya Gupta,41,Male,Sales,Sales Manager,86000,10,2011,5.6,Active,Gurgaon
2015,Akash Gupta,32,Male,Marketing,Marketing Analyst,63000,1,2022,6.8,Active,Delhi
2016,Tanvi Gupta,48,Male,Engineering,Senior Engineer,119000,21,2022,7.1,Active,Bangalore
2017,Yash Gupta,27,Male,Sales,Sales Manager,86000,8,2021,6.9,Active,Kanpur
2018,Nandini Gupta,40,Male,Finance,Accountant,64000,4,2018,5.2,Inactive,Pune
2019,Mohit Gupta,38,Female,Sales,Sales Manager,93000,17,2025,5.3,Active,Lucknow
2020,Divya Gupta,31,Female,Finance,Senior Financial Analyst,103000,0,2021,8.8,Active,Kanpur
2021,Rahul Kumar,49,Male,Finance,Senior Financial Analyst,89000,25,2016,7.1,Active,Hyderabad
2022,Priya Kumar,37,Female,Marketing,Marketing Executive,66000,12,2015,6.7,Active,Delhi
2023,Amit Kumar,46,Male,Finance,Accountant,65000,20,2021,9.6,Active,Pune
2024,Neha Kumar,31,Male,Engineering,Senior Engineer,90000,5,2019,9.8,Active,Pune
2025,Rohan Kumar,51,Female,Marketing,Marketing Analyst,68000,22,2014,8.1,Active,Delhi
2026,Arjun Kumar,26,Female,Finance,Accountant,48000,2,2012,9.6,On Leave,Lucknow
2027,Ananya Kumar,55,Male,Sales,Business Development Executive,70000,25,2011,8.8,Inactive,Kanpur
2028,Vikram Kumar,27,Female,Sales,Business Development Executive,71000,7,2025,10.0,Active,Delhi
2029,Sneha Kumar,32,Male,Marketing,Marketing Executive,54000,11,2024,10.0,Active,Lucknow
2030,Karan Kumar,31,Male,Engineering,Senior Engineer,87000,13,2015,6.0,Active,Chennai
2031,Pooja Kumar,42,Male,Marketing,Marketing Analyst,78000,7,2022,7.3,Active,Bangalore
2032,Aditya Kumar,44,Male,Sales,Sales Executive,50000,8,2014,8.4,Active,Mumbai
2033,Nikhil Kumar,53,Male,Finance,Senior Financial Analyst,93000,10,2011,8.4,Active,Lucknow
2034,Kavya Kumar,44,Male,Marketing,Marketing Analyst,79000,9,2014,9.2,Active,Bangalore
2035,Riya Kumar,33,Male,Marketing,Marketing Analyst,80000,4,2025,7.3,Inactive,Pune
2036,Sahil Kumar,34,Female,Finance,Accountant,66000,7,2015,5.8,Active,Noida
2037,Simran Kumar,55,Male,HR,HR Executive,56000,12,2021,8.3,Active,Delhi
2038,Manish Kumar,45,Male,Engineering,Tech Lead,117000,7,2016,6.9,Inactive,Mumbai
2039,Aarav Kumar,41,Male,Sales,Business Development Executive,54000,23,2018,6.7,Active,Lucknow
2040,Ishita Kumar,21,Female,Engineering,DevOps Engineer,75000,0,2022,7.4,Active,Delhi
2041,Ravi Kumar,48,Female,HR,HR Manager,82000,11,2018,6.3,Active,Noida
2042,Meera Kumar,34,Male,Finance,Accountant,47000,17,2025,7.3,Active,Delhi
2043,Varun Kumar,21,Female,Finance,Financial Analyst,58000,5,2014,9.8,Active,Lucknow
2044,Shreya Kumar,55,Male,Marketing,Digital Marketing Manager,107000,23,2023,9.4,Active,Gurgaon
2045,Akash Kumar,24,Male,Finance,Senior Financial Analyst,84000,4,2025,6.4,Active,Bangalore
2046,Tanvi Kumar,37,Female,HR,HR Executive,43000,12,2022,5.9,Active,Mumbai
2047,Yash Kumar,35,Male,Marketing,Marketing Executive,62000,18,2017,7.8,Active,Delhi
2048,Nandini Kumar,52,Male,Marketing,Marketing Executive,64000,0,2016,7.6,Active,Kanpur
2049,Mohit Kumar,34,Male,HR,HR Executive,41000,5,2013,5.9,Active,Kanpur
2050,Divya Kumar,22,Female,Sales,Sales Manager,95000,0,2023,5.6,Inactive,Noida
2051,Rahul Chauhan,51,Female,Marketing,Marketing Executive,45000,22,2012,5.9,Active,Delhi
2052,Priya Chauhan,39,Male,HR,Talent Acquisition Specialist,54000,1,2020,8.2,Active,Noida
2053,Amit Chauhan,24,Female,Finance,Senior Financial Analyst,84000,7,2016,6.5,On Leave,Gurgaon
2054,Neha Chauhan,41,Male,Engineering,Software Engineer,60000,21,2016,7.3,Active,Bangalore
2055,Rohan Chauhan,21,Male,Finance,Senior Financial Analyst,100000,2,2024,6.7,Inactive,Kanpur
2056,Arjun Chauhan,48,Male,Marketing,Marketing Analyst,64000,13,2012,5.1,Active,Hyderabad
2057,Ananya Chauhan,40,Female,Engineering,Senior Engineer,98000,2,2010,7.7,Active,Gurgaon
2058,Vikram Chauhan,38,Female,Marketing,Marketing Executive,62000,19,2010,8.9,Active,Pune
2059,Sneha Chauhan,47,Female,HR,HR Manager,74000,17,2022,5.8,Active,Kanpur
2060,Karan Chauhan,54,Male,Sales,Sales Manager,102000,7,2026,7.4,Inactive,Chennai
2061,Pooja Chauhan,25,Male,Engineering,Tech Lead,148000,5,2023,6.8,On Leave,Gurgaon
2062,Aditya Chauhan,50,Male,Marketing,Marketing Executive,68000,28,2017,5.1,Active,Pune
2063,Nikhil Chauhan,43,Male,Sales,Business Development Executive,57000,14,2022,6.5,Active,Kanpur
2064,Kavya Chauhan,44,Female,Engineering,Data Engineer,94000,4,2020,9.9,Active,Chennai
2065,Riya Chauhan,50,Female,Engineering,Senior Engineer,112000,9,2019,8.0,Active,Delhi
2066,Sahil Chauhan,55,Female,Sales,Sales Executive,49000,21,2012,9.7,Active,Bangalore
2067,Simran Chauhan,31,Male,Sales,Sales Manager,87000,4,2026,7.2,On Leave,Lucknow
2068,Manish Chauhan,44,Female,HR,HR Executive,58000,8,2021,6.9,On Leave,Kanpur
2069,Aarav Chauhan,41,Male,Sales,Sales Executive,40000,13,2014,9.2,Active,Kanpur
2070,Ishita Chauhan,22,Male,Engineering,Software Engineer,81000,5,2022,9.6,On Leave,Pune
2071,Ravi Chauhan,38,Female,Marketing,Marketing Executive,52000,1,2014,9.2,Active,Bangalore
2072,Meera Chauhan,53,Male,Sales,Business Development Executive,67000,5,2018,5.3,Active,Noida
2073,Varun Chauhan,32,Male,Finance,Accountant,60000,5,2017,5.7,Active,Pune
2074,Shreya Chauhan,55,Male,Finance,Financial Analyst,82000,29,2012,8.9,Inactive,Kanpur
2075,Akash Chauhan,26,Female,Sales,Sales Manager,65000,1,2015,9.4,Active,Delhi
2076,Tanvi Chauhan,41,Female,Marketing,Marketing Executive,69000,5,2011,6.1,On Leave,Chennai
2077,Yash Chauhan,24,Male,HR,HR Executive,41000,2,2024,9.0,Active,Kanpur
2078,Nandini Chauhan,21,Female,Finance,Accountant,72000,3,2012,7.8,Active,Lucknow
2079,Mohit Chauhan,35,Male,Sales,Business Development Executive,76000,4,2023,9.3,Active,Bangalore
2080,Divya Chauhan,37,Male,Marketing,Marketing Executive,59000,8,2012,9.9,Active,Lucknow
2081,Rahul Patel,55,Male,HR,Talent Acquisition Specialist,70000,2,2012,6.3,Active,Hyderabad
2082,Priya Patel,46,Male,HR,HR Executive,55000,7,2019,9.9,Active,Hyderabad
2083,Amit Patel,49,Female,Sales,Sales Executive,51000,8,2014,7.6,Active,Lucknow
2084,Neha Patel,55,Male,Engineering,Data Engineer,99000,13,2016,9.9,Inactive,Lucknow
2085,Rohan Patel,55,Female,HR,Talent Acquisition Specialist,55000,16,2015,9.0,Active,Lucknow
2086,Arjun Patel,46,Female,HR,Talent Acquisition Specialist,47000,29,2020,5.3,On Leave,Lucknow
2087,Ananya Patel,24,Male,Finance,Senior Financial Analyst,97000,6,2021,6.8,Active,Mumbai
2088,Vikram Patel,32,Female,Sales,Sales Executive,58000,0,2020,5.5,Active,Lucknow
2089,Sneha Patel,22,Male,Sales,Sales Executive,69000,5,2017,9.8,Inactive,Chennai
2090,Karan Patel,53,Male,Marketing,Marketing Executive,65000,30,2010,6.6,Active,Chennai
2091,Pooja Patel,45,Female,HR,HR Executive,61000,1,2010,8.6,Active,Mumbai
2092,Aditya Patel,41,Male,Engineering,Senior Engineer,80000,8,2012,5.9,Inactive,Gurgaon
2093,Nikhil Patel,43,Male,Engineering,Software Engineer,65000,27,2023,5.4,Active,Mumbai
2094,Kavya Patel,32,Male,Sales,Sales Manager,94000,11,2020,7.2,Active,Chennai
2095,Riya Patel,27,Female,HR,HR Executive,55000,7,2011,8.5,Active,Hyderabad
2096,Sahil Patel,22,Female,Engineering,Software Engineer,60000,1,2022,9.8,Active,Lucknow
2097,Simran Patel,21,Female,Sales,Sales Executive,40000,1,2018,5.6,Active,Mumbai
2098,Manish Patel,48,Male,Sales,Business Development Executive,64000,1,2012,7.7,Active,Delhi
2099,Aarav Patel,35,Female,Sales,Business Development Executive,56000,10,2021,8.8,Active,Hyderabad
2100,Ishita Patel,42,Male,Engineering,Tech Lead,120000,4,2012,5.3,Inactive,Gurgaon
2101,Ravi Patel,21,Male,Engineering,Data Engineer,107000,5,2023,5.4,Active,Chennai
2102,Meera Patel,51,Female,Engineering,Senior Engineer,111000,8,2026,8.5,Active,Mumbai
2103,Varun Patel,33,Male,Finance,Accountant,68000,9,2021,5.1,Active,Chennai
2104,Shreya Patel,45,Male,HR,HR Manager,87000,24,2010,5.8,Active,Kanpur
2105,Akash Patel,25,Male,HR,HR Manager,86000,7,2018,9.5,Active,Delhi
2106,Tanvi Patel,50,Male,Finance,Financial Analyst,54000,17,2015,6.1,Active,Hyderabad
2107,Yash Patel,27,Female,Engineering,Software Engineer,79000,1,2011,9.2,Active,Mumbai
2108,Nandini Patel,21,Female,Sales,Business Development Executive,72000,5,2026,6.2,Active,Delhi
2109,Mohit Patel,26,Male,Marketing,Marketing Analyst,62000,6,2014,6.4,Active,Chennai
2110,Divya Patel,42,Male,Sales,Business Development Executive,75000,24,2020,5.4,Active,Gurgaon
2111,Rahul Mishra,48,Male,HR,HR Manager,68000,9,2017,7.1,On Leave,Bangalore
2112,Priya Mishra,21,Male,HR,HR Manager,89000,5,2021,5.4,Active,Chennai
2113,Amit Mishra,22,Male,Sales,Sales Executive,40000,5,2024,5.5,Active,Bangalore
2114,Neha Mishra,35,Male,Engineering,Senior Engineer,92000,17,2023,5.5,Active,Bangalore
2115,Rohan Mishra,25,Male,Sales,Sales Executive,57000,5,2025,8.4,Active,Pune
2116,Arjun Mishra,27,Female,Sales,Sales Manager,79000,1,2021,7.8,Active,Gurgaon
2117,Ananya Mishra,41,Male,Marketing,Digital Marketing Manager,101000,18,2015,6.9,Active,Kanpur
2118,Vikram Mishra,42,Male,Marketing,Digital Marketing Manager,110000,7,2016,7.7,Active,Bangalore
2119,Sneha Mishra,53,Female,Sales,Sales Manager,76000,29,2026,6.7,On Leave,Kanpur
2120,Karan Mishra,27,Male,HR,HR Executive,64000,8,2025,5.0,Active,Mumbai
2121,Pooja Mishra,39,Male,HR,Talent Acquisition Specialist,72000,17,2017,8.3,Active,Lucknow
2122,Aditya Mishra,26,Male,Finance,Senior Financial Analyst,93000,4,2016,9.6,On Leave,Delhi
2123,Nikhil Mishra,25,Male,Finance,Accountant,65000,6,2016,8.4,Active,Kanpur
2124,Kavya Mishra,29,Male,HR,HR Executive,49000,0,2014,9.3,Active,Chennai
2125,Riya Mishra,52,Male,HR,Talent Acquisition Specialist,74000,11,2013,6.9,Active,Bangalore
2126,Sahil Mishra,53,Female,Marketing,Marketing Analyst,84000,2,2011,6.3,Active,Kanpur
2127,Simran Mishra,43,Female,Sales,Sales Executive,67000,22,2024,7.3,Active,Gurgaon
2128,Manish Mishra,27,Male,Sales,Sales Executive,44000,9,2012,8.3,Inactive,Delhi
2129,Aarav Mishra,47,Male,Engineering,Data Engineer,90000,21,2022,9.3,Active,Noida
2130,Ishita Mishra,34,Male,Engineering,Tech Lead,111000,3,2018,8.1,Active,Bangalore
2131,Ravi Mishra,26,Male,Engineering,Data Engineer,102000,3,2010,6.8,Active,Hyderabad
2132,Meera Mishra,47,Female,Marketing,Marketing Analyst,80000,26,2011,6.2,Active,Bangalore
2133,Varun Mishra,26,Male,Sales,Sales Manager,89000,9,2021,6.5,Active,Lucknow
2134,Shreya Mishra,40,Male,Engineering,Data Engineer,98000,20,2022,8.4,Active,Mumbai
2135,Akash Mishra,35,Female,Marketing,Marketing Analyst,55000,18,2019,5.8,Active,Bangalore
2136,Tanvi Mishra,45,Male,Marketing,Marketing Executive,48000,4,2019,6.3,Active,Bangalore
2137,Yash Mishra,42,Male,Sales,Business Development Executive,66000,20,2018,5.5,Active,Noida
2138,Nandini Mishra,23,Male,Sales,Business Development Executive,51000,7,2023,8.2,Active,Delhi
2139,Mohit Mishra,45,Male,HR,HR Executive,58000,8,2020,9.4,Active,Lucknow
2140,Divya Mishra,50,Male,HR,HR Manager,69000,30,2021,6.1,Active,Mumbai
2141,Rahul Agarwal,23,Female,Engineering,Software Engineer,83000,3,2021,7.0,Active,Lucknow
2142,Priya Agarwal,44,Female,Marketing,Digital Marketing Manager,96000,27,2018,6.7,Active,Gurgaon
2143,Amit Agarwal,38,Female,Finance,Financial Analyst,74000,20,2017,6.9,Active,Lucknow
2144,Neha Agarwal,46,Female,Sales,Business Development Executive,70000,12,2012,6.0,Active,Delhi
2145,Rohan Agarwal,32,Female,Finance,Senior Financial Analyst,76000,10,2010,9.6,Inactive,Lucknow
2146,Arjun Agarwal,53,Female,Finance,Financial Analyst,76000,2,2014,8.9,Active,Pune
2147,Ananya Agarwal,46,Male,Marketing,Marketing Executive,49000,9,2017,7.3,Inactive,Bangalore
2148,Vikram Agarwal,36,Female,Sales,Sales Executive,49000,11,2015,5.6,On Leave,Kanpur
2149,Sneha Agarwal,37,Male,Sales,Business Development Executive,58000,20,2017,9.7,On Leave,Lucknow
2150,Karan Agarwal,41,Female,HR,Talent Acquisition Specialist,72000,9,2011,7.8,Active,Chennai
2151,Pooja Agarwal,35,Female,Engineering,Software Engineer,78000,3,2013,9.7,On Leave,Bangalore
2152,Aditya Agarwal,30,Male,Engineering,Software Engineer,72000,14,2024,9.6,Active,Hyderabad
2153,Nikhil Agarwal,31,Female,Finance,Accountant,54000,6,2015,9.4,Active,Chennai
2154,Kavya Agarwal,37,Male,Marketing,Marketing Executive,49000,8,2025,8.2,Active,Kanpur
2155,Riya Agarwal,54,Male,Finance,Accountant,72000,13,2014,9.5,Active,Bangalore
2156,Sahil Agarwal,48,Female,Finance,Senior Financial Analyst,87000,12,2016,5.0,Active,Kanpur
2157,Simran Agarwal,23,Female,HR,HR Manager,69000,5,2010,6.6,Active,Kanpur
2158,Manish Agarwal,23,Male,HR,HR Manager,77000,0,2014,6.5,Active,Mumbai
2159,Aarav Agarwal,28,Male,Engineering,DevOps Engineer,90000,6,2017,8.8,Active,Pune
2160,Ishita Agarwal,54,Male,Engineering,Data Engineer,81000,25,2011,5.6,Active,Hyderabad
2161,Ravi Agarwal,43,Male,HR,Talent Acquisition Specialist,70000,22,2022,9.5,Active,Bangalore
2162,Meera Agarwal,52,Female,HR,HR Manager,73000,25,2021,9.1,On Leave,Mumbai
2163,Varun Agarwal,36,Male,HR,HR Executive,61000,4,2024,8.5,Active,Noida
2164,Shreya Agarwal,32,Female,Finance,Senior Financial Analyst,106000,0,2017,6.1,Active,Pune
2165,Akash Agarwal,26,Male,Finance,Financial Analyst,81000,8,2022,9.5,Active,Chennai
2166,Tanvi Agarwal,23,Male,Marketing,Digital Marketing Manager,103000,2,2013,9.1,Active,Kanpur
2167,Yash Agarwal,27,Male,Marketing,Marketing Executive,50000,0,2022,6.8,On Leave,Noida
2168,Nandini Agarwal,35,Female,Sales,Business Development Executive,57000,17,2012,8.3,On Leave,Pune
2169,Mohit Agarwal,37,Female,Finance,Senior Financial Analyst,106000,17,2016,7.2,Active,Bangalore
2170,Divya Agarwal,34,Male,HR,HR Executive,45000,6,2026,8.2,Active,Lucknow
2171,Rahul Jain,37,Male,Finance,Accountant,67000,4,2014,5.9,Inactive,Pune
2172,Priya Jain,24,Female,HR,Talent Acquisition Specialist,56000,6,2016,8.3,Inactive,Mumbai
2173,Amit Jain,51,Male,HR,HR Executive,61000,27,2013,6.4,Active,Chennai
2174,Neha Jain,38,Male,HR,HR Executive,56000,3,2020,9.3,Inactive,Delhi
2175,Rohan Jain,41,Male,Engineering,Software Engineer,67000,4,2022,7.0,Active,Lucknow
2176,Arjun Jain,46,Female,Sales,Business Development Executive,76000,7,2021,5.3,Active,Chennai
2177,Ananya Jain,23,Male,Finance,Senior Financial Analyst,80000,5,2015,6.8,Active,Lucknow
2178,Vikram Jain,25,Female,Sales,Business Development Executive,67000,1,2020,6.4,Active,Delhi
2179,Sneha Jain,45,Female,HR,Talent Acquisition Specialist,56000,18,2024,6.8,Active,Chennai
2180,Karan Jain,21,Male,Engineering,Tech Lead,106000,1,2023,8.3,Active,Chennai
2181,Pooja Jain,27,Male,Engineering,Senior Engineer,100000,2,2012,7.9,Active,Pune
2182,Aditya Jain,46,Male,Sales,Business Development Executive,75000,14,2022,7.8,Active,Mumbai
2183,Nikhil Jain,25,Male,Marketing,Marketing Analyst,84000,2,2025,5.4,Active,Bangalore
2184,Kavya Jain,29,Female,Marketing,Digital Marketing Manager,72000,7,2024,8.5,Inactive,Noida
2185,Riya Jain,51,Male,Sales,Sales Manager,88000,20,2017,9.7,Active,Lucknow
2186,Sahil Jain,33,Female,Sales,Sales Executive,61000,3,2022,6.5,Active,Noida
2187,Simran Jain,42,Male,HR,HR Executive,45000,5,2011,5.6,Active,Kanpur
2188,Manish Jain,43,Female,Marketing,Marketing Analyst,64000,15,2024,7.4,Active,Kanpur
2189,Aarav Jain,29,Female,Sales,Sales Manager,91000,6,2019,7.7,Active,Chennai
2190,Ishita Jain,46,Female,Sales,Sales Manager,104000,9,2024,9.4,Active,Mumbai
2191,Ravi Jain,45,Female,Finance,Senior Financial Analyst,77000,28,2018,5.2,Active,Hyderabad
2192,Meera Jain,41,Female,HR,HR Manager,78000,22,2011,9.9,Active,Gurgaon
2193,Varun Jain,32,Male,Marketing,Marketing Executive,49000,14,2021,7.8,Active,Hyderabad
2194,Shreya Jain,34,Male,Finance,Accountant,60000,1,2010,6.8,Active,Noida
2195,Akash Jain,31,Female,Marketing,Digital Marketing Manager,84000,14,2023,6.2,Active,Hyderabad
2196,Tanvi Jain,39,Female,Sales,Business Development Executive,67000,16,2022,9.6,Active,Pune
2197,Yash Jain,36,Female,Finance,Senior Financial Analyst,94000,9,2017,8.5,Active,Lucknow
2198,Nandini Jain,28,Female,Sales,Business Development Executive,61000,6,2017,6.4,Active,Mumbai
2199,Mohit Jain,38,Male,Finance,Financial Analyst,84000,13,2015,6.1,Active,Noida
2200,Divya Jain,47,Female,Sales,Business Development Executive,76000,4,2016,5.5,Active,Kanpur
2201,Rahul Shah,49,Male,Engineering,Senior Engineer,88000,4,2025,7.4,Active,Noida
2202,Priya Shah,43,Female,Finance,Accountant,68000,6,2023,6.7,On Leave,Bangalore
2203,Amit Shah,29,Female,HR,HR Executive,41000,0,2019,7.8,On Leave,Pune
2204,Neha Shah,25,Male,Sales,Sales Executive,59000,2,2011,5.7,Active,Hyderabad
2205,Rohan Shah,27,Female,Engineering,Senior Engineer,110000,2,2020,9.3,Active,Gurgaon
2206,Arjun Shah,46,Male,Finance,Accountant,56000,6,2025,7.8,Active,Delhi
2207,Ananya Shah,34,Male,Finance,Accountant,57000,2,2019,6.3,Active,Pune
2208,Vikram Shah,35,Male,Engineering,Senior Engineer,116000,2,2021,9.4,Active,Bangalore
2209,Sneha Shah,33,Male,HR,Talent Acquisition Specialist,69000,13,2014,9.3,Active,Chennai
2210,Karan Shah,39,Male,Finance,Senior Financial Analyst,89000,5,2013,6.5,Active,Gurgaon
2211,Pooja Shah,47,Female,Marketing,Digital Marketing Manager,72000,16,2011,8.6,On Leave,Gurgaon
2212,Aditya Shah,38,Female,Sales,Sales Executive,45000,12,2012,7.2,Active,Chennai
2213,Nikhil Shah,37,Male,Engineering,Tech Lead,109000,6,2020,5.8,Active,Hyderabad
2214,Kavya Shah,24,Female,HR,Talent Acquisition Specialist,65000,2,2018,7.0,Active,Hyderabad
2215,Riya Shah,31,Male,HR,HR Executive,57000,6,2014,5.0,Active,Hyderabad
2216,Sahil Shah,46,Male,Engineering,Senior Engineer,93000,18,2010,5.1,Active,Pune
2217,Simran Shah,50,Female,Engineering,Software Engineer,82000,14,2023,6.8,On Leave,Chennai
2218,Manish Shah,48,Female,Marketing,Digital Marketing Manager,110000,4,2021,6.2,Active,Bangalore
2219,Aarav Shah,38,Male,Finance,Financial Analyst,54000,20,2012,9.6,Active,Noida
2220,Ishita Shah,37,Female,HR,HR Executive,41000,15,2016,8.6,Inactive,Bangalore
2221,Ravi Shah,23,Male,Sales,Sales Manager,95000,2,2012,5.5,Active,Bangalore
2222,Meera Shah,29,Female,Engineering,Tech Lead,99000,4,2024,9.6,Active,Noida
2223,Varun Shah,50,Female,Engineering,Data Engineer,102000,23,2020,7.1,Active,Gurgaon
2224,Shreya Shah,32,Female,Engineering,Data Engineer,94000,8,2017,5.8,Active,Bangalore
2225,Akash Shah,42,Male,Engineering,Senior Engineer,90000,16,2020,9.0,Active,Hyderabad
2226,Tanvi Shah,45,Male,Sales,Sales Manager,82000,12,2026,9.7,Active,Mumbai
2227,Yash Shah,49,Male,Engineering,Senior Engineer,87000,18,2014,5.4,Active,Noida
2228,Nandini Shah,50,Female,Sales,Sales Executive,48000,30,2021,9.0,Active,Kanpur
2229,Mohit Shah,25,Male,Engineering,Data Engineer,89000,7,2011,8.0,Active,Gurgaon
2230,Divya Shah,37,Female,HR,Talent Acquisition Specialist,55000,11,2013,5.5,Active,Chennai
2231,Rahul Mehta,45,Male,Finance,Financial Analyst,64000,23,2024,5.8,Active,Lucknow
2232,Priya Mehta,30,Female,Engineering,Data Engineer,82000,2,2022,8.4,Active,Pune
2233,Amit Mehta,33,Female,Engineering,DevOps Engineer,83000,6,2016,6.5,Active,Kanpur
2234,Neha Mehta,40,Male,Sales,Sales Manager,98000,16,2020,6.4,Active,Bangalore
2235,Rohan Mehta,21,Female,Sales,Business Development Executive,70000,2,2026,5.4,Active,Hyderabad
2236,Arjun Mehta,33,Female,Marketing,Marketing Analyst,75000,14,2015,7.1,Active,Bangalore
2237,Ananya Mehta,41,Female,HR,HR Manager,77000,13,2024,7.4,Active,Bangalore
2238,Vikram Mehta,43,Female,HR,HR Executive,54000,18,2012,6.7,Active,Gurgaon
2239,Sneha Mehta,29,Male,Finance,Accountant,69000,0,2015,8.0,Active,Hyderabad
2240,Karan Mehta,47,Female,Engineering,Senior Engineer,119000,6,2020,8.8,Active,Pune
2241,Pooja Mehta,35,Male,HR,HR Manager,75000,13,2023,9.1,Active,Bangalore
2242,Aditya Mehta,23,Male,Marketing,Marketing Executive,56000,6,2018,8.2,Active,Delhi
2243,Nikhil Mehta,33,Male,Engineering,Senior Engineer,115000,6,2011,6.4,Active,Mumbai
2244,Kavya Mehta,31,Male,Engineering,Senior Engineer,90000,2,2013,8.9,Active,Lucknow
2245,Riya Mehta,53,Female,Engineering,Tech Lead,130000,21,2014,7.7,Active,Pune
2246,Sahil Mehta,40,Female,Engineering,DevOps Engineer,77000,0,2026,6.3,Active,Pune
2247,Simran Mehta,40,Female,HR,Talent Acquisition Specialist,45000,9,2011,5.9,Inactive,Chennai
2248,Manish Mehta,49,Female,Sales,Sales Manager,81000,20,2020,8.9,Inactive,Pune
2249,Aarav Mehta,39,Male,Finance,Accountant,49000,12,2023,6.1,Active,Delhi
2250,Ishita Mehta,30,Male,Marketing,Marketing Executive,51000,11,2012,5.9,Active,Delhi
2251,Ravi Mehta,23,Male,HR,Talent Acquisition Specialist,53000,4,2016,6.4,Active,Noida
2252,Meera Mehta,28,Female,Marketing,Digital Marketing Manager,99000,1,2014,7.9,Active,Gurgaon
2253,Varun Mehta,38,Male,Sales,Sales Executive,61000,18,2015,5.6,Active,Kanpur
2254,Shreya Mehta,35,Male,Marketing,Marketing Analyst,56000,13,2015,5.3,Active,Mumbai
2255,Akash Mehta,31,Male,HR,Talent Acquisition Specialist,58000,10,2016,5.0,Active,Hyderabad
2256,Tanvi Mehta,32,Male,HR,Talent Acquisition Specialist,74000,8,2017,9.7,Active,Bangalore
2257,Yash Mehta,47,Male,Sales,Sales Executive,62000,26,2011,7.3,Active,Pune
2258,Nandini Mehta,31,Male,Marketing,Marketing Executive,52000,14,2015,9.4,Active,Pune
2259,Mohit Mehta,34,Female,Marketing,Marketing Analyst,84000,6,2012,8.2,On Leave,Noida
2260,Divya Mehta,46,Female,Marketing,Marketing Analyst,58000,5,2017,7.8,Inactive,Delhi
2261,Rahul Yadav,21,Male,HR,HR Executive,62000,0,2026,6.0,Active,Gurgaon
2262,Priya Yadav,30,Male,Sales,Business Development Executive,60000,1,2021,7.3,Active,Delhi
2263,Amit Yadav,54,Female,Finance,Accountant,70000,15,2010,9.8,Active,Pune
2264,Neha Yadav,27,Male,Engineering,Data Engineer,94000,10,2015,8.2,Inactive,Noida
2265,Rohan Yadav,27,Female,Finance,Financial Analyst,55000,10,2014,8.0,Inactive,Delhi
2266,Arjun Yadav,50,Female,Sales,Business Development Executive,52000,29,2021,7.9,Active,Mumbai
2267,Ananya Yadav,55,Male,Finance,Senior Financial Analyst,108000,22,2015,10.0,On Leave,Bangalore
2268,Vikram Yadav,46,Female,Finance,Accountant,72000,12,2022,8.8,Active,Hyderabad
2269,Sneha Yadav,27,Male,Finance,Senior Financial Analyst,88000,2,2019,6.7,Active,Lucknow
2270,Karan Yadav,48,Male,Engineering,Data Engineer,90000,20,2014,7.2,Active,Bangalore
2271,Pooja Yadav,47,Female,Sales,Sales Manager,69000,13,2024,7.4,Active,Noida
2272,Aditya Yadav,50,Female,Marketing,Marketing Analyst,73000,9,2021,7.0,Active,Noida
2273,Nikhil Yadav,33,Male,Finance,Financial Analyst,77000,16,2024,6.4,Active,Hyderabad
2274,Kavya Yadav,34,Female,Sales,Business Development Executive,80000,12,2013,6.5,Active,Kanpur
2275,Riya Yadav,37,Female,Finance,Financial Analyst,61000,9,2026,9.4,Active,Bangalore
2276,Sahil Yadav,28,Male,HR,HR Manager,74000,0,2024,7.0,Active,Gurgaon
2277,Simran Yadav,24,Female,Sales,Sales Executive,49000,0,2018,7.6,Active,Kanpur
2278,Manish Yadav,55,Female,Sales,Sales Executive,69000,18,2011,7.4,Active,Noida
2279,Aarav Yadav,36,Male,Sales,Business Development Executive,76000,19,2018,7.8,Active,Mumbai
2280,Ishita Yadav,21,Male,Marketing,Marketing Analyst,85000,1,2010,5.0,Active,Hyderabad
2281,Ravi Yadav,45,Male,Marketing,Marketing Executive,64000,24,2021,5.1,Inactive,Hyderabad
2282,Meera Yadav,45,Female,Engineering,DevOps Engineer,87000,9,2016,9.9,Active,Lucknow
2283,Varun Yadav,48,Male,Sales,Sales Executive,56000,14,2025,8.3,Active,Bangalore
2284,Shreya Yadav,47,Female,Engineering,Software Engineer,64000,28,2016,6.9,Active,Kanpur
2285,Akash Yadav,35,Male,Finance,Senior Financial Analyst,92000,8,2014,7.0,Active,Hyderabad
2286,Tanvi Yadav,48,Male,Marketing,Marketing Analyst,60000,17,2019,6.9,Active,Bangalore
2287,Yash Yadav,28,Female,Finance,Accountant,65000,5,2023,5.7,Inactive,Bangalore
2288,Nandini Yadav,32,Male,Engineering,DevOps Engineer,71000,5,2020,6.1,Active,Lucknow
2289,Mohit Yadav,49,Female,Engineering,Tech Lead,128000,25,2019,9.5,Active,Lucknow
2290,Divya Yadav,41,Female,Sales,Sales Executive,60000,11,2023,5.9,On Leave,Mumbai
2291,Rahul Saxena,55,Male,Finance,Financial Analyst,82000,7,2012,6.4,Active,Mumbai
2292,Priya Saxena,27,Female,Sales,Sales Executive,40000,2,2017,5.6,Active,Delhi
2293,Amit Saxena,25,Female,HR,Talent Acquisition Specialist,50000,7,2024,5.8,Active,Noida
2294,Neha Saxena,55,Female,HR,Talent Acquisition Specialist,56000,23,2020,7.8,Active,Gurgaon
2295,Rohan Saxena,40,Female,Finance,Financial Analyst,70000,5,2013,5.6,Active,Chennai
2296,Arjun Saxena,44,Female,Engineering,Data Engineer,74000,19,2011,9.6,Active,Kanpur
2297,Ananya Saxena,44,Female,Sales,Sales Executive,48000,9,2024,6.5,Active,Hyderabad
2298,Vikram Saxena,34,Female,HR,HR Manager,94000,11,2026,5.6,Active,Chennai
2299,Sneha Saxena,28,Male,Sales,Sales Manager,102000,5,2024,6.3,On Leave,Gurgaon
2300,Karan Saxena,34,Male,Finance,Financial Analyst,82000,1,2026,6.1,Active,Mumbai
2301,Pooja Saxena,47,Male,Engineering,Senior Engineer,96000,2,2026,7.1,Active,Chennai
2302,Aditya Saxena,53,Male,HR,Talent Acquisition Specialist,47000,17,2021,7.4,Active,Kanpur
2303,Nikhil Saxena,39,Female,Marketing,Marketing Executive,55000,17,2012,5.9,Active,Lucknow
2304,Kavya Saxena,47,Male,HR,HR Manager,80000,10,2025,5.5,Active,Delhi
2305,Riya Saxena,43,Female,Marketing,Marketing Executive,55000,13,2018,7.5,Active,Chennai
2306,Sahil Saxena,45,Male,HR,Talent Acquisition Specialist,72000,29,2022,9.9,Active,Pune
2307,Simran Saxena,29,Female,Sales,Business Development Executive,62000,9,2022,6.3,Inactive,Kanpur
2308,Manish Saxena,22,Female,Engineering,Software Engineer,62000,5,2020,6.1,Active,Mumbai
2309,Aarav Saxena,42,Female,Engineering,Software Engineer,78000,5,2023,9.5,Active,Lucknow
2310,Ishita Saxena,45,Female,Sales,Business Development Executive,64000,8,2024,7.2,Active,Hyderabad
2311,Ravi Saxena,52,Male,Sales,Sales Manager,99000,10,2014,9.2,Active,Bangalore
2312,Meera Saxena,25,Male,Sales,Sales Manager,100000,7,2012,6.5,Active,Gurgaon
2313,Varun Saxena,49,Female,Engineering,Data Engineer,71000,28,2020,9.6,Active,Hyderabad
2314,Shreya Saxena,27,Female,HR,HR Manager,98000,4,2015,9.9,Active,Bangalore
2315,Akash Saxena,34,Female,HR,Talent Acquisition Specialist,61000,0,2020,9.2,Active,Delhi
2316,Tanvi Saxena,36,Female,Marketing,Digital Marketing Manager,75000,19,2018,7.9,On Leave,Kanpur
2317,Yash Saxena,31,Female,Marketing,Marketing Analyst,74000,3,2011,6.6,Active,Pune
2318,Nandini Saxena,48,Female,HR,HR Executive,52000,18,2012,8.7,Active,Kanpur
2319,Mohit Saxena,50,Female,Engineering,Tech Lead,108000,30,2014,5.1,Active,Delhi
2320,Divya Saxena,36,Female,Engineering,Software Engineer,68000,18,2014,6.5,Active,Hyderabad
2321,Rahul Malhotra,43,Male,HR,Talent Acquisition Specialist,59000,3,2011,8.5,Active,Noida
2322,Priya Malhotra,27,Male,Engineering,Software Engineer,69000,8,2020,9.4,Active,Chennai
2323,Amit Malhotra,34,Female,Engineering,Tech Lead,141000,12,2026,6.0,Active,Bangalore
2324,Neha Malhotra,49,Female,HR,Talent Acquisition Specialist,56000,2,2026,7.8,Active,Mumbai
2325,Rohan Malhotra,24,Male,Finance,Accountant,56000,0,2023,6.8,Inactive,Chennai
2326,Arjun Malhotra,36,Female,Finance,Senior Financial Analyst,100000,2,2017,7.8,Active,Delhi
2327,Ananya Malhotra,27,Male,Finance,Financial Analyst,76000,6,2011,9.2,Inactive,Chennai
2328,Vikram Malhotra,52,Female,Marketing,Marketing Executive,50000,5,2023,7.0,Active,Mumbai
2329,Sneha Malhotra,39,Female,Sales,Sales Executive,52000,5,2018,5.3,Active,Pune
2330,Karan Malhotra,25,Male,Engineering,DevOps Engineer,100000,0,2020,6.7,On Leave,Lucknow
2331,Pooja Malhotra,47,Male,Finance,Financial Analyst,74000,26,2013,5.9,Active,Kanpur
2332,Aditya Malhotra,29,Female,HR,HR Executive,49000,7,2014,7.1,Active,Noida
2333,Nikhil Malhotra,27,Male,Finance,Accountant,54000,4,2024,7.6,Active,Gurgaon
2334,Kavya Malhotra,41,Male,HR,HR Executive,59000,25,2023,7.1,Active,Gurgaon
2335,Riya Malhotra,21,Female,HR,HR Executive,57000,4,2018,8.8,On Leave,Hyderabad
2336,Sahil Malhotra,28,Female,HR,HR Manager,95000,11,2014,5.6,Active,Mumbai
2337,Simran Malhotra,22,Male,Marketing,Digital Marketing Manager,107000,5,2013,8.8,On Leave,Lucknow
2338,Manish Malhotra,23,Male,Finance,Financial Analyst,83000,3,2026,7.5,Active,Chennai
2339,Aarav Malhotra,49,Male,Finance,Accountant,52000,20,2017,7.0,Active,Chennai
2340,Ishita Malhotra,21,Male,Engineering,Senior Engineer,81000,2,2010,9.7,Active,Noida
2341,Ravi Malhotra,47,Male,HR,Talent Acquisition Specialist,49000,0,2022,6.7,Active,Kanpur
2342,Meera Malhotra,37,Female,HR,HR Executive,43000,2,2011,7.3,Active,Lucknow
2343,Varun Malhotra,38,Female,Engineering,Software Engineer,83000,2,2025,5.5,Active,Lucknow
2344,Shreya Malhotra,44,Male,HR,Talent Acquisition Specialist,66000,24,2012,8.1,Active,Lucknow
2345,Akash Malhotra,27,Female,HR,HR Executive,65000,10,2018,5.1,Active,Noida
2346,Tanvi Malhotra,51,Male,Marketing,Marketing Analyst,83000,4,2023,5.9,Active,Chennai
2347,Yash Malhotra,40,Male,HR,HR Manager,66000,4,2018,5.9,Active,Noida
2348,Nandini Malhotra,24,Female,HR,HR Manager,90000,0,2026,5.5,Active,Kanpur
2349,Mohit Malhotra,51,Male,HR,Talent Acquisition Specialist,58000,0,2024,5.3,Inactive,Kanpur
2350,Divya Malhotra,23,Male,HR,HR Manager,92000,5,2014,7.9,Active,Noida
2351,Rahul Bansal,22,Male,Finance,Senior Financial Analyst,106000,0,2020,5.3,Active,Bangalore
2352,Priya Bansal,42,Male,Sales,Sales Executive,41000,25,2024,8.1,Active,Kanpur
2353,Amit Bansal,49,Female,HR,HR Executive,44000,5,2016,7.8,Active,Chennai
2354,Neha Bansal,25,Male,Marketing,Marketing Executive,51000,6,2013,9.0,Active,Lucknow
2355,Rohan Bansal,47,Male,Engineering,Data Engineer,77000,25,2015,7.4,Active,Lucknow
2356,Arjun Bansal,40,Female,Marketing,Marketing Executive,50000,7,2017,6.5,Active,Bangalore
2357,Ananya Bansal,32,Male,HR,HR Executive,61000,11,2022,5.7,Active,Gurgaon
2358,Vikram Bansal,38,Female,HR,Talent Acquisition Specialist,75000,2,2010,6.5,On Leave,Chennai
2359,Sneha Bansal,32,Female,Sales,Sales Executive,47000,12,2015,8.2,Active,Delhi
2360,Karan Bansal,35,Female,Marketing,Marketing Analyst,58000,4,2024,8.6,Active,Bangalore
2361,Pooja Bansal,38,Male,Finance,Accountant,63000,11,2021,6.9,Active,Delhi
2362,Aditya Bansal,28,Female,Sales,Business Development Executive,51000,5,2015,7.7,Active,Lucknow
2363,Nikhil Bansal,55,Female,Marketing,Marketing Analyst,71000,28,2023,5.6,Active,Kanpur
2364,Kavya Bansal,21,Female,Sales,Sales Manager,85000,4,2024,5.1,Active,Chennai
2365,Riya Bansal,26,Female,Engineering,DevOps Engineer,72000,9,2025,8.1,Active,Delhi
2366,Sahil Bansal,48,Male,Engineering,Software Engineer,73000,9,2026,7.0,Inactive,Bangalore
2367,Simran Bansal,33,Female,HR,HR Manager,83000,10,2026,6.4,Inactive,Kanpur
2368,Manish Bansal,53,Female,Engineering,Senior Engineer,118000,5,2026,6.6,Active,Bangalore
2369,Aarav Bansal,21,Male,Engineering,Senior Engineer,93000,1,2025,9.3,Active,Hyderabad
2370,Ishita Bansal,21,Male,HR,HR Executive,42000,1,2010,7.7,Active,Lucknow
2371,Ravi Bansal,46,Male,HR,Talent Acquisition Specialist,49000,14,2010,7.6,Active,Gurgaon
2372,Meera Bansal,26,Male,Finance,Financial Analyst,77000,1,2010,7.9,On Leave,Delhi
2373,Varun Bansal,45,Male,HR,HR Executive,45000,18,2025,9.7,Active,Gurgaon
2374,Shreya Bansal,55,Female,Sales,Business Development Executive,75000,30,2011,5.0,Active,Hyderabad
2375,Akash Bansal,40,Female,Engineering,DevOps Engineer,98000,17,2025,6.9,Active,Kanpur
2376,Tanvi Bansal,53,Male,HR,HR Executive,54000,8,2013,8.6,Active,Chennai
2377,Yash Bansal,26,Female,Sales,Sales Executive,50000,1,2012,8.5,Active,Bangalore
2378,Nandini Bansal,40,Male,Engineering,Senior Engineer,97000,4,2010,6.8,Active,Mumbai
2379,Mohit Bansal,38,Female,Marketing,Marketing Executive,60000,13,2020,9.7,Active,Lucknow
2380,Divya Bansal,39,Male,Finance,Senior Financial Analyst,103000,18,2024,8.6,Active,Noida
2381,Rahul Tiwari,29,Male,Engineering,Senior Engineer,115000,4,2012,9.6,Active,Noida
2382,Priya Tiwari,49,Male,Finance,Financial Analyst,60000,19,2022,5.2,Active,Delhi
2383,Amit Tiwari,52,Female,Finance,Financial Analyst,81000,8,2017,8.2,Active,Lucknow
2384,Neha Tiwari,31,Female,Finance,Senior Financial Analyst,76000,7,2010,5.4,Active,Noida
2385,Rohan Tiwari,29,Male,Finance,Financial Analyst,58000,8,2023,8.1,Active,Hyderabad
2386,Arjun Tiwari,43,Male,Engineering,Tech Lead,139000,18,2022,9.4,Active,Gurgaon
2387,Ananya Tiwari,32,Male,Engineering,Tech Lead,123000,7,2023,5.3,Active,Mumbai
2388,Vikram Tiwari,54,Male,Marketing,Marketing Executive,46000,4,2012,6.0,Inactive,Gurgaon
2389,Sneha Tiwari,48,Female,Finance,Financial Analyst,58000,2,2010,9.7,Active,Kanpur
2390,Karan Tiwari,52,Male,Marketing,Marketing Analyst,80000,23,2020,9.8,Active,Lucknow
2391,Pooja Tiwari,40,Male,Engineering,Tech Lead,138000,12,2015,9.9,Active,Mumbai
2392,Aditya Tiwari,40,Female,Engineering,Software Engineer,80000,12,2012,6.2,Active,Mumbai
2393,Nikhil Tiwari,40,Female,HR,HR Manager,80000,15,2021,5.4,Inactive,Noida
2394,Kavya Tiwari,31,Male,Finance,Financial Analyst,58000,5,2024,7.0,Inactive,Noida
2395,Riya Tiwari,46,Female,Marketing,Digital Marketing Manager,95000,27,2021,9.8,On Leave,Lucknow
2396,Sahil Tiwari,25,Female,Marketing,Marketing Analyst,83000,9,2024,9.0,Active,Chennai
2397,Simran Tiwari,26,Female,HR,Talent Acquisition Specialist,47000,10,2016,5.1,Active,Delhi
2398,Manish Tiwari,53,Male,Sales,Business Development Executive,77000,9,2019,5.6,Active,Lucknow
2399,Aarav Tiwari,34,Female,Engineering,Tech Lead,143000,9,2023,7.7,Inactive,Bangalore
2400,Ishita Tiwari,26,Male,Marketing,Marketing Analyst,75000,5,2021,6.8,Active,Bangalore
2401,Ravi Tiwari,22,Male,Finance,Senior Financial Analyst,81000,3,2013,8.4,Active,Mumbai
2402,Meera Tiwari,55,Male,Engineering,DevOps Engineer,80000,17,2024,5.0,Active,Mumbai
2403,Varun Tiwari,40,Male,Finance,Accountant,64000,7,2019,8.6,Active,Lucknow
2404,Shreya Tiwari,47,Male,Engineering,Data Engineer,97000,17,2018,6.7,Active,Delhi
2405,Akash Tiwari,23,Male,Engineering,Senior Engineer,104000,2,2019,8.3,Active,Bangalore
2406,Tanvi Tiwari,36,Female,Engineering,Data Engineer,73000,0,2019,5.0,Inactive,Chennai
2407,Yash Tiwari,30,Male,Sales,Sales Manager,68000,1,2011,5.8,Inactive,Mumbai
2408,Nandini Tiwari,27,Male,Marketing,Digital Marketing Manager,109000,9,2011,5.4,Active,Kanpur
2409,Mohit Tiwari,34,Female,Marketing,Marketing Executive,53000,9,2013,8.7,Active,Chennai
2410,Divya Tiwari,47,Male,Engineering,Data Engineer,80000,1,2021,8.6,Active,Gurgaon
2411,Rahul Joshi,39,Male,Marketing,Digital Marketing Manager,92000,20,2021,8.1,Active,Chennai
2412,Priya Joshi,42,Male,Finance,Accountant,50000,7,2013,7.4,Active,Noida
2413,Amit Joshi,49,Male,Engineering,Data Engineer,79000,16,2024,8.6,Active,Pune
2414,Neha Joshi,27,Female,Engineering,DevOps Engineer,104000,6,2013,9.9,Active,Mumbai
2415,Rohan Joshi,45,Male,Marketing,Marketing Analyst,80000,8,2013,7.4,On Leave,Kanpur
2416,Arjun Joshi,49,Male,Marketing,Digital Marketing Manager,77000,28,2010,9.0,Active,Noida
2417,Ananya Joshi,44,Male,Finance,Senior Financial Analyst,108000,25,2011,5.8,Active,Lucknow
2418,Vikram Joshi,33,Male,HR,HR Manager,77000,4,2015,7.0,Active,Pune
2419,Sneha Joshi,45,Female,Finance,Senior Financial Analyst,92000,17,2022,5.1,On Leave,Hyderabad
2420,Karan Joshi,25,Female,Sales,Business Development Executive,53000,6,2017,8.5,Inactive,Bangalore
2421,Pooja Joshi,26,Female,Engineering,Software Engineer,87000,5,2023,9.1,Active,Kanpur
2422,Aditya Joshi,51,Male,Engineering,Senior Engineer,93000,29,2021,9.9,Inactive,Noida
2423,Nikhil Joshi,37,Male,Finance,Financial Analyst,57000,5,2017,6.4,On Leave,Noida
2424,Kavya Joshi,25,Female,Engineering,Software Engineer,70000,3,2013,8.0,On Leave,Kanpur
2425,Riya Joshi,41,Male,Engineering,Senior Engineer,87000,7,2021,6.9,Active,Noida
2426,Sahil Joshi,45,Female,Finance,Senior Financial Analyst,91000,22,2017,6.2,Active,Delhi
2427,Simran Joshi,21,Female,Engineering,Software Engineer,89000,2,2018,7.1,Active,Bangalore
2428,Manish Joshi,52,Female,Sales,Sales Manager,73000,16,2020,6.2,Active,Delhi
2429,Aarav Joshi,29,Male,Engineering,Data Engineer,102000,8,2020,5.7,Active,Gurgaon
2430,Ishita Joshi,52,Male,Engineering,Tech Lead,119000,16,2018,6.9,Inactive,Kanpur
2431,Ravi Joshi,50,Male,HR,Talent Acquisition Specialist,58000,5,2010,6.5,Active,Hyderabad
2432,Meera Joshi,38,Female,Marketing,Marketing Analyst,60000,13,2011,5.3,Active,Chennai
2433,Varun Joshi,34,Female,Sales,Sales Manager,73000,1,2021,9.0,Active,Chennai
2434,Shreya Joshi,55,Male,HR,HR Manager,69000,20,2016,7.4,Active,Mumbai
2435,Akash Joshi,54,Female,HR,HR Manager,84000,0,2012,7.5,Active,Chennai
2436,Tanvi Joshi,32,Female,Engineering,Senior Engineer,117000,12,2015,6.3,Active,Noida
2437,Yash Joshi,46,Female,Marketing,Marketing Executive,63000,4,2026,10.0,Active,Pune
2438,Nandini Joshi,37,Male,Engineering,Data Engineer,95000,4,2016,7.4,Active,Mumbai
2439,Mohit Joshi,42,Male,Sales,Sales Manager,96000,6,2023,6.8,Active,Noida
2440,Divya Joshi,48,Female,Sales,Sales Manager,105000,23,2011,9.5,Active,Lucknow
2441,Rahul Sinha,54,Male,Sales,Sales Manager,104000,29,2017,5.3,Active,Hyderabad
2442,Priya Sinha,36,Male,Engineering,Tech Lead,147000,8,2010,7.4,Active,Delhi
2443,Amit Sinha,41,Female,Marketing,Marketing Analyst,63000,19,2010,6.0,Active,Hyderabad
2444,Neha Sinha,47,Female,Engineering,Data Engineer,103000,14,2024,8.6,Active,Bangalore
2445,Rohan Sinha,48,Female,Engineering,DevOps Engineer,72000,27,2017,5.7,Active,Mumbai
2446,Arjun Sinha,46,Male,HR,HR Manager,79000,23,2015,8.5,Active,Bangalore
2447,Ananya Sinha,51,Female,Engineering,Software Engineer,87000,3,2024,8.3,Active,Gurgaon
2448,Vikram Sinha,28,Female,Engineering,Data Engineer,81000,7,2011,5.8,On Leave,Hyderabad
2449,Sneha Sinha,28,Male,Finance,Accountant,58000,4,2017,6.9,Inactive,Pune
2450,Karan Sinha,21,Male,Sales,Sales Executive,46000,1,2010,8.7,Inactive,Gurgaon
2451,Pooja Sinha,21,Female,Finance,Financial Analyst,76000,0,2018,9.1,Active,Noida
2452,Aditya Sinha,22,Male,Engineering,Data Engineer,100000,6,2010,9.0,Active,Mumbai
2453,Nikhil Sinha,49,Male,Engineering,Tech Lead,140000,28,2010,6.5,Active,Bangalore
2454,Kavya Sinha,47,Female,Marketing,Marketing Executive,53000,26,2018,7.9,On Leave,Chennai
2455,Riya Sinha,31,Male,Marketing,Marketing Analyst,63000,8,2010,9.8,Active,Pune
2456,Sahil Sinha,41,Male,Engineering,Senior Engineer,103000,8,2020,8.5,Active,Gurgaon
2457,Simran Sinha,35,Male,Marketing,Digital Marketing Manager,80000,4,2025,7.7,Active,Gurgaon
2458,Manish Sinha,28,Female,HR,HR Manager,68000,6,2019,5.3,On Leave,Pune
2459,Aarav Sinha,49,Female,Finance,Financial Analyst,80000,12,2015,6.8,Active,Chennai
2460,Ishita Sinha,37,Male,Sales,Sales Manager,67000,19,2024,7.5,Active,Lucknow
2461,Ravi Sinha,21,Male,Marketing,Marketing Analyst,80000,3,2023,5.8,Active,Delhi
2462,Meera Sinha,31,Female,HR,HR Executive,43000,1,2021,9.4,Active,Kanpur
2463,Varun Sinha,38,Male,Sales,Business Development Executive,47000,8,2017,9.5,Active,Mumbai
2464,Shreya Sinha,36,Female,HR,HR Executive,45000,6,2017,5.3,Active,Hyderabad
2465,Akash Sinha,42,Female,Engineering,Software Engineer,80000,11,2017,6.4,Active,Kanpur
2466,Tanvi Sinha,35,Male,Sales,Business Development Executive,64000,12,2016,8.8,Active,Bangalore
2467,Yash Sinha,39,Male,Marketing,Marketing Executive,64000,7,2023,5.0,Active,Hyderabad
2468,Nandini Sinha,55,Female,HR,HR Executive,44000,20,2018,5.5,On Leave,Kanpur
2469,Mohit Sinha,49,Male,Finance,Accountant,58000,24,2020,9.8,Active,Mumbai
2470,Divya Sinha,52,Female,HR,HR Executive,56000,12,2024,7.9,Active,Delhi
2471,Rahul Pandey,21,Male,HR,Talent Acquisition Specialist,70000,3,2018,7.8,Inactive,Hyderabad
2472,Priya Pandey,27,Male,HR,HR Executive,53000,9,2024,8.5,Active,Hyderabad
2473,Amit Pandey,35,Female,HR,HR Manager,83000,12,2025,5.8,On Leave,Pune
2474,Neha Pandey,37,Male,Engineering,Senior Engineer,82000,12,2023,7.2,Active,Kanpur
2475,Rohan Pandey,21,Female,Sales,Sales Executive,62000,4,2018,9.4,Active,Mumbai
2476,Arjun Pandey,31,Female,Engineering,Tech Lead,140000,3,2017,6.8,Active,Lucknow
2477,Ananya Pandey,34,Female,Engineering,DevOps Engineer,112000,4,2013,6.2,On Leave,Noida
2478,Vikram Pandey,49,Female,Sales,Sales Manager,74000,15,2018,8.0,Active,Lucknow
2479,Sneha Pandey,29,Female,Engineering,DevOps Engineer,106000,2,2017,8.1,Active,Noida
2480,Karan Pandey,28,Female,HR,Talent Acquisition Specialist,45000,9,2019,7.5,Active,Pune
2481,Pooja Pandey,33,Female,HR,HR Executive,59000,6,2023,5.5,On Leave,Kanpur
2482,Aditya Pandey,31,Female,Marketing,Digital Marketing Manager,106000,10,2019,6.4,On Leave,Hyderabad
2483,Nikhil Pandey,53,Male,Finance,Accountant,62000,25,2026,9.1,Active,Hyderabad
2484,Kavya Pandey,48,Male,Marketing,Marketing Executive,58000,22,2015,8.7,Active,Chennai
2485,Riya Pandey,29,Male,Sales,Sales Executive,52000,10,2019,9.3,Active,Hyderabad
2486,Sahil Pandey,44,Male,Sales,Sales Manager,76000,2,2015,5.9,Active,Delhi
2487,Simran Pandey,55,Male,Finance,Accountant,71000,5,2022,8.8,Inactive,Chennai
2488,Manish Pandey,32,Male,HR,Talent Acquisition Specialist,70000,13,2018,8.2,Active,Bangalore
2489,Aarav Pandey,31,Male,Finance,Financial Analyst,69000,7,2015,8.9,Active,Pune
2490,Ishita Pandey,46,Female,Marketing,Marketing Executive,49000,5,2023,5.0,Inactive,Hyderabad
2491,Ravi Pandey,24,Female,Marketing,Marketing Executive,51000,5,2012,9.2,Active,Kanpur
2492,Meera Pandey,35,Male,Engineering,Software Engineer,84000,19,2012,6.2,Active,Noida
2493,Varun Pandey,32,Male,HR,HR Manager,95000,4,2012,9.7,Active,Kanpur
2494,Shreya Pandey,23,Female,Engineering,DevOps Engineer,79000,6,2024,8.3,Active,Lucknow
2495,Akash Pandey,46,Male,Marketing,Marketing Executive,61000,3,2023,7.0,Active,Noida
2496,Tanvi Pandey,43,Female,Engineering,DevOps Engineer,91000,0,2017,5.9,Active,Delhi
2497,Yash Pandey,49,Male,Marketing,Digital Marketing Manager,80000,26,2017,6.0,On Leave,Mumbai
2498,Nandini Pandey,47,Male,Engineering,DevOps Engineer,87000,3,2019,9.8,Active,Mumbai
2499,Mohit Pandey,27,Male,Finance,Senior Financial Analyst,94000,6,2013,7.3,Active,Pune
2500,Divya Pandey,54,Female,Marketing,Marketing Analyst,84000,11,2011,9.3,Active,Lucknow
2501,Rahul Sharma,39,Female,Sales,Sales Executive,67000,5,2018,9.0,Active,Hyderabad
2502,Priya Sharma,27,Female,Sales,Sales Manager,66000,8,2012,8.1,Active,Bangalore
2503,Amit Sharma,40,Male,HR,HR Executive,46000,22,2019,7.2,Active,Lucknow
2504,Neha Sharma,25,Female,HR,HR Executive,49000,7,2021,8.9,Active,Noida
2505,Rohan Sharma,45,Female,Finance,Senior Financial Analyst,76000,18,2015,9.4,Active,Hyderabad
2506,Arjun Sharma,35,Female,HR,HR Manager,68000,12,2018,5.9,Active,Lucknow
2507,Ananya Sharma,25,Female,Engineering,DevOps Engineer,92000,0,2017,8.1,Active,Lucknow
2508,Vikram Sharma,32,Female,Marketing,Digital Marketing Manager,88000,2,2017,8.9,Active,Kanpur
2509,Sneha Sharma,35,Male,Sales,Sales Executive,49000,15,2023,6.5,On Leave,Pune
2510,Karan Sharma,27,Female,HR,HR Manager,98000,4,2026,6.4,Active,Pune
2511,Pooja Sharma,45,Female,Sales,Sales Manager,88000,2,2023,9.5,On Leave,Bangalore
2512,Aditya Sharma,45,Female,HR,HR Manager,69000,24,2021,9.4,Active,Hyderabad
2513,Nikhil Sharma,54,Male,Sales,Business Development Executive,47000,23,2011,7.3,Inactive,Bangalore
2514,Kavya Sharma,28,Female,Sales,Sales Manager,87000,0,2011,8.2,On Leave,Pune
2515,Riya Sharma,22,Male,HR,HR Manager,92000,2,2023,6.7,Active,Mumbai
2516,Sahil Sharma,49,Male,Marketing,Digital Marketing Manager,103000,8,2017,5.1,Active,Chennai
2517,Simran Sharma,34,Male,Marketing,Marketing Analyst,78000,0,2013,5.9,Active,Pune
2518,Manish Sharma,51,Male,Sales,Business Development Executive,63000,29,2012,8.9,Active,Noida
2519,Aarav Sharma,48,Male,HR,Talent Acquisition Specialist,70000,10,2020,6.9,Active,Gurgaon
2520,Ishita Sharma,47,Female,Finance,Accountant,72000,6,2015,9.9,Active,Hyderabad
2521,Ravi Sharma,41,Male,Finance,Accountant,50000,0,2014,8.5,Active,Noida
2522,Meera Sharma,48,Male,Engineering,DevOps Engineer,96000,24,2024,7.0,Active,Kanpur
2523,Varun Sharma,25,Female,HR,Talent Acquisition Specialist,67000,6,2010,6.0,On Leave,Gurgaon
2524,Shreya Sharma,32,Female,Sales,Sales Executive,62000,16,2015,5.6,Active,Hyderabad
2525,Akash Sharma,34,Female,Marketing,Marketing Executive,60000,7,2010,9.1,Active,Lucknow
2526,Tanvi Sharma,31,Male,Sales,Sales Manager,75000,12,2010,8.6,Active,Mumbai
2527,Yash Sharma,26,Male,HR,HR Manager,85000,10,2010,6.4,Active,Gurgaon
2528,Nandini Sharma,47,Male,Engineering,Data Engineer,109000,14,2015,8.1,On Leave,Chennai
2529,Mohit Sharma,33,Female,Finance,Senior Financial Analyst,110000,0,2015,6.2,Inactive,Lucknow
2530,Divya Sharma,36,Female,HR,Talent Acquisition Specialist,67000,1,2012,8.6,Active,Chennai
2531,Rahul Verma,53,Male,Engineering,Data Engineer,95000,27,2018,8.4,Active,Noida
2532,Priya Verma,24,Male,Marketing,Digital Marketing Manager,87000,1,2014,6.6,Active,Chennai
2533,Amit Verma,23,Female,Marketing,Marketing Executive,65000,1,2014,8.2,Active,Kanpur
2534,Neha Verma,34,Male,Sales,Business Development Executive,47000,0,2026,7.3,Active,Noida
2535,Rohan Verma,31,Female,Sales,Sales Executive,61000,13,2019,9.2,Active,Kanpur
2536,Arjun Verma,22,Male,HR,Talent Acquisition Specialist,62000,3,2020,8.2,Active,Lucknow
2537,Ananya Verma,26,Male,Marketing,Digital Marketing Manager,70000,1,2023,8.6,On Leave,Pune
2538,Vikram Verma,28,Male,Marketing,Marketing Analyst,68000,2,2014,7.8,Active,Kanpur
2539,Sneha Verma,36,Female,Engineering,Data Engineer,74000,19,2015,6.0,Inactive,Lucknow
2540,Karan Verma,38,Female,HR,HR Manager,90000,8,2015,6.7,Active,Chennai
2541,Pooja Verma,21,Male,HR,HR Executive,64000,0,2019,6.5,Active,Hyderabad
2542,Aditya Verma,34,Male,Sales,Sales Executive,59000,13,2012,9.8,Active,Mumbai
2543,Nikhil Verma,21,Female,Sales,Sales Manager,102000,1,2024,9.1,Inactive,Kanpur
2544,Kavya Verma,36,Male,Marketing,Digital Marketing Manager,99000,19,2010,9.6,Active,Pune
2545,Riya Verma,41,Male,Finance,Financial Analyst,73000,4,2021,8.5,Active,Noida
2546,Sahil Verma,26,Male,Marketing,Marketing Analyst,81000,8,2018,9.9,On Leave,Lucknow
2547,Simran Verma,53,Female,HR,HR Executive,52000,17,2024,6.2,Active,Pune
2548,Manish Verma,47,Male,HR,HR Executive,48000,4,2023,6.9,On Leave,Gurgaon
2549,Aarav Verma,54,Female,Finance,Accountant,47000,13,2014,7.9,Active,Chennai
2550,Ishita Verma,32,Female,Engineering,Tech Lead,107000,4,2026,5.9,Inactive,Gurgaon
2551,Ravi Verma,29,Female,Marketing,Marketing Analyst,68000,0,2012,9.7,Active,Pune
2552,Meera Verma,32,Male,Finance,Senior Financial Analyst,85000,6,2017,6.6,Active,Chennai
2553,Varun Verma,46,Male,Sales,Sales Manager,97000,17,2024,6.9,Active,Kanpur
2554,Shreya Verma,40,Male,HR,HR Manager,99000,3,2015,7.6,On Leave,Lucknow
2555,Akash Verma,36,Male,Finance,Financial Analyst,85000,3,2016,5.8,Active,Kanpur
2556,Tanvi Verma,22,Female,Engineering,Tech Lead,114000,0,2011,9.6,Active,Gurgaon
2557,Yash Verma,25,Male,HR,HR Executive,49000,4,2012,6.5,Active,Noida
2558,Nandini Verma,52,Male,HR,Talent Acquisition Specialist,73000,10,2025,5.2,Active,Pune
2559,Mohit Verma,41,Female,Marketing,Marketing Analyst,60000,21,2014,9.5,Active,Bangalore
2560,Divya Verma,24,Male,HR,HR Executive,51000,8,2017,7.9,Active,Pune
2561,Rahul Singh,48,Male,Engineering,DevOps Engineer,87000,19,2022,9.6,Active,Noida
2562,Priya Singh,23,Male,Marketing,Digital Marketing Manager,79000,5,2010,7.4,Active,Kanpur
2563,Amit Singh,49,Female,Marketing,Marketing Analyst,58000,19,2026,7.9,Inactive,Bangalore
2564,Neha Singh,39,Female,Finance,Financial Analyst,70000,0,2025,5.6,Active,Mumbai
2565,Rohan Singh,25,Male,Marketing,Digital Marketing Manager,91000,3,2022,5.1,Active,Chennai
2566,Arjun Singh,33,Male,Engineering,Data Engineer,93000,5,2011,7.1,Active,Bangalore
2567,Ananya Singh,23,Male,Finance,Accountant,69000,2,2012,7.6,Active,Chennai
2568,Vikram Singh,23,Female,Finance,Accountant,51000,3,2019,6.4,Active,Noida
2569,Sneha Singh,21,Female,Marketing,Marketing Analyst,56000,2,2024,9.3,Active,Hyderabad
2570,Karan Singh,25,Male,Marketing,Marketing Analyst,66000,0,2012,8.9,Active,Noida
2571,Pooja Singh,43,Female,Marketing,Digital Marketing Manager,86000,2,2015,5.4,Active,Mumbai
2572,Aditya Singh,37,Male,Sales,Sales Executive,58000,1,2021,6.7,Active,Delhi
2573,Nikhil Singh,27,Female,Marketing,Marketing Analyst,64000,5,2022,6.2,Active,Pune
2574,Kavya Singh,24,Male,Marketing,Marketing Executive,47000,7,2019,7.9,On Leave,Kanpur
2575,Riya Singh,40,Male,Finance,Financial Analyst,68000,10,2010,8.0,Active,Noida
2576,Sahil Singh,30,Female,Engineering,DevOps Engineer,72000,2,2016,7.0,Active,Kanpur
2577,Simran Singh,36,Female,Finance,Accountant,63000,16,2022,8.1,Active,Kanpur
2578,Manish Singh,49,Female,Sales,Sales Executive,45000,17,2022,5.8,Active,Delhi
2579,Aarav Singh,45,Male,Marketing,Digital Marketing Manager,109000,9,2016,8.6,Active,Pune
2580,Ishita Singh,29,Female,Engineering,Senior Engineer,120000,3,2024,6.3,Active,Noida
2581,Ravi Singh,24,Male,Marketing,Marketing Executive,62000,6,2025,8.0,Active,Delhi
2582,Meera Singh,26,Male,Finance,Financial Analyst,55000,8,2012,8.4,Inactive,Pune
2583,Varun Singh,45,Female,Engineering,Tech Lead,130000,3,2018,7.8,Active,Pune
2584,Shreya Singh,36,Male,Engineering,Software Engineer,79000,5,2022,6.5,Active,Bangalore
2585,Akash Singh,30,Female,Finance,Financial Analyst,81000,0,2010,7.4,Active,Lucknow
2586,Tanvi Singh,39,Male,Engineering,DevOps Engineer,114000,15,2014,5.4,Active,Lucknow
2587,Yash Singh,45,Male,Engineering,DevOps Engineer,108000,23,2020,7.9,Active,Chennai
2588,Nandini Singh,45,Female,HR,HR Manager,77000,13,2017,8.5,Active,Kanpur
2589,Mohit Singh,44,Female,Engineering,Senior Engineer,105000,7,2012,5.1,Active,Noida
2590,Divya Singh,49,Male,HR,HR Manager,99000,0,2022,6.7,On Leave,Pune
2591,Rahul Gupta,36,Male,Marketing,Marketing Analyst,63000,1,2023,6.9,Active,Noida
2592,Priya Gupta,26,Male,Marketing,Marketing Analyst,82000,10,2010,5.1,Active,Kanpur
2593,Amit Gupta,28,Female,Engineering,Senior Engineer,82000,2,2014,5.7,Active,Hyderabad
2594,Neha Gupta,31,Female,Marketing,Marketing Analyst,74000,6,2024,6.2,Active,Bangalore
2595,Rohan Gupta,46,Male,Engineering,DevOps Engineer,105000,1,2023,5.7,Inactive,Hyderabad
2596,Arjun Gupta,52,Female,Finance,Accountant,56000,29,2018,9.9,Active,Bangalore
2597,Ananya Gupta,23,Female,Finance,Accountant,63000,5,2019,9.6,Active,Delhi
2598,Vikram Gupta,28,Female,Engineering,DevOps Engineer,78000,8,2022,8.1,Active,Lucknow
2599,Sneha Gupta,39,Female,Marketing,Marketing Analyst,60000,10,2015,5.7,Active,Chennai
2600,Karan Gupta,24,Female,Marketing,Marketing Analyst,55000,5,2017,5.5,Active,Bangalore
2601,Pooja Gupta,40,Female,Marketing,Marketing Executive,60000,17,2010,7.2,Active,Pune
2602,Aditya Gupta,46,Female,HR,HR Executive,52000,0,2012,7.5,Active,Hyderabad
2603,Nikhil Gupta,33,Female,Engineering,Data Engineer,85000,0,2012,7.5,Active,Pune
2604,Kavya Gupta,24,Female,Sales,Sales Manager,102000,5,2011,5.6,Active,Delhi
2605,Riya Gupta,34,Female,Sales,Sales Manager,85000,7,2024,5.3,Active,Lucknow
2606,Sahil Gupta,44,Male,Engineering,Tech Lead,141000,6,2024,6.6,Active,Gurgaon
2607,Simran Gupta,26,Female,Sales,Business Development Executive,80000,10,2022,9.8,Inactive,Pune
2608,Manish Gupta,34,Male,Finance,Senior Financial Analyst,83000,13,2017,9.4,Active,Chennai
2609,Aarav Gupta,37,Female,Sales,Sales Manager,91000,20,2010,8.4,Active,Bangalore
2610,Ishita Gupta,36,Male,Marketing,Digital Marketing Manager,76000,15,2018,9.3,On Leave,Delhi
2611,Ravi Gupta,32,Female,Engineering,DevOps Engineer,94000,5,2023,6.2,Active,Bangalore
2612,Meera Gupta,51,Female,HR,HR Executive,59000,6,2022,6.3,Active,Noida
2613,Varun Gupta,29,Female,HR,HR Executive,53000,5,2024,8.1,Active,Bangalore
2614,Shreya Gupta,37,Male,Marketing,Marketing Analyst,63000,5,2015,8.6,On Leave,Bangalore
2615,Akash Gupta,23,Male,HR,Talent Acquisition Specialist,51000,2,2010,6.3,Inactive,Delhi
2616,Tanvi Gupta,48,Female,HR,HR Executive,65000,19,2015,6.5,Active,Lucknow
2617,Yash Gupta,52,Male,Engineering,DevOps Engineer,109000,21,2026,9.4,Active,Chennai
2618,Nandini Gupta,42,Female,Finance,Financial Analyst,72000,26,2018,5.6,Active,Chennai
2619,Mohit Gupta,41,Male,Sales,Business Development Executive,50000,13,2016,5.6,Active,Pune
2620,Divya Gupta,39,Female,HR,Talent Acquisition Specialist,50000,7,2015,10.0,Active,Bangalore
2621,Rahul Kumar,29,Male,Marketing,Marketing Analyst,70000,7,2016,9.7,Active,Noida
2622,Priya Kumar,23,Male,Marketing,Marketing Analyst,79000,6,2025,9.6,Active,Mumbai
2623,Amit Kumar,44,Female,HR,HR Manager,67000,1,2020,5.8,Active,Lucknow
2624,Neha Kumar,29,Female,Finance,Financial Analyst,52000,10,2025,8.6,Active,Chennai
2625,Rohan Kumar,38,Male,Marketing,Marketing Analyst,81000,0,2021,7.1,Active,Hyderabad
2626,Arjun Kumar,21,Female,HR,HR Executive,41000,3,2017,6.0,Active,Hyderabad
2627,Ananya Kumar,46,Female,Finance,Senior Financial Analyst,80000,28,2019,6.3,Active,Gurgaon
2628,Vikram Kumar,34,Female,Sales,Sales Executive,59000,3,2025,9.2,Active,Delhi
2629,Sneha Kumar,37,Female,Sales,Sales Manager,67000,19,2020,5.1,Active,Mumbai
2630,Karan Kumar,30,Male,Marketing,Marketing Analyst,65000,13,2016,5.7,Active,Gurgaon
2631,Pooja Kumar,37,Male,Engineering,Senior Engineer,87000,12,2015,8.3,Inactive,Hyderabad
2632,Aditya Kumar,39,Male,Finance,Financial Analyst,66000,17,2010,8.5,Active,Chennai
2633,Nikhil Kumar,48,Female,HR,HR Executive,46000,23,2026,9.7,Active,Bangalore
2634,Kavya Kumar,42,Male,Marketing,Digital Marketing Manager,103000,12,2025,9.2,Active,Noida
2635,Riya Kumar,30,Female,HR,HR Executive,55000,14,2026,5.3,Active,Lucknow
2636,Sahil Kumar,25,Male,Sales,Sales Executive,53000,6,2012,8.5,Active,Hyderabad
2637,Simran Kumar,46,Female,Marketing,Digital Marketing Manager,108000,9,2018,5.1,Active,Noida
2638,Manish Kumar,48,Male,Marketing,Digital Marketing Manager,88000,21,2022,9.4,Active,Kanpur
2639,Aarav Kumar,49,Male,HR,HR Manager,73000,4,2011,7.9,Active,Delhi
2640,Ishita Kumar,45,Female,HR,HR Executive,43000,12,2023,6.8,Active,Chennai
2641,Ravi Kumar,53,Female,Finance,Senior Financial Analyst,108000,13,2026,6.6,Active,Hyderabad
2642,Meera Kumar,52,Female,Engineering,Senior Engineer,97000,11,2025,6.4,Active,Pune
2643,Varun Kumar,54,Male,Finance,Accountant,71000,14,2023,6.5,Active,Delhi
2644,Shreya Kumar,47,Male,Finance,Senior Financial Analyst,96000,12,2013,5.9,Active,Lucknow
2645,Akash Kumar,37,Male,Sales,Business Development Executive,76000,2,2019,5.7,On Leave,Mumbai
2646,Tanvi Kumar,33,Male,Marketing,Digital Marketing Manager,98000,16,2010,9.2,On Leave,Kanpur
2647,Yash Kumar,25,Male,Engineering,Senior Engineer,107000,7,2016,9.4,Active,Lucknow
2648,Nandini Kumar,30,Male,HR,Talent Acquisition Specialist,66000,14,2023,5.9,Active,Hyderabad
2649,Mohit Kumar,24,Female,Sales,Business Development Executive,60000,8,2010,8.7,Active,Gurgaon
2650,Divya Kumar,21,Female,Marketing,Digital Marketing Manager,74000,4,2025,9.3,Inactive,Gurgaon
2651,Rahul Chauhan,52,Male,Finance,Senior Financial Analyst,85000,4,2018,6.0,Active,Lucknow
2652,Priya Chauhan,54,Male,Finance,Senior Financial Analyst,78000,0,2024,6.8,Active,Chennai
2653,Amit Chauhan,40,Male,Engineering,DevOps Engineer,91000,16,2025,7.9,Active,Hyderabad
2654,Neha Chauhan,23,Female,Marketing,Marketing Executive,51000,2,2018,5.7,On Leave,Kanpur
2655,Rohan Chauhan,35,Female,Finance,Accountant,65000,2,2014,7.6,Active,Kanpur
2656,Arjun Chauhan,50,Male,Finance,Financial Analyst,53000,6,2017,7.8,Active,Chennai
2657,Ananya Chauhan,51,Female,Sales,Sales Manager,95000,9,2021,9.8,Active,Lucknow
2658,Vikram Chauhan,25,Male,Marketing,Digital Marketing Manager,88000,8,2026,6.0,Active,Bangalore
2659,Sneha Chauhan,41,Male,Sales,Sales Manager,99000,25,2018,7.9,Active,Mumbai
2660,Karan Chauhan,31,Female,Engineering,Tech Lead,142000,13,2022,5.8,Active,Chennai
2661,Pooja Chauhan,39,Male,HR,HR Executive,55000,16,2016,6.9,Active,Gurgaon
2662,Aditya Chauhan,34,Female,Finance,Financial Analyst,85000,2,2012,7.7,Active,Bangalore
2663,Nikhil Chauhan,45,Male,Finance,Senior Financial Analyst,95000,26,2023,9.7,Inactive,Mumbai
2664,Kavya Chauhan,29,Male,HR,HR Executive,61000,7,2025,7.3,Active,Gurgaon
2665,Riya Chauhan,22,Male,HR,HR Executive,55000,1,2011,8.5,Active,Pune
2666,Sahil Chauhan,41,Female,Sales,Business Development Executive,74000,8,2011,9.0,Inactive,Gurgaon
2667,Simran Chauhan,41,Female,Finance,Financial Analyst,79000,22,2023,6.6,Active,Noida
2668,Manish Chauhan,25,Male,Sales,Business Development Executive,48000,8,2024,7.3,Active,Gurgaon
2669,Aarav Chauhan,25,Female,Marketing,Digital Marketing Manager,74000,5,2019,7.5,Active,Pune
2670,Ishita Chauhan,31,Female,Sales,Sales Executive,57000,12,2018,7.1,Active,Bangalore
2671,Ravi Chauhan,22,Male,Marketing,Marketing Analyst,58000,5,2014,8.0,Active,Bangalore
2672,Meera Chauhan,28,Male,Sales,Sales Executive,61000,10,2020,7.7,On Leave,Delhi
2673,Varun Chauhan,30,Male,Sales,Business Development Executive,79000,14,2022,7.6,Active,Kanpur
2674,Shreya Chauhan,52,Male,Marketing,Marketing Analyst,78000,0,2011,5.2,Active,Mumbai
2675,Akash Chauhan,51,Female,HR,Talent Acquisition Specialist,63000,24,2014,7.8,On Leave,Mumbai
2676,Tanvi Chauhan,38,Female,Sales,Business Development Executive,74000,22,2019,9.6,Active,Hyderabad
2677,Yash Chauhan,23,Female,Marketing,Marketing Analyst,70000,6,2026,9.3,Active,Mumbai
2678,Nandini Chauhan,33,Female,Finance,Accountant,60000,10,2010,7.2,Active,Bangalore
2679,Mohit Chauhan,34,Female,Finance,Senior Financial Analyst,97000,3,2011,7.2,Inactive,Hyderabad
2680,Divya Chauhan,29,Female,Engineering,DevOps Engineer,101000,10,2017,8.6,Active,Kanpur
2681,Rahul Patel,40,Male,Sales,Business Development Executive,59000,11,2013,6.6,Active,Chennai
2682,Priya Patel,24,Male,HR,HR Executive,61000,1,2020,6.0,Active,Chennai
2683,Amit Patel,28,Male,Marketing,Digital Marketing Manager,109000,5,2012,7.9,Active,Chennai
2684,Neha Patel,49,Female,Engineering,Senior Engineer,95000,17,2019,6.8,Active,Lucknow
2685,Rohan Patel,47,Female,Sales,Sales Manager,67000,15,2017,8.6,Active,Lucknow
2686,Arjun Patel,22,Female,Marketing,Marketing Executive,49000,0,2020,6.1,Active,Mumbai
2687,Ananya Patel,28,Male,Sales,Sales Manager,89000,5,2024,8.0,Active,Bangalore
2688,Vikram Patel,49,Male,Engineering,DevOps Engineer,96000,7,2016,5.7,On Leave,Hyderabad
2689,Sneha Patel,44,Male,Finance,Accountant,50000,22,2017,5.9,Active,Hyderabad
2690,Karan Patel,25,Male,Finance,Accountant,69000,8,2018,7.9,Active,Kanpur
2691,Pooja Patel,50,Female,HR,HR Manager,84000,29,2022,8.5,Active,Delhi
2692,Aditya Patel,43,Male,Sales,Sales Manager,101000,23,2019,9.6,Active,Gurgaon
2693,Nikhil Patel,28,Male,Engineering,Data Engineer,70000,6,2020,9.7,On Leave,Delhi
2694,Kavya Patel,53,Female,Engineering,Data Engineer,107000,21,2012,9.5,Active,Lucknow
2695,Riya Patel,38,Female,Marketing,Marketing Analyst,78000,21,2011,9.1,Active,Chennai
2696,Sahil Patel,49,Female,Engineering,Senior Engineer,119000,9,2014,6.4,Active,Mumbai
2697,Simran Patel,33,Female,HR,HR Manager,88000,0,2010,8.5,Active,Noida
2698,Manish Patel,33,Female,Marketing,Marketing Analyst,70000,13,2013,9.9,Active,Delhi
2699,Aarav Patel,21,Female,Finance,Accountant,58000,1,2017,5.9,Inactive,Kanpur
2700,Ishita Patel,29,Female,HR,HR Executive,62000,12,2017,8.1,Active,Delhi
2701,Ravi Patel,34,Female,Marketing,Digital Marketing Manager,84000,14,2023,6.8,Active,Delhi
2702,Meera Patel,51,Male,Marketing,Digital Marketing Manager,75000,27,2020,8.2,Active,Pune
2703,Varun Patel,28,Male,Finance,Financial Analyst,61000,4,2016,8.9,Active,Chennai
2704,Shreya Patel,40,Female,Finance,Senior Financial Analyst,95000,12,2014,9.1,Active,Pune
2705,Akash Patel,36,Female,HR,HR Manager,79000,15,2012,8.7,Active,Gurgaon
2706,Tanvi Patel,42,Female,Sales,Sales Executive,61000,11,2015,8.4,Active,Lucknow
2707,Yash Patel,26,Female,Sales,Sales Executive,41000,4,2016,5.0,Active,Hyderabad
2708,Nandini Patel,42,Female,HR,HR Manager,84000,2,2018,7.4,Active,Noida
2709,Mohit Patel,35,Male,Engineering,Tech Lead,126000,18,2017,5.3,Inactive,Lucknow
2710,Divya Patel,45,Female,Engineering,Tech Lead,140000,23,2025,7.9,Active,Hyderabad
2711,Rahul Mishra,26,Female,Finance,Accountant,71000,1,2024,7.9,Active,Delhi
2712,Priya Mishra,29,Female,Engineering,Tech Lead,96000,13,2020,6.2,Active,Pune
2713,Amit Mishra,48,Female,Sales,Sales Executive,42000,3,2026,7.5,Active,Noida
2714,Neha Mishra,51,Male,HR,HR Executive,50000,30,2016,6.6,Inactive,Lucknow
2715,Rohan Mishra,35,Male,Marketing,Digital Marketing Manager,97000,13,2015,9.7,Active,Noida
2716,Arjun Mishra,25,Female,Marketing,Marketing Executive,46000,8,2022,7.1,Active,Chennai
2717,Ananya Mishra,24,Female,Sales,Business Development Executive,45000,6,2014,9.1,Active,Mumbai
2718,Vikram Mishra,25,Female,Finance,Financial Analyst,63000,5,2010,5.2,Active,Kanpur
2719,Sneha Mishra,32,Male,Marketing,Marketing Analyst,76000,16,2020,8.4,Inactive,Bangalore
2720,Karan Mishra,31,Male,Engineering,Software Engineer,69000,9,2014,7.0,Active,Delhi
2721,Pooja Mishra,41,Male,Finance,Senior Financial Analyst,84000,2,2010,9.9,Active,Mumbai
2722,Aditya Mishra,34,Female,HR,HR Executive,44000,16,2014,5.2,Inactive,Mumbai
2723,Nikhil Mishra,29,Male,HR,HR Executive,52000,2,2022,8.3,Active,Gurgaon
2724,Kavya Mishra,23,Male,Engineering,Senior Engineer,97000,1,2019,6.1,Active,Mumbai
2725,Riya Mishra,32,Male,HR,Talent Acquisition Specialist,57000,11,2013,5.8,Active,Lucknow
2726,Sahil Mishra,42,Male,Marketing,Digital Marketing Manager,89000,26,2020,6.1,Active,Pune
2727,Simran Mishra,40,Male,Finance,Accountant,60000,24,2023,5.9,Active,Pune
2728,Manish Mishra,48,Male,Finance,Financial Analyst,54000,6,2021,7.2,Active,Chennai
2729,Aarav Mishra,36,Female,Sales,Business Development Executive,69000,8,2015,9.2,Active,Delhi
2730,Ishita Mishra,42,Female,HR,HR Manager,91000,22,2021,7.8,Active,Chennai
2731,Ravi Mishra,45,Female,Finance,Financial Analyst,83000,5,2011,7.1,Active,Chennai
2732,Meera Mishra,44,Female,HR,HR Manager,89000,7,2015,9.4,Active,Lucknow
2733,Varun Mishra,46,Male,Finance,Accountant,53000,13,2020,7.8,Active,Pune
2734,Shreya Mishra,29,Male,Sales,Business Development Executive,67000,12,2017,6.4,On Leave,Pune
2735,Akash Mishra,52,Female,Sales,Sales Executive,50000,29,2013,7.4,Active,Chennai
2736,Tanvi Mishra,47,Female,HR,Talent Acquisition Specialist,65000,30,2017,6.4,Inactive,Lucknow
2737,Yash Mishra,47,Male,Finance,Accountant,70000,17,2023,8.3,Active,Delhi
2738,Nandini Mishra,46,Male,Sales,Sales Executive,50000,23,2025,8.1,Active,Noida
2739,Mohit Mishra,25,Male,Engineering,Tech Lead,110000,6,2026,5.5,On Leave,Noida
2740,Divya Mishra,33,Female,Engineering,Software Engineer,68000,14,2010,9.0,Active,Pune
2741,Rahul Agarwal,24,Female,HR,HR Executive,43000,7,2018,9.1,Inactive,Kanpur
2742,Priya Agarwal,29,Male,Finance,Accountant,52000,6,2013,9.9,Inactive,Pune
2743,Amit Agarwal,33,Female,Marketing,Marketing Analyst,61000,9,2020,9.2,Active,Bangalore
2744,Neha Agarwal,45,Male,Finance,Senior Financial Analyst,102000,26,2016,8.0,Active,Gurgaon
2745,Rohan Agarwal,40,Male,HR,HR Manager,82000,0,2026,10.0,Active,Pune
2746,Arjun Agarwal,45,Female,Finance,Accountant,60000,22,2012,7.3,Active,Pune
2747,Ananya Agarwal,35,Male,Finance,Financial Analyst,57000,6,2011,9.8,Active,Hyderabad
2748,Vikram Agarwal,22,Male,Marketing,Digital Marketing Manager,86000,0,2018,8.8,Active,Mumbai
2749,Sneha Agarwal,35,Female,Finance,Financial Analyst,81000,8,2023,8.3,Active,Lucknow
2750,Karan Agarwal,55,Male,Engineering,Tech Lead,98000,25,2018,8.6,Inactive,Pune
2751,Pooja Agarwal,52,Male,HR,HR Executive,42000,19,2018,5.5,Active,Lucknow
2752,Aditya Agarwal,26,Male,Engineering,Tech Lead,138000,0,2015,5.8,Active,Pune
2753,Nikhil Agarwal,47,Male,Engineering,Data Engineer,106000,29,2011,9.4,Active,Mumbai
2754,Kavya Agarwal,39,Female,Engineering,Senior Engineer,97000,4,2026,6.5,Active,Bangalore
2755,Riya Agarwal,24,Male,Finance,Financial Analyst,55000,3,2023,8.5,Active,Delhi
2756,Sahil Agarwal,52,Male,Sales,Sales Executive,47000,26,2022,5.4,Active,Delhi
2757,Simran Agarwal,26,Female,Engineering,Senior Engineer,89000,7,2013,9.6,On Leave,Bangalore
2758,Manish Agarwal,40,Female,Engineering,Senior Engineer,114000,14,2012,5.5,Active,Noida
2759,Aarav Agarwal,50,Male,Finance,Senior Financial Analyst,84000,27,2025,8.9,Active,Pune
2760,Ishita Agarwal,51,Female,Sales,Sales Manager,97000,27,2022,9.3,Active,Delhi
2761,Ravi Agarwal,36,Female,Engineering,Software Engineer,81000,17,2025,8.1,Active,Pune
2762,Meera Agarwal,28,Male,Sales,Sales Manager,76000,12,2017,5.6,Active,Kanpur
2763,Varun Agarwal,25,Male,Engineering,Tech Lead,109000,3,2020,7.1,Active,Bangalore
2764,Shreya Agarwal,45,Female,Marketing,Digital Marketing Manager,87000,2,2021,5.8,Active,Chennai
2765,Akash Agarwal,40,Female,Engineering,Senior Engineer,104000,2,2019,8.6,Active,Chennai
2766,Tanvi Agarwal,55,Female,Sales,Sales Manager,99000,19,2026,7.1,Active,Noida
2767,Yash Agarwal,35,Female,Engineering,Tech Lead,102000,1,2020,7.3,Inactive,Pune
2768,Nandini Agarwal,34,Male,Finance,Accountant,55000,11,2014,7.2,Active,Chennai
2769,Mohit Agarwal,30,Female,Marketing,Marketing Executive,70000,6,2021,6.8,Active,Kanpur
2770,Divya Agarwal,51,Male,Engineering,Software Engineer,70000,0,2018,9.2,Active,Pune
2771,Rahul Jain,53,Female,Marketing,Marketing Executive,54000,20,2011,8.9,Active,Kanpur
2772,Priya Jain,21,Female,Marketing,Marketing Analyst,73000,5,2011,9.9,On Leave,Delhi
2773,Amit Jain,52,Female,Sales,Sales Executive,40000,4,2025,5.8,Active,Delhi
2774,Neha Jain,28,Male,HR,HR Executive,48000,5,2014,5.9,Active,Lucknow
2775,Rohan Jain,21,Male,Finance,Senior Financial Analyst,96000,4,2014,6.8,Active,Gurgaon
2776,Arjun Jain,40,Female,Engineering,Tech Lead,101000,1,2011,7.3,On Leave,Mumbai
2777,Ananya Jain,44,Male,Engineering,Software Engineer,68000,28,2021,9.1,Inactive,Hyderabad
2778,Vikram Jain,33,Male,Marketing,Marketing Executive,50000,10,2026,9.6,Active,Pune
2779,Sneha Jain,39,Male,Finance,Senior Financial Analyst,78000,3,2024,5.1,Inactive,Kanpur
2780,Karan Jain,25,Male,Finance,Financial Analyst,69000,0,2020,6.5,Active,Bangalore
2781,Pooja Jain,53,Female,Engineering,Tech Lead,114000,24,2025,9.0,Active,Bangalore
2782,Aditya Jain,23,Male,Engineering,DevOps Engineer,114000,2,2017,6.9,Active,Chennai
2783,Nikhil Jain,22,Male,HR,HR Manager,73000,5,2014,6.1,Active,Chennai
2784,Kavya Jain,37,Female,Marketing,Digital Marketing Manager,108000,7,2010,9.1,Active,Hyderabad
2785,Riya Jain,52,Male,Finance,Accountant,64000,25,2019,7.7,Active,Gurgaon
2786,Sahil Jain,21,Female,Sales,Sales Manager,102000,3,2011,6.8,Active,Gurgaon
2787,Simran Jain,55,Female,Engineering,Data Engineer,74000,13,2011,6.7,Active,Mumbai
2788,Manish Jain,49,Male,Finance,Senior Financial Analyst,104000,24,2011,7.0,Active,Pune
2789,Aarav Jain,26,Female,Marketing,Digital Marketing Manager,107000,3,2012,7.9,Active,Bangalore
2790,Ishita Jain,43,Female,Engineering,DevOps Engineer,88000,7,2016,8.6,Active,Bangalore
2791,Ravi Jain,46,Male,Finance,Senior Financial Analyst,105000,9,2025,6.6,On Leave,Kanpur
2792,Meera Jain,55,Female,HR,HR Executive,64000,9,2014,5.9,Active,Kanpur
2793,Varun Jain,23,Male,Engineering,Data Engineer,78000,4,2019,8.6,Active,Pune
2794,Shreya Jain,27,Female,Sales,Sales Manager,86000,5,2024,9.2,Active,Kanpur
2795,Akash Jain,45,Male,Marketing,Digital Marketing Manager,95000,5,2010,6.4,Active,Kanpur
2796,Tanvi Jain,36,Female,HR,Talent Acquisition Specialist,50000,6,2020,6.8,Inactive,Delhi
2797,Yash Jain,41,Male,Sales,Sales Executive,57000,20,2022,5.2,Active,Bangalore
2798,Nandini Jain,48,Female,HR,Talent Acquisition Specialist,65000,12,2012,5.8,Active,Bangalore
2799,Mohit Jain,29,Female,HR,HR Executive,50000,13,2012,7.3,Inactive,Bangalore
2800,Divya Jain,28,Female,HR,Talent Acquisition Specialist,51000,5,2022,8.0,Active,Kanpur
2801,Rahul Shah,46,Male,HR,HR Manager,67000,7,2016,9.2,Active,Noida
2802,Priya Shah,23,Male,Sales,Sales Manager,65000,4,2015,5.2,Active,Gurgaon
2803,Amit Shah,24,Male,Sales,Sales Executive,61000,1,2017,6.9,Active,Gurgaon
2804,Neha Shah,52,Male,Sales,Sales Executive,40000,2,2011,5.9,Active,Hyderabad
2805,Rohan Shah,48,Female,Marketing,Marketing Executive,51000,3,2020,8.6,Active,Chennai
2806,Arjun Shah,25,Female,Finance,Senior Financial Analyst,95000,8,2010,7.9,Active,Bangalore
2807,Ananya Shah,35,Male,Finance,Senior Financial Analyst,89000,0,2014,5.4,Active,Chennai
2808,Vikram Shah,50,Female,Sales,Sales Executive,49000,29,2020,6.4,Active,Mumbai
2809,Sneha Shah,49,Male,Engineering,DevOps Engineer,89000,0,2021,8.4,Active,Delhi
2810,Karan Shah,26,Female,Marketing,Marketing Analyst,69000,10,2023,6.7,Active,Chennai
2811,Pooja Shah,47,Male,HR,HR Executive,59000,2,2015,9.1,Active,Chennai
2812,Aditya Shah,24,Male,Engineering,DevOps Engineer,74000,6,2014,6.2,Active,Pune
2813,Nikhil Shah,51,Female,Sales,Business Development Executive,74000,20,2010,8.1,Active,Pune
2814,Kavya Shah,34,Female,HR,HR Executive,45000,10,2016,5.6,Active,Bangalore
2815,Riya Shah,25,Female,Marketing,Digital Marketing Manager,104000,2,2019,7.1,Inactive,Delhi
2816,Sahil Shah,26,Male,HR,Talent Acquisition Specialist,55000,4,2016,5.2,Inactive,Mumbai
2817,Simran Shah,50,Male,Finance,Financial Analyst,60000,26,2017,6.0,Active,Hyderabad
2818,Manish Shah,53,Male,Marketing,Marketing Analyst,75000,27,2016,9.9,Active,Noida
2819,Aarav Shah,37,Female,Marketing,Digital Marketing Manager,106000,3,2016,7.1,Active,Hyderabad
2820,Ishita Shah,34,Female,HR,HR Executive,43000,16,2013,8.3,Active,Pune
2821,Ravi Shah,43,Female,Marketing,Marketing Analyst,65000,5,2015,7.2,Active,Mumbai
2822,Meera Shah,44,Female,HR,HR Manager,77000,2,2018,9.7,Active,Mumbai
2823,Varun Shah,52,Female,Finance,Accountant,58000,30,2020,8.1,Inactive,Lucknow
2824,Shreya Shah,54,Male,Sales,Sales Manager,104000,14,2023,5.8,On Leave,Gurgaon
2825,Akash Shah,39,Female,Finance,Financial Analyst,51000,22,2019,8.1,Active,Pune
2826,Tanvi Shah,29,Male,Marketing,Marketing Analyst,68000,9,2020,5.7,Active,Pune
2827,Yash Shah,29,Male,Marketing,Marketing Analyst,78000,12,2025,8.0,Active,Hyderabad
2828,Nandini Shah,22,Female,Marketing,Digital Marketing Manager,84000,4,2018,9.3,Active,Gurgaon
2829,Mohit Shah,28,Male,Marketing,Digital Marketing Manager,94000,4,2010,5.7,Active,Chennai
2830,Divya Shah,50,Female,Engineering,Tech Lead,118000,17,2025,9.3,Active,Delhi
2831,Rahul Mehta,54,Male,Engineering,Data Engineer,72000,9,2016,8.2,Active,Delhi
2832,Priya Mehta,39,Male,Sales,Business Development Executive,54000,14,2017,7.2,Active,Bangalore
2833,Amit Mehta,24,Female,Finance,Financial Analyst,76000,4,2025,8.8,Active,Pune
2834,Neha Mehta,33,Female,HR,Talent Acquisition Specialist,50000,13,2026,6.0,Active,Bangalore
2835,Rohan Mehta,30,Female,Engineering,DevOps Engineer,89000,0,2026,5.6,On Leave,Noida
2836,Arjun Mehta,34,Male,HR,HR Manager,95000,6,2022,9.7,Active,Noida
2837,Ananya Mehta,46,Female,Engineering,Senior Engineer,105000,15,2010,8.2,Active,Lucknow
2838,Vikram Mehta,48,Female,Sales,Sales Executive,41000,28,2021,6.4,Active,Kanpur
2839,Sneha Mehta,28,Male,HR,HR Manager,89000,3,2012,6.9,On Leave,Kanpur
2840,Karan Mehta,25,Female,Finance,Senior Financial Analyst,101000,1,2013,6.7,On Leave,Kanpur
2841,Pooja Mehta,55,Male,Engineering,Senior Engineer,114000,28,2026,6.4,Active,Kanpur
2842,Aditya Mehta,39,Female,Finance,Financial Analyst,54000,1,2021,6.9,Active,Delhi
2843,Nikhil Mehta,34,Female,HR,Talent Acquisition Specialist,66000,10,2013,7.6,Active,Lucknow
2844,Kavya Mehta,50,Male,Finance,Accountant,47000,10,2016,8.1,Active,Pune
2845,Riya Mehta,54,Male,Finance,Senior Financial Analyst,93000,29,2024,7.4,On Leave,Noida
2846,Sahil Mehta,37,Female,Engineering,DevOps Engineer,72000,1,2014,9.0,Active,Pune
2847,Simran Mehta,54,Male,Sales,Business Development Executive,58000,22,2025,7.2,Active,Noida
2848,Manish Mehta,45,Female,Sales,Sales Manager,72000,13,2012,9.1,Active,Hyderabad
2849,Aarav Mehta,54,Female,HR,HR Executive,54000,6,2012,9.3,Active,Kanpur
2850,Ishita Mehta,42,Female,HR,HR Manager,77000,17,2018,8.2,Active,Hyderabad
2851,Ravi Mehta,48,Male,Marketing,Digital Marketing Manager,80000,10,2021,6.8,Active,Mumbai
2852,Meera Mehta,53,Male,Finance,Financial Analyst,75000,5,2022,5.5,Inactive,Chennai
2853,Varun Mehta,42,Female,Engineering,Software Engineer,82000,17,2020,9.6,Active,Chennai
2854,Shreya Mehta,34,Female,HR,HR Executive,45000,0,2026,6.0,Inactive,Chennai
2855,Akash Mehta,32,Female,Marketing,Marketing Analyst,74000,15,2017,6.6,Active,Kanpur
2856,Tanvi Mehta,31,Female,HR,Talent Acquisition Specialist,57000,10,2019,5.5,Active,Noida
2857,Yash Mehta,50,Male,HR,HR Executive,58000,26,2025,9.4,On Leave,Chennai
2858,Nandini Mehta,35,Female,HR,HR Manager,96000,17,2025,9.6,Inactive,Delhi
2859,Mohit Mehta,28,Male,Sales,Sales Manager,74000,12,2020,8.5,Active,Noida
2860,Divya Mehta,45,Female,Engineering,DevOps Engineer,74000,6,2010,9.5,Active,Kanpur
2861,Rahul Yadav,30,Female,Finance,Financial Analyst,63000,11,2019,7.4,On Leave,Kanpur
2862,Priya Yadav,43,Male,Marketing,Digital Marketing Manager,99000,23,2025,8.8,On Leave,Pune
2863,Amit Yadav,28,Female,Sales,Business Development Executive,76000,10,2013,6.8,Active,Hyderabad
2864,Neha Yadav,46,Female,Marketing,Marketing Analyst,65000,12,2011,7.6,Active,Lucknow
2865,Rohan Yadav,38,Male,Engineering,DevOps Engineer,94000,0,2014,9.7,On Leave,Bangalore
2866,Arjun Yadav,45,Male,Finance,Financial Analyst,80000,21,2016,5.6,Active,Delhi
2867,Ananya Yadav,37,Male,Sales,Business Development Executive,46000,7,2024,6.8,Active,Mumbai
2868,Vikram Yadav,47,Male,Engineering,Tech Lead,127000,1,2013,9.5,Active,Delhi
2869,Sneha Yadav,23,Male,Marketing,Digital Marketing Manager,80000,1,2023,5.2,Active,Pune
2870,Karan Yadav,43,Female,Sales,Business Development Executive,59000,17,2018,9.5,Active,Noida
2871,Pooja Yadav,34,Male,Finance,Senior Financial Analyst,108000,7,2026,6.8,On Leave,Gurgaon
2872,Aditya Yadav,32,Male,Finance,Accountant,58000,3,2025,9.1,Active,Noida
2873,Nikhil Yadav,47,Male,Marketing,Marketing Analyst,77000,20,2017,5.1,Active,Chennai
2874,Kavya Yadav,29,Male,Marketing,Marketing Analyst,67000,13,2014,6.6,Active,Lucknow
2875,Riya Yadav,31,Male,HR,HR Manager,65000,15,2011,8.4,Active,Bangalore
2876,Sahil Yadav,22,Female,Marketing,Digital Marketing Manager,73000,4,2012,8.3,Active,Kanpur
2877,Simran Yadav,41,Female,Sales,Sales Executive,58000,2,2020,6.0,Active,Delhi
2878,Manish Yadav,46,Male,HR,Talent Acquisition Specialist,47000,30,2016,6.6,Active,Mumbai
2879,Aarav Yadav,45,Male,HR,HR Executive,43000,19,2011,8.6,Active,Noida
2880,Ishita Yadav,36,Male,Sales,Sales Manager,99000,2,2013,9.0,Active,Noida
2881,Ravi Yadav,23,Female,Sales,Business Development Executive,60000,2,2020,5.3,Active,Gurgaon
2882,Meera Yadav,32,Female,Sales,Business Development Executive,60000,1,2011,8.5,Active,Pune
2883,Varun Yadav,48,Male,HR,HR Manager,91000,2,2015,7.6,On Leave,Bangalore
2884,Shreya Yadav,29,Female,Marketing,Digital Marketing Manager,74000,10,2021,8.9,On Leave,Lucknow
2885,Akash Yadav,50,Male,Engineering,Tech Lead,142000,27,2017,10.0,On Leave,Delhi
2886,Tanvi Yadav,23,Male,Sales,Sales Executive,62000,5,2017,9.3,Active,Mumbai
2887,Yash Yadav,49,Male,Sales,Sales Manager,74000,19,2013,8.7,Active,Pune
2888,Nandini Yadav,35,Male,Marketing,Digital Marketing Manager,93000,15,2010,7.0,Active,Chennai
2889,Mohit Yadav,27,Male,Marketing,Marketing Analyst,68000,8,2014,7.0,Active,Noida
2890,Divya Yadav,54,Male,Finance,Financial Analyst,56000,28,2022,7.3,Active,Gurgaon
2891,Rahul Saxena,31,Male,Marketing,Marketing Analyst,69000,5,2024,7.8,Active,Chennai
2892,Priya Saxena,46,Male,Marketing,Marketing Analyst,61000,2,2015,7.3,Active,Mumbai
2893,Amit Saxena,41,Female,Sales,Sales Executive,44000,18,2020,8.1,Active,Bangalore
2894,Neha Saxena,48,Male,Sales,Sales Manager,90000,10,2019,7.7,Active,Noida
2895,Rohan Saxena,44,Male,Sales,Sales Executive,50000,23,2010,9.6,Inactive,Lucknow
2896,Arjun Saxena,28,Female,Marketing,Marketing Executive,58000,12,2020,7.8,Active,Delhi
2897,Ananya Saxena,29,Female,Finance,Senior Financial Analyst,98000,9,2012,5.4,Active,Lucknow
2898,Vikram Saxena,54,Male,Engineering,Software Engineer,89000,13,2021,5.0,Active,Lucknow
2899,Sneha Saxena,38,Female,HR,Talent Acquisition Specialist,60000,19,2025,8.2,Inactive,Mumbai
2900,Karan Saxena,22,Male,HR,Talent Acquisition Specialist,51000,6,2010,5.5,On Leave,Hyderabad
2901,Pooja Saxena,21,Female,Sales,Sales Manager,67000,0,2025,5.9,Active,Kanpur
2902,Aditya Saxena,46,Male,Sales,Sales Manager,75000,21,2015,6.1,Active,Gurgaon
2903,Nikhil Saxena,34,Male,Sales,Sales Executive,53000,3,2015,5.1,Inactive,Mumbai
2904,Kavya Saxena,22,Male,Finance,Financial Analyst,75000,1,2023,6.3,On Leave,Chennai
2905,Riya Saxena,44,Female,Marketing,Digital Marketing Manager,89000,7,2010,7.5,Active,Delhi
2906,Sahil Saxena,38,Female,Marketing,Digital Marketing Manager,109000,9,2021,8.4,Inactive,Lucknow
2907,Simran Saxena,24,Female,Sales,Sales Manager,79000,6,2021,6.3,Active,Lucknow
2908,Manish Saxena,42,Female,Engineering,Tech Lead,120000,23,2023,6.8,On Leave,Mumbai
2909,Aarav Saxena,38,Female,HR,HR Manager,80000,16,2021,8.1,On Leave,Chennai
2910,Ishita Saxena,34,Male,Marketing,Marketing Analyst,72000,13,2020,5.8,On Leave,Chennai
2911,Ravi Saxena,51,Female,Sales,Sales Manager,65000,11,2026,6.2,Active,Pune
2912,Meera Saxena,34,Male,Finance,Financial Analyst,78000,8,2020,6.8,Active,Lucknow
2913,Varun Saxena,41,Male,Engineering,Tech Lead,142000,25,2011,7.7,Active,Bangalore
2914,Shreya Saxena,21,Male,Marketing,Marketing Executive,54000,0,2015,7.8,Active,Chennai
2915,Akash Saxena,35,Female,HR,Talent Acquisition Specialist,55000,15,2018,8.3,Inactive,Kanpur
2916,Tanvi Saxena,36,Female,Engineering,Software Engineer,74000,17,2014,7.8,Active,Hyderabad
2917,Yash Saxena,23,Male,Engineering,Tech Lead,118000,2,2010,9.8,Active,Mumbai
2918,Nandini Saxena,42,Male,Engineering,Senior Engineer,110000,7,2018,9.1,Active,Gurgaon
2919,Mohit Saxena,42,Male,Engineering,Software Engineer,64000,6,2014,8.3,Active,Lucknow
2920,Divya Saxena,31,Male,Finance,Financial Analyst,80000,12,2018,7.8,On Leave,Pune
2921,Rahul Malhotra,32,Female,Engineering,Software Engineer,77000,11,2021,6.1,Active,Hyderabad
2922,Priya Malhotra,43,Male,Finance,Financial Analyst,67000,9,2023,9.0,On Leave,Delhi
2923,Amit Malhotra,35,Female,Engineering,Software Engineer,76000,10,2019,9.1,Active,Mumbai
2924,Neha Malhotra,50,Male,Engineering,Data Engineer,79000,22,2025,7.7,Active,Chennai
2925,Rohan Malhotra,33,Male,Marketing,Marketing Analyst,68000,7,2013,9.2,Active,Chennai
2926,Arjun Malhotra,44,Male,HR,HR Manager,82000,13,2013,8.8,Active,Lucknow
2927,Ananya Malhotra,54,Male,Sales,Business Development Executive,74000,3,2022,5.1,Active,Kanpur
2928,Vikram Malhotra,48,Male,HR,HR Executive,60000,18,2023,5.1,On Leave,Gurgaon
2929,Sneha Malhotra,42,Female,Marketing,Digital Marketing Manager,102000,2,2011,6.7,Active,Gurgaon
2930,Karan Malhotra,55,Female,HR,Talent Acquisition Specialist,68000,4,2023,6.1,On Leave,Bangalore
2931,Pooja Malhotra,34,Male,HR,Talent Acquisition Specialist,63000,8,2026,6.5,Active,Delhi
2932,Aditya Malhotra,39,Male,HR,HR Executive,45000,20,2021,7.0,Active,Bangalore
2933,Nikhil Malhotra,32,Female,Engineering,Senior Engineer,97000,7,2014,6.8,Active,Pune
2934,Kavya Malhotra,50,Female,Sales,Business Development Executive,49000,5,2013,6.5,Active,Lucknow
2935,Riya Malhotra,37,Male,Engineering,DevOps Engineer,83000,6,2019,7.2,Active,Mumbai
2936,Sahil Malhotra,26,Female,HR,Talent Acquisition Specialist,64000,0,2025,5.6,Active,Hyderabad
2937,Simran Malhotra,22,Female,HR,Talent Acquisition Specialist,64000,3,2013,8.0,Active,Hyderabad
2938,Manish Malhotra,25,Female,HR,HR Executive,57000,7,2013,5.7,Active,Kanpur
2939,Aarav Malhotra,53,Male,HR,Talent Acquisition Specialist,50000,15,2015,8.0,Active,Gurgaon
2940,Ishita Malhotra,25,Female,Marketing,Marketing Executive,67000,5,2024,8.9,Active,Kanpur
2941,Ravi Malhotra,43,Male,Sales,Business Development Executive,75000,4,2025,7.2,Active,Gurgaon
2942,Meera Malhotra,26,Female,HR,HR Executive,48000,5,2018,5.3,On Leave,Bangalore
2943,Varun Malhotra,21,Female,Marketing,Digital Marketing Manager,104000,1,2017,7.8,Active,Mumbai
2944,Shreya Malhotra,40,Female,Finance,Financial Analyst,61000,20,2020,7.3,Active,Mumbai
2945,Akash Malhotra,24,Female,Engineering,DevOps Engineer,83000,4,2018,8.4,Active,Hyderabad
2946,Tanvi Malhotra,40,Female,Engineering,DevOps Engineer,80000,20,2017,7.7,Active,Delhi
2947,Yash Malhotra,36,Male,HR,HR Manager,76000,17,2012,9.4,Active,Mumbai
2948,Nandini Malhotra,36,Male,Marketing,Marketing Executive,48000,8,2019,5.7,Active,Noida
2949,Mohit Malhotra,31,Male,HR,HR Executive,41000,11,2016,9.4,Active,Noida
2950,Divya Malhotra,28,Male,Marketing,Marketing Executive,59000,11,2010,7.7,Active,Delhi
2951,Rahul Bansal,51,Female,Marketing,Digital Marketing Manager,71000,7,2024,8.2,Active,Bangalore
2952,Priya Bansal,23,Female,Engineering,Tech Lead,103000,0,2012,8.5,Active,Kanpur
2953,Amit Bansal,51,Male,Engineering,Data Engineer,77000,29,2023,6.3,Active,Kanpur
2954,Neha Bansal,55,Male,Sales,Sales Manager,72000,26,2015,7.3,Active,Delhi
2955,Rohan Bansal,28,Female,Sales,Sales Executive,60000,12,2018,6.8,Inactive,Pune
2956,Arjun Bansal,51,Female,Sales,Sales Manager,88000,4,2020,9.1,Active,Chennai
2957,Ananya Bansal,48,Male,Engineering,Senior Engineer,109000,15,2024,8.4,Active,Noida
2958,Vikram Bansal,47,Female,HR,HR Manager,81000,24,2021,5.5,Active,Pune
2959,Sneha Bansal,49,Female,HR,HR Executive,52000,17,2021,6.0,Active,Noida
2960,Karan Bansal,54,Male,Finance,Financial Analyst,61000,15,2014,8.4,Inactive,Lucknow
2961,Pooja Bansal,45,Male,Finance,Senior Financial Analyst,101000,2,2022,7.5,Active,Mumbai
2962,Aditya Bansal,21,Female,Engineering,Software Engineer,86000,2,2024,8.9,Active,Bangalore
2963,Nikhil Bansal,27,Male,HR,HR Manager,99000,5,2017,8.0,Inactive,Pune
2964,Kavya Bansal,34,Female,Finance,Senior Financial Analyst,77000,13,2018,6.6,Active,Gurgaon
2965,Riya Bansal,45,Female,Sales,Sales Manager,66000,18,2016,7.8,Active,Mumbai
2966,Sahil Bansal,21,Male,Finance,Accountant,52000,0,2025,7.0,Active,Delhi
2967,Simran Bansal,43,Male,HR,Talent Acquisition Specialist,50000,18,2013,7.4,Active,Hyderabad
2968,Manish Bansal,35,Male,Engineering,Software Engineer,90000,8,2018,6.9,Inactive,Bangalore
2969,Aarav Bansal,27,Male,Sales,Sales Manager,76000,1,2014,6.4,Active,Mumbai
2970,Ishita Bansal,22,Male,Sales,Sales Executive,55000,0,2022,9.2,Active,Chennai
2971,Ravi Bansal,54,Female,Sales,Business Development Executive,62000,19,2025,7.9,Active,Gurgaon
2972,Meera Bansal,24,Male,HR,HR Executive,43000,5,2025,5.6,Active,Pune
2973,Varun Bansal,42,Male,Finance,Accountant,69000,13,2013,10.0,On Leave,Kanpur
2974,Shreya Bansal,48,Female,Marketing,Marketing Executive,66000,2,2020,9.3,Active,Pune
2975,Akash Bansal,33,Female,HR,Talent Acquisition Specialist,60000,3,2021,7.2,Active,Pune
2976,Tanvi Bansal,27,Male,Sales,Sales Manager,105000,6,2023,7.4,Active,Delhi
2977,Yash Bansal,26,Female,HR,Talent Acquisition Specialist,73000,9,2011,7.7,Inactive,Kanpur
2978,Nandini Bansal,28,Female,HR,Talent Acquisition Specialist,72000,12,2010,5.4,Inactive,Hyderabad
2979,Mohit Bansal,33,Female,Engineering,Data Engineer,85000,5,2016,9.6,On Leave,Mumbai
2980,Divya Bansal,25,Male,Sales,Business Development Executive,67000,7,2018,8.8,Active,Gurgaon
2981,Rahul Tiwari,24,Female,Marketing,Digital Marketing Manager,81000,3,2021,6.9,Active,Noida
2982,Priya Tiwari,35,Male,Marketing,Marketing Executive,67000,10,2013,7.4,Active,Mumbai
2983,Amit Tiwari,30,Female,Finance,Senior Financial Analyst,82000,2,2024,5.3,Active,Bangalore
2984,Neha Tiwari,41,Female,Engineering,Tech Lead,150000,17,2025,9.5,Inactive,Delhi
2985,Rohan Tiwari,32,Male,Marketing,Marketing Executive,49000,6,2022,7.9,Active,Lucknow
2986,Arjun Tiwari,27,Male,Sales,Sales Manager,86000,3,2017,6.6,Active,Kanpur
2987,Ananya Tiwari,36,Female,Marketing,Digital Marketing Manager,96000,0,2026,8.9,Active,Gurgaon
2988,Vikram Tiwari,48,Female,Finance,Senior Financial Analyst,105000,22,2014,9.6,Active,Gurgaon
2989,Sneha Tiwari,32,Female,Marketing,Marketing Analyst,76000,3,2016,8.3,Active,Delhi
2990,Karan Tiwari,47,Male,Sales,Sales Executive,42000,12,2016,9.8,Active,Pune
2991,Pooja Tiwari,49,Female,Marketing,Digital Marketing Manager,79000,0,2013,8.3,Active,Kanpur
2992,Aditya Tiwari,32,Female,HR,Talent Acquisition Specialist,51000,9,2015,5.5,Active,Mumbai
2993,Nikhil Tiwari,24,Female,HR,HR Executive,64000,6,2017,6.6,Inactive,Delhi
2994,Kavya Tiwari,55,Female,Finance,Senior Financial Analyst,93000,3,2015,8.8,Active,Lucknow
2995,Riya Tiwari,30,Female,Engineering,Senior Engineer,98000,10,2017,5.0,Active,Chennai
2996,Sahil Tiwari,47,Female,Engineering,Software Engineer,82000,11,2026,8.3,Inactive,Pune
2997,Simran Tiwari,38,Female,Sales,Business Development Executive,64000,0,2013,7.5,Active,Noida
2998,Manish Tiwari,25,Male,Marketing,Marketing Executive,55000,3,2019,6.5,Active,Delhi
2999,Aarav Tiwari,24,Male,HR,HR Manager,70000,8,2012,8.2,Active,Hyderabad
3000,Ishita Tiwari,38,Male,Sales,Business Development Executive,56000,5,2011,6.2,Active,Pune
3001,Ravi Tiwari,48,Female,Marketing,Digital Marketing Manager,81000,18,2015,6.2,Active,Delhi
3002,Meera Tiwari,37,Male,Engineering,DevOps Engineer,83000,2,2010,8.9,Active,Lucknow
3003,Varun Tiwari,30,Male,Engineering,Data Engineer,98000,4,2015,6.4,Active,Lucknow
3004,Shreya Tiwari,54,Male,Sales,Sales Executive,48000,17,2018,7.4,Active,Noida
3005,Akash Tiwari,45,Female,Sales,Sales Manager,67000,13,2026,8.9,Active,Lucknow
3006,Tanvi Tiwari,32,Female,HR,Talent Acquisition Specialist,63000,9,2015,9.7,Inactive,Noida
3007,Yash Tiwari,42,Female,Engineering,Data Engineer,88000,10,2016,9.1,Active,Hyderabad
3008,Nandini Tiwari,31,Male,Sales,Sales Manager,96000,11,2010,7.8,On Leave,Gurgaon
3009,Mohit Tiwari,48,Female,Finance,Financial Analyst,71000,9,2013,7.0,Active,Chennai
3010,Divya Tiwari,28,Male,Sales,Business Development Executive,58000,12,2010,8.8,Active,Hyderabad
3011,Rahul Joshi,38,Female,Sales,Business Development Executive,75000,4,2016,9.9,Active,Gurgaon
3012,Priya Joshi,46,Female,Marketing,Digital Marketing Manager,98000,21,2023,7.9,Active,Lucknow
3013,Amit Joshi,50,Male,Marketing,Digital Marketing Manager,77000,0,2024,9.4,On Leave,Pune
3014,Neha Joshi,24,Male,Finance,Accountant,59000,1,2012,5.1,Active,Noida
3015,Rohan Joshi,37,Female,Engineering,Tech Lead,121000,14,2025,7.1,Active,Kanpur
3016,Arjun Joshi,42,Male,Sales,Business Development Executive,78000,2,2023,8.4,Active,Lucknow
3017,Ananya Joshi,37,Female,HR,HR Executive,49000,18,2016,8.1,Active,Pune
3018,Vikram Joshi,54,Female,Engineering,Tech Lead,116000,10,2010,8.9,Active,Gurgaon
3019,Sneha Joshi,35,Female,Finance,Senior Financial Analyst,78000,15,2014,9.5,Active,Pune
3020,Karan Joshi,25,Female,Sales,Business Development Executive,56000,7,2020,5.6,Inactive,Bangalore
3021,Pooja Joshi,42,Female,HR,Talent Acquisition Specialist,56000,1,2025,8.7,Active,Lucknow
3022,Aditya Joshi,53,Female,Engineering,Data Engineer,86000,25,2026,7.9,Active,Pune
3023,Nikhil Joshi,24,Male,HR,HR Manager,99000,6,2021,5.1,On Leave,Kanpur
3024,Kavya Joshi,26,Female,Marketing,Digital Marketing Manager,108000,2,2022,5.4,On Leave,Mumbai
3025,Riya Joshi,21,Female,Sales,Sales Manager,75000,2,2025,6.8,Active,Chennai
3026,Sahil Joshi,24,Male,Marketing,Marketing Analyst,69000,3,2014,9.7,Active,Mumbai
3027,Simran Joshi,37,Female,Finance,Financial Analyst,67000,9,2022,8.7,Active,Mumbai
3028,Manish Joshi,27,Female,Engineering,Senior Engineer,93000,8,2017,7.2,Active,Chennai
3029,Aarav Joshi,24,Female,HR,HR Executive,55000,7,2019,9.3,Active,Pune
3030,Ishita Joshi,32,Female,HR,HR Manager,81000,13,2022,7.7,Active,Noida
3031,Ravi Joshi,52,Female,Marketing,Marketing Analyst,81000,26,2025,8.1,Active,Mumbai
3032,Meera Joshi,39,Female,Finance,Financial Analyst,73000,16,2016,8.7,Active,Kanpur
3033,Varun Joshi,36,Female,Marketing,Marketing Analyst,69000,15,2025,5.1,On Leave,Kanpur
3034,Shreya Joshi,51,Female,Marketing,Marketing Analyst,58000,13,2019,6.8,Active,Delhi
3035,Akash Joshi,41,Male,Marketing,Marketing Executive,66000,24,2016,8.1,Active,Kanpur
3036,Tanvi Joshi,23,Female,Engineering,Data Engineer,94000,4,2022,8.6,Active,Lucknow
3037,Yash Joshi,37,Female,HR,Talent Acquisition Specialist,71000,10,2020,6.8,Active,Bangalore
3038,Nandini Joshi,33,Male,Marketing,Marketing Analyst,56000,4,2010,6.3,Active,Gurgaon
3039,Mohit Joshi,26,Female,Engineering,Senior Engineer,100000,1,2021,5.4,Active,Gurgaon
3040,Divya Joshi,53,Male,Sales,Business Development Executive,71000,18,2020,5.4,Active,Hyderabad
3041,Rahul Sinha,53,Male,Marketing,Marketing Analyst,68000,6,2023,6.6,Active,Chennai
3042,Priya Sinha,48,Female,Engineering,DevOps Engineer,112000,29,2023,8.3,Active,Chennai
3043,Amit Sinha,47,Female,Marketing,Digital Marketing Manager,80000,12,2010,8.6,Active,Hyderabad
3044,Neha Sinha,44,Male,Sales,Business Development Executive,49000,0,2018,8.5,Active,Kanpur
3045,Rohan Sinha,32,Male,Marketing,Marketing Analyst,85000,5,2019,6.6,On Leave,Mumbai
3046,Arjun Sinha,55,Male,HR,HR Executive,42000,13,2018,6.8,Active,Delhi
3047,Ananya Sinha,55,Female,Marketing,Marketing Executive,55000,12,2025,7.3,Active,Noida
3048,Vikram Sinha,26,Male,Marketing,Digital Marketing Manager,103000,4,2020,6.3,Active,Lucknow
3049,Sneha Sinha,29,Male,HR,HR Manager,82000,0,2019,5.1,On Leave,Bangalore
3050,Karan Sinha,35,Male,Marketing,Digital Marketing Manager,85000,16,2021,7.7,Active,Pune
3051,Pooja Sinha,47,Male,Marketing,Marketing Analyst,65000,9,2013,5.5,Active,Hyderabad
3052,Aditya Sinha,25,Female,HR,HR Executive,45000,8,2021,6.0,Inactive,Pune
3053,Nikhil Sinha,41,Female,Engineering,Tech Lead,109000,17,2026,8.2,Active,Chennai
3054,Kavya Sinha,41,Female,Sales,Business Development Executive,49000,10,2026,8.5,Active,Delhi
3055,Riya Sinha,31,Female,Finance,Senior Financial Analyst,109000,12,2013,7.3,Active,Bangalore
3056,Sahil Sinha,34,Female,HR,HR Executive,59000,17,2017,7.7,Inactive,Delhi
3057,Simran Sinha,23,Female,HR,Talent Acquisition Specialist,47000,0,2018,5.9,Active,Gurgaon
3058,Manish Sinha,32,Female,HR,HR Executive,63000,9,2021,8.7,Active,Kanpur
3059,Aarav Sinha,27,Female,Engineering,DevOps Engineer,91000,2,2014,9.5,Active,Delhi
3060,Ishita Sinha,39,Male,Marketing,Marketing Executive,51000,23,2017,6.7,Active,Hyderabad
3061,Ravi Sinha,33,Male,Engineering,Tech Lead,110000,1,2011,5.3,Active,Kanpur
3062,Meera Sinha,49,Male,Sales,Sales Executive,62000,14,2013,8.1,On Leave,Pune
3063,Varun Sinha,44,Female,Sales,Sales Manager,86000,19,2020,7.0,On Leave,Pune
3064,Shreya Sinha,36,Male,Finance,Senior Financial Analyst,83000,9,2015,5.7,Inactive,Gurgaon
3065,Akash Sinha,38,Male,HR,HR Executive,54000,10,2019,9.7,Inactive,Delhi
3066,Tanvi Sinha,22,Male,Engineering,Data Engineer,95000,3,2012,5.3,Active,Noida
3067,Yash Sinha,29,Male,Finance,Financial Analyst,58000,2,2022,7.1,Active,Bangalore
3068,Nandini Sinha,30,Male,Engineering,Data Engineer,93000,10,2022,8.3,Active,Gurgaon
3069,Mohit Sinha,45,Female,Engineering,DevOps Engineer,83000,4,2018,7.9,Inactive,Delhi
3070,Divya Sinha,21,Female,Finance,Accountant,53000,0,2014,7.5,Active,Noida
3071,Rahul Pandey,50,Male,HR,HR Executive,45000,1,2010,9.8,Active,Lucknow
3072,Priya Pandey,42,Male,Marketing,Digital Marketing Manager,78000,19,2018,7.8,Inactive,Bangalore
3073,Amit Pandey,43,Female,Finance,Senior Financial Analyst,87000,2,2011,8.4,Active,Kanpur
3074,Neha Pandey,30,Male,Sales,Sales Manager,66000,14,2022,6.4,Active,Bangalore
3075,Rohan Pandey,37,Female,Marketing,Marketing Analyst,83000,0,2019,6.3,Inactive,Pune
3076,Arjun Pandey,42,Female,Sales,Sales Executive,48000,1,2012,7.2,Inactive,Lucknow
3077,Ananya Pandey,34,Female,Engineering,Data Engineer,92000,1,2021,9.0,Active,Noida
3078,Vikram Pandey,52,Female,Sales,Business Development Executive,74000,16,2022,7.1,Inactive,Gurgaon
3079,Sneha Pandey,36,Male,HR,HR Manager,68000,2,2023,9.4,Active,Gurgaon
3080,Karan Pandey,22,Male,Engineering,Senior Engineer,116000,0,2022,9.6,Active,Gurgaon
3081,Pooja Pandey,38,Male,Marketing,Marketing Executive,70000,21,2010,7.5,Active,Delhi
3082,Aditya Pandey,37,Female,Sales,Sales Manager,81000,16,2015,6.5,Active,Delhi
3083,Nikhil Pandey,37,Male,Sales,Business Development Executive,48000,14,2021,6.5,Active,Mumbai
3084,Kavya Pandey,43,Female,Marketing,Marketing Analyst,62000,2,2011,8.6,Active,Pune
3085,Riya Pandey,52,Female,Sales,Sales Manager,98000,0,2026,9.1,Active,Pune
3086,Sahil Pandey,42,Female,HR,Talent Acquisition Specialist,74000,12,2015,8.9,Inactive,Noida
3087,Simran Pandey,32,Male,Sales,Sales Executive,63000,5,2010,7.6,Active,Hyderabad
3088,Manish Pandey,34,Female,Marketing,Digital Marketing Manager,104000,1,2020,7.7,Active,Pune
3089,Aarav Pandey,52,Male,Marketing,Digital Marketing Manager,102000,29,2026,8.1,Active,Hyderabad
3090,Ishita Pandey,35,Female,Finance,Accountant,54000,15,2020,6.7,Active,Hyderabad
3091,Ravi Pandey,33,Female,Marketing,Marketing Analyst,84000,2,2021,8.0,Active,Noida
3092,Meera Pandey,52,Male,Sales,Business Development Executive,75000,8,2018,9.8,Active,Lucknow
3093,Varun Pandey,54,Male,HR,HR Manager,94000,12,2020,9.2,Active,Gurgaon
3094,Shreya Pandey,52,Female,Finance,Senior Financial Analyst,90000,13,2018,6.8,Active,Hyderabad
3095,Akash Pandey,48,Female,Engineering,DevOps Engineer,96000,9,2024,6.2,Active,Kanpur
3096,Tanvi Pandey,34,Female,Sales,Sales Executive,42000,11,2013,8.9,On Leave,Delhi
3097,Yash Pandey,41,Female,Marketing,Digital Marketing Manager,80000,18,2015,5.7,Active,Noida
3098,Nandini Pandey,34,Female,Sales,Sales Executive,56000,9,2022,7.8,Active,Noida
3099,Mohit Pandey,37,Male,Engineering,Software Engineer,86000,13,2026,6.4,Active,Mumbai
3100,Divya Pandey,40,Male,Engineering,Software Engineer,87000,17,2020,7.2,Active,Noida
3101,Rahul Sharma,46,Female,Marketing,Marketing Executive,56000,12,2020,6.4,On Leave,Hyderabad
3102,Priya Sharma,36,Female,HR,HR Manager,68000,18,2023,9.3,Inactive,Pune
3103,Amit Sharma,29,Male,HR,HR Executive,61000,7,2020,7.0,Active,Lucknow
3104,Neha Sharma,25,Female,Sales,Business Development Executive,55000,1,2026,7.0,Active,Bangalore
3105,Rohan Sharma,53,Female,Engineering,Senior Engineer,86000,11,2021,8.6,On Leave,Mumbai
3106,Arjun Sharma,36,Male,Marketing,Marketing Analyst,66000,0,2020,5.4,Active,Bangalore
3107,Ananya Sharma,47,Female,HR,Talent Acquisition Specialist,57000,8,2022,8.2,Active,Pune
3108,Vikram Sharma,21,Female,Sales,Business Development Executive,46000,3,2025,5.4,Active,Gurgaon
3109,Sneha Sharma,27,Female,Sales,Sales Executive,55000,9,2025,6.9,Active,Lucknow
3110,Karan Sharma,40,Female,Finance,Accountant,71000,3,2015,6.0,Active,Lucknow
3111,Pooja Sharma,55,Female,Sales,Business Development Executive,61000,5,2026,8.3,Active,Chennai
3112,Aditya Sharma,49,Female,Finance,Senior Financial Analyst,96000,13,2011,5.1,Active,Gurgaon
3113,Nikhil Sharma,37,Male,HR,Talent Acquisition Specialist,72000,20,2019,9.9,Active,Chennai
3114,Kavya Sharma,52,Male,Finance,Senior Financial Analyst,86000,3,2014,9.2,Active,Gurgaon
3115,Riya Sharma,24,Male,Marketing,Digital Marketing Manager,86000,7,2019,6.7,Active,Chennai
3116,Sahil Sharma,50,Female,Engineering,Software Engineer,64000,3,2013,8.2,Active,Mumbai
3117,Simran Sharma,39,Female,Finance,Financial Analyst,55000,19,2018,5.7,Active,Hyderabad
3118,Manish Sharma,50,Male,Sales,Sales Manager,91000,30,2018,6.1,Active,Chennai
3119,Aarav Sharma,40,Female,Marketing,Digital Marketing Manager,92000,3,2021,6.1,Active,Bangalore
3120,Ishita Sharma,36,Male,Sales,Sales Manager,89000,4,2021,9.2,Active,Gurgaon
3121,Ravi Sharma,43,Male,Sales,Sales Manager,97000,15,2021,8.3,Active,Bangalore
3122,Meera Sharma,54,Male,Finance,Accountant,66000,24,2013,7.1,Active,Lucknow
3123,Varun Sharma,49,Female,Finance,Financial Analyst,80000,0,2013,7.0,Active,Chennai
3124,Shreya Sharma,27,Male,Marketing,Digital Marketing Manager,109000,4,2025,9.9,Active,Hyderabad
3125,Akash Sharma,41,Female,Finance,Financial Analyst,84000,18,2016,9.7,Active,Pune
3126,Tanvi Sharma,23,Male,Marketing,Marketing Executive,51000,1,2022,5.1,Active,Gurgaon
3127,Yash Sharma,22,Female,Engineering,Software Engineer,74000,5,2011,7.3,Active,Lucknow
3128,Nandini Sharma,23,Female,Sales,Sales Manager,104000,7,2015,6.6,Active,Bangalore
3129,Mohit Sharma,28,Female,Finance,Accountant,72000,11,2017,7.2,Active,Hyderabad
3130,Divya Sharma,33,Female,Marketing,Marketing Executive,57000,13,2021,5.2,Active,Bangalore
3131,Rahul Verma,29,Male,Sales,Sales Executive,49000,8,2012,6.2,Active,Delhi
3132,Priya Verma,33,Female,Engineering,Tech Lead,107000,0,2011,9.6,Active,Chennai
3133,Amit Verma,40,Female,HR,HR Manager,92000,19,2017,7.4,Active,Gurgaon
3134,Neha Verma,47,Male,Engineering,Tech Lead,129000,14,2010,8.5,On Leave,Kanpur
3135,Rohan Verma,24,Male,HR,HR Manager,94000,7,2021,6.9,Active,Bangalore
3136,Arjun Verma,42,Female,Marketing,Marketing Executive,69000,5,2025,8.5,Active,Bangalore
3137,Ananya Verma,53,Male,Sales,Sales Manager,93000,27,2013,9.1,Active,Mumbai
3138,Vikram Verma,31,Female,Finance,Accountant,67000,2,2015,9.3,On Leave,Delhi
3139,Sneha Verma,27,Female,Marketing,Digital Marketing Manager,106000,9,2014,9.1,On Leave,Pune
3140,Karan Verma,41,Female,Finance,Accountant,66000,14,2018,9.6,Active,Bangalore
3141,Pooja Verma,44,Male,Finance,Senior Financial Analyst,94000,21,2012,7.6,Active,Noida
3142,Aditya Verma,42,Male,HR,HR Manager,94000,2,2016,8.4,Active,Mumbai
3143,Nikhil Verma,55,Female,Sales,Sales Executive,55000,3,2023,8.9,Active,Lucknow
3144,Kavya Verma,52,Male,Engineering,Tech Lead,120000,30,2014,5.1,Active,Noida
3145,Riya Verma,36,Male,HR,HR Manager,82000,6,2011,5.6,Active,Noida
3146,Sahil Verma,34,Female,Engineering,Senior Engineer,80000,12,2026,9.4,Active,Lucknow
3147,Simran Verma,50,Female,Marketing,Marketing Executive,69000,29,2010,8.3,Active,Delhi
3148,Manish Verma,55,Male,Marketing,Marketing Analyst,60000,7,2021,7.4,Active,Delhi
3149,Aarav Verma,47,Female,Engineering,Data Engineer,80000,5,2011,7.7,On Leave,Pune
3150,Ishita Verma,24,Male,Engineering,DevOps Engineer,96000,4,2017,6.1,On Leave,Bangalore
3151,Ravi Verma,45,Female,Finance,Accountant,56000,27,2022,8.1,Active,Delhi
3152,Meera Verma,26,Male,Engineering,Tech Lead,142000,6,2017,6.9,Inactive,Gurgaon
3153,Varun Verma,23,Female,Engineering,Senior Engineer,100000,7,2014,9.1,Inactive,Gurgaon
3154,Shreya Verma,49,Female,Engineering,Software Engineer,78000,21,2012,7.8,Active,Pune
3155,Akash Verma,55,Female,Sales,Sales Manager,95000,4,2010,6.4,Active,Hyderabad
3156,Tanvi Verma,36,Male,Sales,Sales Executive,61000,2,2022,8.9,Active,Bangalore
3157,Yash Verma,46,Female,Engineering,Senior Engineer,91000,25,2013,7.9,Inactive,Kanpur
3158,Nandini Verma,53,Male,Finance,Senior Financial Analyst,109000,14,2010,9.3,Inactive,Mumbai
3159,Mohit Verma,33,Female,Sales,Sales Executive,65000,11,2026,6.0,On Leave,Delhi
3160,Divya Verma,21,Male,Finance,Senior Financial Analyst,91000,3,2020,7.4,Active,Lucknow
3161,Rahul Singh,45,Male,HR,Talent Acquisition Specialist,68000,18,2021,5.1,Active,Delhi
3162,Priya Singh,40,Male,Engineering,Senior Engineer,116000,1,2017,5.4,Active,Noida
3163,Amit Singh,51,Female,Sales,Sales Executive,47000,18,2020,5.5,Inactive,Delhi
3164,Neha Singh,52,Female,Engineering,Senior Engineer,82000,22,2021,7.5,Inactive,Gurgaon
3165,Rohan Singh,40,Female,HR,HR Manager,90000,2,2010,5.5,Active,Noida
3166,Arjun Singh,35,Female,Sales,Sales Manager,79000,17,2017,6.9,Active,Noida
3167,Ananya Singh,50,Male,Marketing,Marketing Analyst,70000,24,2023,5.0,Active,Lucknow
3168,Vikram Singh,41,Male,Sales,Business Development Executive,75000,20,2017,8.2,Active,Mumbai
3169,Sneha Singh,23,Female,HR,HR Executive,49000,3,2023,6.7,Active,Chennai
3170,Karan Singh,37,Male,Engineering,Software Engineer,70000,10,2018,7.9,Active,Chennai
3171,Pooja Singh,34,Male,Sales,Sales Executive,51000,3,2022,9.3,On Leave,Bangalore
3172,Aditya Singh,51,Female,Marketing,Digital Marketing Manager,108000,1,2021,9.0,Active,Delhi
3173,Nikhil Singh,27,Female,Engineering,Data Engineer,108000,1,2025,6.5,Active,Lucknow
3174,Kavya Singh,43,Female,Finance,Senior Financial Analyst,85000,13,2026,5.8,Active,Gurgaon
3175,Riya Singh,34,Male,Sales,Sales Manager,83000,9,2010,7.9,Active,Lucknow
3176,Sahil Singh,45,Female,Finance,Accountant,59000,16,2010,6.9,Active,Gurgaon
3177,Simran Singh,32,Female,Engineering,Senior Engineer,114000,13,2014,8.9,Active,Gurgaon
3178,Manish Singh,49,Female,Marketing,Marketing Analyst,69000,28,2021,5.2,Active,Gurgaon
3179,Aarav Singh,47,Male,Marketing,Marketing Executive,61000,4,2024,9.4,On Leave,Chennai
3180,Ishita Singh,25,Male,Engineering,Data Engineer,86000,1,2021,5.7,Active,Bangalore
3181,Ravi Singh,32,Male,Marketing,Digital Marketing Manager,81000,1,2019,5.8,Active,Mumbai
3182,Meera Singh,24,Female,HR,Talent Acquisition Specialist,64000,2,2017,6.4,Active,Pune
3183,Varun Singh,22,Male,Marketing,Digital Marketing Manager,87000,6,2017,7.0,Active,Bangalore
3184,Shreya Singh,33,Male,Marketing,Digital Marketing Manager,96000,10,2020,8.0,Active,Noida
3185,Akash Singh,42,Female,Marketing,Digital Marketing Manager,73000,7,2011,9.3,Active,Noida
3186,Tanvi Singh,42,Male,Sales,Sales Manager,87000,9,2017,5.6,Active,Noida
3187,Yash Singh,21,Male,HR,HR Manager,88000,2,2019,7.6,Active,Mumbai
3188,Nandini Singh,49,Male,Finance,Financial Analyst,74000,13,2020,7.4,On Leave,Pune
3189,Mohit Singh,54,Male,Marketing,Digital Marketing Manager,96000,20,2010,5.2,Active,Bangalore
3190,Divya Singh,31,Male,HR,HR Executive,56000,3,2011,8.1,Active,Hyderabad
3191,Rahul Gupta,46,Female,Marketing,Marketing Executive,64000,30,2014,7.8,Active,Bangalore
3192,Priya Gupta,54,Male,HR,Talent Acquisition Specialist,47000,15,2018,9.0,Active,Pune
3193,Amit Gupta,32,Female,Marketing,Digital Marketing Manager,108000,3,2022,6.5,Active,Mumbai
3194,Neha Gupta,33,Female,Sales,Business Development Executive,78000,5,2010,5.0,Active,Kanpur
3195,Rohan Gupta,32,Male,Marketing,Marketing Analyst,66000,16,2012,9.7,Active,Bangalore
3196,Arjun Gupta,21,Female,Marketing,Marketing Analyst,65000,0,2021,5.3,Active,Chennai
3197,Ananya Gupta,29,Female,Engineering,Software Engineer,88000,10,2018,7.1,On Leave,Hyderabad
3198,Vikram Gupta,22,Female,Engineering,Tech Lead,106000,6,2022,6.3,Active,Kanpur
3199,Sneha Gupta,35,Female,Engineering,Data Engineer,105000,12,2020,8.7,Inactive,Mumbai
3200,Karan Gupta,33,Male,Sales,Sales Manager,98000,0,2025,9.5,Active,Mumbai
3201,Pooja Gupta,46,Female,Engineering,Data Engineer,73000,17,2012,6.7,Inactive,Bangalore
3202,Aditya Gupta,35,Female,Marketing,Marketing Analyst,57000,4,2018,7.5,Active,Chennai
3203,Nikhil Gupta,21,Female,Finance,Financial Analyst,57000,0,2023,8.0,On Leave,Chennai
3204,Kavya Gupta,29,Male,Sales,Sales Executive,51000,0,2012,5.2,On Leave,Bangalore
3205,Riya Gupta,43,Female,HR,HR Executive,63000,4,2014,9.2,On Leave,Gurgaon
3206,Sahil Gupta,33,Male,Sales,Sales Manager,98000,15,2015,6.7,Inactive,Hyderabad
3207,Simran Gupta,41,Female,Engineering,Software Engineer,74000,25,2016,5.4,Active,Kanpur
3208,Manish Gupta,50,Female,Marketing,Marketing Analyst,78000,10,2013,9.6,Active,Chennai
3209,Aarav Gupta,36,Female,Marketing,Marketing Executive,58000,18,2014,8.0,Active,Noida
3210,Ishita Gupta,36,Male,HR,HR Manager,96000,2,2024,8.8,Active,Chennai
3211,Ravi Gupta,51,Male,Finance,Senior Financial Analyst,88000,5,2019,8.1,Active,Lucknow
3212,Meera Gupta,50,Female,Marketing,Marketing Executive,65000,16,2022,7.4,Active,Pune
3213,Varun Gupta,40,Male,Sales,Business Development Executive,48000,7,2015,8.8,Active,Noida
3214,Shreya Gupta,22,Female,Finance,Financial Analyst,69000,5,2025,9.8,Active,Kanpur
3215,Akash Gupta,39,Female,Sales,Sales Executive,54000,0,2021,6.1,Active,Lucknow
3216,Tanvi Gupta,31,Female,Marketing,Digital Marketing Manager,79000,12,2014,6.3,Active,Kanpur
3217,Yash Gupta,35,Female,Sales,Sales Executive,42000,13,2012,9.6,Active,Kanpur
3218,Nandini Gupta,27,Male,Finance,Financial Analyst,81000,10,2017,9.7,Active,Chennai
3219,Mohit Gupta,32,Female,Marketing,Marketing Analyst,85000,5,2012,7.5,On Leave,Pune
3220,Divya Gupta,21,Male,Engineering,DevOps Engineer,87000,0,2014,6.1,Active,Noida
3221,Rahul Kumar,38,Female,Finance,Financial Analyst,60000,14,2017,8.1,Active,Chennai
3222,Priya Kumar,51,Male,Engineering,Tech Lead,111000,25,2010,5.8,Active,Bangalore
3223,Amit Kumar,40,Male,HR,HR Manager,86000,14,2010,8.6,Active,Gurgaon
3224,Neha Kumar,22,Female,Engineering,Software Engineer,74000,4,2019,7.0,On Leave,Lucknow
3225,Rohan Kumar,40,Female,Marketing,Digital Marketing Manager,102000,4,2017,6.6,Active,Kanpur
3226,Arjun Kumar,39,Male,HR,HR Executive,53000,5,2025,8.6,Active,Pune
3227,Ananya Kumar,49,Female,Finance,Senior Financial Analyst,90000,30,2016,9.8,Active,Pune
3228,Vikram Kumar,22,Male,Finance,Financial Analyst,62000,2,2021,7.6,Active,Mumbai
3229,Sneha Kumar,42,Male,HR,HR Executive,57000,14,2013,6.2,Inactive,Mumbai
3230,Karan Kumar,38,Male,HR,Talent Acquisition Specialist,74000,10,2016,5.9,Active,Lucknow
3231,Pooja Kumar,27,Male,HR,HR Manager,96000,2,2018,8.2,Active,Mumbai
3232,Aditya Kumar,50,Male,Engineering,Senior Engineer,95000,5,2021,6.6,Active,Kanpur
3233,Nikhil Kumar,29,Female,HR,HR Manager,71000,3,2010,8.5,Active,Hyderabad
3234,Kavya Kumar,41,Male,Marketing,Marketing Executive,64000,17,2018,6.4,Active,Lucknow
3235,Riya Kumar,42,Female,Finance,Financial Analyst,55000,12,2015,9.1,On Leave,Bangalore
3236,Sahil Kumar,41,Male,Sales,Sales Executive,56000,7,2026,7.9,On Leave,Hyderabad
3237,Simran Kumar,22,Female,HR,Talent Acquisition Specialist,68000,2,2019,9.7,Inactive,Gurgaon
3238,Manish Kumar,51,Female,Finance,Accountant,61000,3,2020,7.5,Active,Pune
3239,Aarav Kumar,48,Female,HR,HR Executive,57000,25,2014,7.0,Active,Pune
3240,Ishita Kumar,28,Female,Marketing,Marketing Executive,47000,11,2021,6.2,Active,Kanpur
3241,Ravi Kumar,50,Male,Engineering,Tech Lead,98000,13,2019,5.3,Active,Pune
3242,Meera Kumar,53,Female,Finance,Accountant,66000,25,2023,7.3,Active,Mumbai
3243,Varun Kumar,34,Male,Engineering,DevOps Engineer,73000,13,2011,5.2,Inactive,Pune
3244,Shreya Kumar,27,Male,HR,Talent Acquisition Specialist,50000,0,2025,7.7,Active,Lucknow
3245,Akash Kumar,46,Male,Engineering,Data Engineer,86000,21,2026,7.0,Active,Noida
3246,Tanvi Kumar,43,Male,Sales,Business Development Executive,68000,2,2023,10.0,Active,Gurgaon
3247,Yash Kumar,45,Female,Marketing,Digital Marketing Manager,105000,10,2015,7.4,Active,Kanpur
3248,Nandini Kumar,51,Male,HR,Talent Acquisition Specialist,61000,30,2015,8.6,Inactive,Delhi
3249,Mohit Kumar,39,Male,HR,Talent Acquisition Specialist,51000,14,2024,6.8,Active,Chennai
3250,Divya Kumar,54,Female,Engineering,DevOps Engineer,85000,7,2011,8.0,Inactive,Noida
3251,Rahul Chauhan,44,Female,Finance,Senior Financial Analyst,94000,3,2016,7.3,Active,Pune
3252,Priya Chauhan,51,Female,Sales,Sales Executive,54000,8,2022,7.2,Active,Noida
3253,Amit Chauhan,42,Female,Marketing,Marketing Executive,48000,24,2023,6.8,Active,Gurgaon
3254,Neha Chauhan,44,Male,Marketing,Marketing Executive,55000,26,2017,7.5,Inactive,Chennai
3255,Rohan Chauhan,34,Male,HR,HR Executive,64000,18,2011,6.7,On Leave,Hyderabad
3256,Arjun Chauhan,48,Female,HR,HR Executive,55000,10,2025,9.0,Active,Mumbai
3257,Ananya Chauhan,27,Male,Marketing,Digital Marketing Manager,107000,6,2025,8.0,Active,Pune
3258,Vikram Chauhan,27,Male,Finance,Accountant,61000,5,2014,9.3,Active,Kanpur
3259,Sneha Chauhan,29,Male,Finance,Senior Financial Analyst,96000,5,2010,10.0,Active,Kanpur
3260,Karan Chauhan,53,Female,Engineering,DevOps Engineer,108000,23,2016,7.0,Active,Noida
3261,Pooja Chauhan,53,Female,HR,HR Manager,90000,15,2013,6.1,Active,Lucknow
3262,Aditya Chauhan,36,Male,HR,Talent Acquisition Specialist,47000,16,2010,7.9,Active,Hyderabad
3263,Nikhil Chauhan,31,Female,Sales,Sales Executive,41000,9,2025,5.5,Inactive,Gurgaon
3264,Kavya Chauhan,47,Female,Finance,Senior Financial Analyst,100000,10,2014,8.5,Active,Noida
3265,Riya Chauhan,45,Female,HR,HR Manager,75000,5,2024,8.2,Active,Bangalore
3266,Sahil Chauhan,29,Male,Engineering,Senior Engineer,95000,3,2019,6.9,Active,Chennai
3267,Simran Chauhan,27,Male,Finance,Financial Analyst,74000,2,2026,9.1,Active,Noida
3268,Manish Chauhan,31,Female,Finance,Financial Analyst,77000,0,2022,5.2,Active,Delhi
3269,Aarav Chauhan,32,Female,Sales,Sales Executive,56000,6,2026,8.9,Active,Gurgaon
3270,Ishita Chauhan,23,Male,HR,HR Manager,70000,6,2020,7.4,Active,Noida
3271,Ravi Chauhan,39,Male,Finance,Financial Analyst,51000,9,2014,9.0,Active,Noida
3272,Meera Chauhan,30,Male,Sales,Business Development Executive,71000,4,2016,6.2,Active,Chennai
3273,Varun Chauhan,25,Male,Finance,Financial Analyst,65000,4,2012,9.6,Active,Bangalore
3274,Shreya Chauhan,45,Female,Marketing,Digital Marketing Manager,108000,21,2013,8.9,Active,Mumbai
3275,Akash Chauhan,47,Female,Marketing,Marketing Executive,46000,0,2018,9.7,Active,Noida
3276,Tanvi Chauhan,28,Female,Sales,Business Development Executive,53000,1,2020,9.8,Active,Bangalore
3277,Yash Chauhan,40,Female,Marketing,Marketing Analyst,73000,23,2016,5.3,Active,Lucknow
3278,Nandini Chauhan,26,Male,Engineering,Senior Engineer,85000,4,2026,5.6,On Leave,Noida
3279,Mohit Chauhan,27,Male,Engineering,Tech Lead,101000,4,2017,6.6,Active,Gurgaon
3280,Divya Chauhan,21,Female,Finance,Senior Financial Analyst,78000,2,2026,7.1,Active,Lucknow
3281,Rahul Patel,24,Female,Marketing,Marketing Executive,55000,6,2026,7.6,Active,Mumbai
3282,Priya Patel,27,Female,Finance,Senior Financial Analyst,93000,4,2020,5.6,Active,Chennai
3283,Amit Patel,41,Female,Marketing,Digital Marketing Manager,88000,21,2011,8.6,Active,Mumbai
3284,Neha Patel,49,Female,Finance,Accountant,66000,8,2026,5.0,Inactive,Mumbai
3285,Rohan Patel,27,Male,HR,HR Manager,84000,11,2012,9.1,Active,Lucknow
3286,Arjun Patel,25,Female,Marketing,Marketing Executive,52000,0,2015,8.8,Active,Mumbai
3287,Ananya Patel,25,Male,Engineering,Tech Lead,127000,8,2022,5.4,On Leave,Delhi
3288,Vikram Patel,22,Female,Sales,Sales Manager,87000,4,2019,8.9,Active,Mumbai
3289,Sneha Patel,46,Female,Marketing,Marketing Analyst,56000,1,2011,7.2,Inactive,Pune
3290,Karan Patel,50,Female,Finance,Accountant,57000,19,2026,7.5,Active,Chennai
3291,Pooja Patel,21,Male,HR,HR Manager,72000,5,2010,9.6,Active,Chennai
3292,Aditya Patel,21,Female,Marketing,Marketing Analyst,80000,0,2017,6.6,Inactive,Gurgaon
3293,Nikhil Patel,33,Male,Engineering,Data Engineer,105000,6,2013,9.7,Active,Delhi
3294,Kavya Patel,48,Male,Engineering,Software Engineer,69000,26,2010,9.6,Active,Lucknow
3295,Riya Patel,26,Female,Finance,Accountant,59000,5,2024,6.1,Active,Noida
3296,Sahil Patel,40,Female,Sales,Business Development Executive,72000,21,2020,9.7,Active,Delhi
3297,Simran Patel,51,Male,Engineering,Senior Engineer,95000,24,2021,9.5,On Leave,Kanpur
3298,Manish Patel,40,Female,Sales,Business Development Executive,57000,19,2022,9.9,Active,Pune
3299,Aarav Patel,28,Male,Sales,Sales Manager,95000,11,2017,10.0,Active,Gurgaon
3300,Ishita Patel,40,Female,Marketing,Digital Marketing Manager,80000,24,2018,8.6,Active,Mumbai
3301,Ravi Patel,43,Male,Sales,Sales Manager,87000,27,2017,9.3,Active,Pune
3302,Meera Patel,50,Male,Engineering,Tech Lead,141000,21,2012,6.4,Active,Delhi
3303,Varun Patel,51,Female,Sales,Sales Manager,94000,29,2011,5.0,Active,Delhi
3304,Shreya Patel,51,Male,HR,HR Manager,95000,27,2014,9.4,Active,Bangalore
3305,Akash Patel,42,Female,Marketing,Digital Marketing Manager,108000,0,2016,8.8,Active,Pune
3306,Tanvi Patel,34,Male,Sales,Business Development Executive,74000,18,2010,9.7,Active,Hyderabad
3307,Yash Patel,44,Female,Engineering,Senior Engineer,119000,15,2017,8.3,Active,Delhi
3308,Nandini Patel,55,Female,Marketing,Digital Marketing Manager,108000,12,2014,6.6,Active,Kanpur
3309,Mohit Patel,42,Male,Sales,Sales Executive,53000,0,2011,5.2,Active,Delhi
3310,Divya Patel,24,Male,Finance,Senior Financial Analyst,80000,1,2023,9.2,Active,Noida
3311,Rahul Mishra,37,Male,Sales,Business Development Executive,79000,8,2012,9.7,On Leave,Kanpur
3312,Priya Mishra,24,Female,Sales,Sales Executive,61000,8,2016,8.3,Active,Gurgaon
3313,Amit Mishra,24,Male,Marketing,Marketing Analyst,59000,8,2016,5.4,Active,Lucknow
3314,Neha Mishra,54,Female,Marketing,Digital Marketing Manager,101000,3,2017,9.3,Inactive,Hyderabad
3315,Rohan Mishra,47,Male,Sales,Sales Executive,44000,2,2012,9.4,Active,Mumbai
3316,Arjun Mishra,26,Female,Marketing,Marketing Analyst,59000,8,2025,5.3,Active,Mumbai
3317,Ananya Mishra,22,Female,HR,HR Manager,82000,1,2013,8.0,Active,Mumbai
3318,Vikram Mishra,41,Female,Sales,Business Development Executive,49000,20,2023,7.2,Active,Mumbai
3319,Sneha Mishra,30,Male,Sales,Business Development Executive,49000,3,2017,9.9,Active,Noida
3320,Karan Mishra,30,Male,Marketing,Marketing Analyst,85000,14,2013,6.9,Active,Chennai
3321,Pooja Mishra,37,Male,Sales,Business Development Executive,66000,19,2015,6.6,Inactive,Pune
3322,Aditya Mishra,37,Male,Finance,Accountant,62000,8,2018,9.0,Active,Pune
3323,Nikhil Mishra,55,Male,Sales,Sales Executive,69000,13,2013,6.5,Inactive,Mumbai
3324,Kavya Mishra,23,Female,Finance,Financial Analyst,84000,6,2010,7.8,Active,Hyderabad
3325,Riya Mishra,41,Female,Finance,Accountant,67000,22,2011,8.5,Active,Chennai
3326,Sahil Mishra,54,Male,Sales,Sales Executive,46000,15,2021,8.4,Active,Lucknow
3327,Simran Mishra,45,Male,Marketing,Marketing Executive,49000,7,2023,9.4,Inactive,Pune
3328,Manish Mishra,22,Female,HR,HR Executive,51000,1,2026,5.4,Active,Bangalore
3329,Aarav Mishra,41,Male,Sales,Business Development Executive,77000,11,2024,8.6,Inactive,Gurgaon
3330,Ishita Mishra,33,Male,Marketing,Digital Marketing Manager,91000,11,2021,7.8,Active,Bangalore
3331,Ravi Mishra,37,Male,Finance,Accountant,48000,14,2012,7.4,Active,Pune
3332,Meera Mishra,50,Male,HR,Talent Acquisition Specialist,62000,0,2023,9.8,Active,Chennai
3333,Varun Mishra,48,Male,Engineering,Senior Engineer,104000,3,2019,6.0,Active,Kanpur
3334,Shreya Mishra,55,Male,Finance,Senior Financial Analyst,91000,1,2011,7.9,Active,Lucknow
3335,Akash Mishra,29,Male,Marketing,Marketing Executive,51000,8,2013,9.4,Active,Noida
3336,Tanvi Mishra,54,Female,Engineering,Senior Engineer,109000,6,2017,9.9,Active,Lucknow
3337,Yash Mishra,55,Male,HR,HR Executive,40000,11,2025,5.0,Active,Kanpur
3338,Nandini Mishra,39,Female,Sales,Sales Manager,82000,4,2012,8.4,Active,Gurgaon
3339,Mohit Mishra,48,Male,HR,Talent Acquisition Specialist,58000,24,2020,5.8,Active,Hyderabad
3340,Divya Mishra,43,Male,Engineering,Software Engineer,61000,10,2021,5.2,Active,Lucknow
3341,Rahul Agarwal,55,Female,Finance,Accountant,49000,24,2014,9.4,Active,Kanpur
3342,Priya Agarwal,21,Male,Marketing,Marketing Executive,60000,1,2014,6.2,Active,Noida
3343,Amit Agarwal,35,Female,HR,Talent Acquisition Specialist,54000,0,2014,6.0,Active,Mumbai
3344,Neha Agarwal,28,Male,Sales,Sales Executive,68000,6,2010,9.4,Active,Mumbai
3345,Rohan Agarwal,28,Female,Marketing,Digital Marketing Manager,95000,6,2025,5.0,Active,Kanpur
3346,Arjun Agarwal,37,Female,Finance,Senior Financial Analyst,79000,11,2010,5.5,Active,Gurgaon
3347,Ananya Agarwal,50,Female,Engineering,DevOps Engineer,89000,0,2019,7.8,Active,Delhi
3348,Vikram Agarwal,52,Male,Finance,Financial Analyst,77000,13,2015,7.9,Active,Delhi
3349,Sneha Agarwal,43,Male,Finance,Financial Analyst,77000,0,2023,8.7,Active,Delhi
3350,Karan Agarwal,42,Male,HR,Talent Acquisition Specialist,56000,26,2021,8.5,Active,Bangalore
3351,Pooja Agarwal,24,Female,Sales,Business Development Executive,58000,5,2024,8.2,Active,Lucknow
3352,Aditya Agarwal,24,Male,Marketing,Marketing Analyst,61000,4,2020,8.0,Active,Delhi
3353,Nikhil Agarwal,26,Female,Finance,Financial Analyst,71000,1,2020,9.2,Active,Noida
3354,Kavya Agarwal,55,Female,Marketing,Marketing Executive,52000,5,2012,6.4,Active,Mumbai
3355,Riya Agarwal,22,Male,Finance,Accountant,74000,2,2026,8.5,Active,Delhi
3356,Sahil Agarwal,55,Male,Engineering,Tech Lead,149000,13,2014,8.0,On Leave,Hyderabad
3357,Simran Agarwal,42,Male,Finance,Accountant,69000,22,2021,5.2,Active,Hyderabad
3358,Manish Agarwal,47,Male,Finance,Senior Financial Analyst,108000,14,2012,8.4,Active,Gurgaon
3359,Aarav Agarwal,35,Male,Finance,Senior Financial Analyst,106000,0,2023,7.2,Active,Delhi
3360,Ishita Agarwal,26,Female,Engineering,DevOps Engineer,107000,6,2021,9.6,Active,Delhi
3361,Ravi Agarwal,43,Male,HR,HR Executive,44000,21,2016,6.9,Active,Pune
3362,Meera Agarwal,24,Female,Sales,Sales Executive,49000,0,2024,8.4,Active,Noida
3363,Varun Agarwal,54,Female,Sales,Business Development Executive,60000,18,2010,6.4,Inactive,Delhi
3364,Shreya Agarwal,36,Female,Sales,Business Development Executive,76000,18,2014,5.5,Inactive,Hyderabad
3365,Akash Agarwal,46,Female,Engineering,Senior Engineer,94000,29,2026,8.7,On Leave,Hyderabad
3366,Tanvi Agarwal,30,Female,Finance,Accountant,66000,8,2026,7.6,Active,Lucknow
3367,Yash Agarwal,36,Male,Marketing,Marketing Analyst,78000,18,2017,8.6,On Leave,Kanpur
3368,Nandini Agarwal,21,Female,HR,HR Manager,84000,3,2019,6.6,Active,Lucknow
3369,Mohit Agarwal,40,Male,Engineering,Software Engineer,75000,8,2022,8.7,Active,Hyderabad
3370,Divya Agarwal,39,Male,HR,HR Manager,95000,20,2021,8.4,Active,Lucknow
3371,Rahul Jain,36,Female,Sales,Business Development Executive,79000,10,2016,9.8,Active,Gurgaon
3372,Priya Jain,24,Female,Sales,Business Development Executive,73000,7,2021,7.3,Active,Chennai
3373,Amit Jain,42,Female,Sales,Sales Executive,52000,13,2025,10.0,Active,Lucknow
3374,Neha Jain,23,Female,HR,HR Executive,55000,7,2013,7.3,Active,Mumbai
3375,Rohan Jain,41,Male,Engineering,Software Engineer,76000,21,2026,6.9,Active,Mumbai
3376,Arjun Jain,33,Male,Finance,Senior Financial Analyst,76000,16,2017,7.0,Active,Hyderabad
3377,Ananya Jain,29,Male,Finance,Accountant,70000,8,2011,6.1,Active,Bangalore
3378,Vikram Jain,46,Female,HR,HR Executive,55000,10,2017,8.5,Active,Delhi
3379,Sneha Jain,39,Male,Marketing,Marketing Executive,54000,19,2011,5.7,Active,Lucknow
3380,Karan Jain,51,Male,Engineering,Tech Lead,123000,15,2020,7.9,Active,Hyderabad
3381,Pooja Jain,44,Male,Marketing,Marketing Executive,50000,11,2011,7.1,Active,Delhi
3382,Aditya Jain,33,Female,Finance,Senior Financial Analyst,99000,13,2018,9.0,Active,Bangalore
3383,Nikhil Jain,27,Male,Sales,Sales Executive,62000,8,2012,7.4,Active,Kanpur
3384,Kavya Jain,47,Male,Engineering,Data Engineer,97000,10,2013,5.8,Active,Noida
3385,Riya Jain,36,Female,Engineering,Tech Lead,120000,20,2019,7.1,Active,Mumbai
3386,Sahil Jain,21,Female,Finance,Senior Financial Analyst,96000,2,2020,5.3,Inactive,Mumbai
3387,Simran Jain,42,Female,Engineering,Data Engineer,103000,13,2025,9.6,Active,Bangalore
3388,Manish Jain,52,Female,HR,Talent Acquisition Specialist,69000,13,2011,8.4,Active,Kanpur
3389,Aarav Jain,54,Female,HR,HR Manager,90000,5,2014,9.4,Active,Bangalore
3390,Ishita Jain,32,Female,Engineering,DevOps Engineer,99000,4,2021,8.4,Active,Chennai
3391,Ravi Jain,23,Female,Marketing,Marketing Executive,69000,6,2012,8.4,Active,Kanpur
3392,Meera Jain,34,Female,HR,HR Manager,85000,18,2011,7.2,Active,Bangalore
3393,Varun Jain,28,Male,HR,Talent Acquisition Specialist,47000,6,2016,8.8,On Leave,Gurgaon
3394,Shreya Jain,25,Male,HR,Talent Acquisition Specialist,57000,9,2014,5.0,Active,Kanpur
3395,Akash Jain,51,Male,HR,HR Executive,54000,2,2011,9.5,Active,Bangalore
3396,Tanvi Jain,53,Male,Marketing,Marketing Analyst,80000,7,2018,7.3,Active,Lucknow
3397,Yash Jain,41,Male,Sales,Business Development Executive,74000,15,2015,5.3,Active,Bangalore
3398,Nandini Jain,54,Male,Engineering,Software Engineer,65000,26,2023,9.5,Active,Pune
3399,Mohit Jain,44,Female,Sales,Sales Manager,74000,16,2018,7.0,On Leave,Pune
3400,Divya Jain,22,Female,Marketing,Marketing Analyst,69000,5,2014,9.6,Inactive,Bangalore
3401,Rahul Shah,44,Female,HR,HR Manager,96000,14,2018,7.5,Inactive,Lucknow
3402,Priya Shah,21,Female,Engineering,DevOps Engineer,88000,3,2023,7.4,Active,Kanpur
3403,Amit Shah,48,Female,HR,Talent Acquisition Specialist,62000,2,2026,9.8,Active,Lucknow
3404,Neha Shah,30,Male,Sales,Sales Executive,66000,6,2014,9.5,Active,Delhi
3405,Rohan Shah,45,Female,Engineering,Data Engineer,72000,8,2010,6.0,Active,Noida
3406,Arjun Shah,48,Male,Finance,Senior Financial Analyst,101000,1,2026,9.0,Active,Pune
3407,Ananya Shah,45,Male,Marketing,Digital Marketing Manager,94000,9,2012,7.3,Active,Delhi
3408,Vikram Shah,32,Male,HR,Talent Acquisition Specialist,67000,8,2021,9.9,Active,Lucknow
3409,Sneha Shah,26,Female,Engineering,Software Engineer,79000,6,2012,7.8,Active,Kanpur
3410,Karan Shah,28,Female,Engineering,DevOps Engineer,115000,7,2022,9.4,Active,Bangalore
3411,Pooja Shah,23,Female,Marketing,Digital Marketing Manager,77000,7,2011,9.1,Active,Mumbai
3412,Aditya Shah,35,Female,Sales,Business Development Executive,69000,13,2024,7.3,Active,Lucknow
3413,Nikhil Shah,47,Male,Engineering,Tech Lead,99000,2,2012,9.6,Active,Kanpur
3414,Kavya Shah,24,Male,Engineering,Software Engineer,76000,7,2021,8.6,Active,Kanpur
3415,Riya Shah,30,Male,Finance,Accountant,61000,5,2015,8.5,Active,Kanpur
3416,Sahil Shah,26,Female,HR,Talent Acquisition Specialist,75000,0,2025,9.5,Active,Chennai
3417,Simran Shah,38,Female,Marketing,Digital Marketing Manager,92000,20,2017,6.6,On Leave,Chennai
3418,Manish Shah,40,Female,HR,HR Manager,75000,8,2022,8.3,Active,Lucknow
3419,Aarav Shah,26,Female,Finance,Financial Analyst,73000,6,2016,6.5,Inactive,Hyderabad
3420,Ishita Shah,26,Female,HR,HR Manager,80000,3,2024,9.0,Active,Gurgaon
3421,Ravi Shah,49,Male,Sales,Sales Executive,64000,12,2022,9.2,Active,Chennai
3422,Meera Shah,26,Female,Finance,Accountant,67000,7,2011,7.6,Active,Pune
3423,Varun Shah,54,Male,Engineering,Tech Lead,113000,16,2011,6.1,On Leave,Hyderabad
3424,Shreya Shah,53,Female,HR,HR Manager,68000,12,2021,6.3,Active,Gurgaon
3425,Akash Shah,48,Female,HR,HR Manager,90000,6,2017,5.7,Active,Gurgaon
3426,Tanvi Shah,27,Female,Engineering,Software Engineer,83000,1,2011,9.0,On Leave,Noida
3427,Yash Shah,37,Male,Marketing,Digital Marketing Manager,110000,13,2020,9.1,Active,Hyderabad
3428,Nandini Shah,47,Female,Sales,Business Development Executive,59000,3,2011,8.6,Active,Lucknow
3429,Mohit Shah,55,Female,Engineering,Senior Engineer,90000,0,2023,5.8,Active,Chennai
3430,Divya Shah,29,Female,Finance,Senior Financial Analyst,94000,0,2015,9.6,Active,Delhi
3431,Rahul Mehta,30,Female,Finance,Senior Financial Analyst,92000,1,2018,6.5,Active,Bangalore
3432,Priya Mehta,36,Female,Engineering,Data Engineer,106000,14,2018,9.9,On Leave,Delhi
3433,Amit Mehta,37,Female,Engineering,Data Engineer,82000,13,2025,7.7,On Leave,Hyderabad
3434,Neha Mehta,30,Female,HR,HR Manager,94000,9,2023,7.9,Active,Chennai
3435,Rohan Mehta,51,Female,Finance,Senior Financial Analyst,97000,10,2026,9.4,Active,Delhi
3436,Arjun Mehta,36,Male,Engineering,Software Engineer,80000,8,2014,7.1,On Leave,Kanpur
3437,Ananya Mehta,42,Female,Marketing,Marketing Executive,68000,19,2024,8.3,Active,Gurgaon
3438,Vikram Mehta,34,Male,Marketing,Marketing Executive,62000,8,2010,5.8,Active,Noida
3439,Sneha Mehta,39,Female,Marketing,Digital Marketing Manager,86000,9,2023,7.0,Inactive,Delhi
3440,Karan Mehta,44,Male,Sales,Sales Manager,74000,13,2014,9.3,Active,Chennai
3441,Pooja Mehta,22,Male,Marketing,Marketing Analyst,75000,5,2018,9.3,Inactive,Delhi
3442,Aditya Mehta,45,Female,HR,Talent Acquisition Specialist,49000,1,2024,6.2,Active,Chennai
3443,Nikhil Mehta,32,Female,Engineering,DevOps Engineer,97000,15,2015,6.5,On Leave,Hyderabad
3444,Kavya Mehta,47,Male,Engineering,Software Engineer,64000,6,2012,7.7,Active,Noida
3445,Riya Mehta,32,Female,Sales,Sales Executive,70000,15,2022,5.4,Active,Lucknow
3446,Sahil Mehta,43,Female,Sales,Sales Manager,99000,19,2022,6.2,Active,Lucknow
3447,Simran Mehta,26,Male,Engineering,Senior Engineer,116000,8,2026,6.7,Active,Bangalore
3448,Manish Mehta,54,Female,Sales,Sales Manager,93000,22,2011,9.2,Active,Pune
3449,Aarav Mehta,54,Female,Finance,Financial Analyst,83000,24,2015,7.2,Active,Bangalore
3450,Ishita Mehta,23,Male,Engineering,Senior Engineer,91000,3,2024,9.0,Active,Bangalore
3451,Ravi Mehta,34,Female,Engineering,Senior Engineer,108000,5,2022,9.9,Active,Chennai
3452,Meera Mehta,51,Male,Marketing,Marketing Executive,59000,17,2020,7.4,Active,Pune
3453,Varun Mehta,22,Female,HR,HR Executive,40000,5,2026,7.2,Active,Lucknow
3454,Shreya Mehta,49,Male,Engineering,Data Engineer,82000,2,2017,6.3,Active,Hyderabad
3455,Akash Mehta,51,Male,Finance,Senior Financial Analyst,86000,7,2016,9.3,On Leave,Chennai
3456,Tanvi Mehta,52,Male,Engineering,Software Engineer,68000,20,2020,6.7,Active,Gurgaon
3457,Yash Mehta,51,Male,Engineering,Senior Engineer,110000,6,2017,5.9,Active,Chennai
3458,Nandini Mehta,22,Female,HR,HR Manager,68000,2,2014,6.7,Active,Pune
3459,Mohit Mehta,54,Female,HR,Talent Acquisition Specialist,71000,19,2024,8.2,Active,Delhi
3460,Divya Mehta,47,Female,Sales,Business Development Executive,50000,15,2021,8.2,On Leave,Pune
3461,Rahul Yadav,50,Male,Sales,Sales Manager,87000,7,2022,6.5,Inactive,Noida
3462,Priya Yadav,37,Male,Marketing,Marketing Analyst,79000,21,2017,5.9,Active,Delhi
3463,Amit Yadav,31,Female,Sales,Business Development Executive,67000,9,2021,9.6,Active,Kanpur
3464,Neha Yadav,48,Female,HR,HR Executive,62000,28,2018,7.9,Active,Lucknow
3465,Rohan Yadav,31,Male,Finance,Financial Analyst,82000,13,2023,8.2,Active,Mumbai
3466,Arjun Yadav,24,Male,HR,Talent Acquisition Specialist,47000,1,2017,7.9,Active,Delhi
3467,Ananya Yadav,36,Male,Marketing,Marketing Executive,70000,16,2022,7.7,Active,Pune
3468,Vikram Yadav,24,Male,Sales,Sales Executive,41000,5,2010,6.8,Active,Chennai
3469,Sneha Yadav,38,Male,Finance,Senior Financial Analyst,105000,6,2010,8.2,Active,Bangalore
3470,Karan Yadav,53,Female,Marketing,Marketing Executive,55000,24,2022,8.0,Active,Hyderabad
3471,Pooja Yadav,50,Female,Sales,Business Development Executive,64000,22,2021,6.7,Active,Gurgaon
3472,Aditya Yadav,44,Female,Engineering,Tech Lead,116000,11,2017,5.7,Active,Delhi
3473,Nikhil Yadav,49,Male,Finance,Accountant,57000,3,2019,7.8,Active,Bangalore
3474,Kavya Yadav,41,Male,Finance,Financial Analyst,54000,4,2024,8.9,Active,Hyderabad
3475,Riya Yadav,27,Female,Sales,Business Development Executive,57000,1,2012,9.2,Active,Lucknow
3476,Sahil Yadav,39,Male,HR,HR Executive,47000,10,2011,7.4,Active,Gurgaon
3477,Simran Yadav,37,Female,HR,HR Executive,57000,14,2014,9.8,Active,Hyderabad
3478,Manish Yadav,36,Male,Engineering,Senior Engineer,99000,5,2019,8.7,Active,Mumbai
3479,Aarav Yadav,48,Female,Finance,Accountant,72000,7,2010,5.5,Active,Delhi
3480,Ishita Yadav,23,Male,HR,HR Manager,96000,5,2020,8.5,Active,Chennai
3481,Ravi Yadav,37,Female,HR,Talent Acquisition Specialist,53000,2,2014,6.5,Active,Noida
3482,Meera Yadav,26,Female,HR,HR Manager,80000,1,2018,7.4,Active,Gurgaon
3483,Varun Yadav,48,Male,HR,HR Manager,93000,22,2023,5.9,Active,Bangalore
3484,Shreya Yadav,28,Male,Engineering,Senior Engineer,82000,12,2015,9.4,Active,Noida
3485,Akash Yadav,26,Male,Engineering,Software Engineer,70000,3,2019,5.8,Active,Gurgaon
3486,Tanvi Yadav,24,Female,Sales,Business Development Executive,80000,8,2012,8.4,Active,Hyderabad
3487,Yash Yadav,31,Male,Engineering,DevOps Engineer,77000,6,2011,5.4,Active,Hyderabad
3488,Nandini Yadav,46,Female,Sales,Business Development Executive,59000,30,2013,9.8,Active,Pune
3489,Mohit Yadav,46,Female,Engineering,Tech Lead,142000,15,2012,5.4,On Leave,Mumbai
3490,Divya Yadav,26,Male,Engineering,DevOps Engineer,101000,9,2019,6.6,On Leave,Delhi
3491,Rahul Saxena,36,Female,HR,HR Executive,48000,6,2018,8.0,Active,Chennai
3492,Priya Saxena,25,Male,Sales,Sales Manager,91000,4,2021,9.1,Active,Hyderabad
3493,Amit Saxena,30,Female,Marketing,Marketing Executive,52000,5,2012,8.8,Active,Pune
3494,Neha Saxena,22,Male,HR,Talent Acquisition Specialist,61000,6,2026,5.5,Inactive,Kanpur
3495,Rohan Saxena,41,Male,Marketing,Marketing Executive,51000,24,2022,5.3,Active,Chennai
3496,Arjun Saxena,22,Female,Finance,Accountant,65000,0,2018,9.6,On Leave,Pune
3497,Ananya Saxena,46,Male,Sales,Sales Executive,68000,21,2014,6.1,Active,Kanpur
3498,Vikram Saxena,52,Male,Finance,Accountant,72000,3,2010,7.9,On Leave,Delhi
3499,Sneha Saxena,38,Male,Engineering,DevOps Engineer,98000,20,2016,5.9,Active,Kanpur
3500,Karan Saxena,46,Male,Sales,Sales Manager,84000,10,2019,8.1,Active,Mumbai
3501,Pooja Saxena,50,Male,Sales,Business Development Executive,45000,10,2025,5.7,On Leave,Hyderabad
3502,Aditya Saxena,55,Female,HR,Talent Acquisition Specialist,57000,26,2020,6.8,Inactive,Delhi
3503,Nikhil Saxena,34,Female,Sales,Sales Manager,67000,3,2016,7.6,Active,Mumbai
3504,Kavya Saxena,48,Male,Sales,Business Development Executive,59000,15,2025,7.0,Active,Mumbai
3505,Riya Saxena,30,Male,Sales,Sales Executive,41000,3,2018,7.1,Active,Noida
3506,Sahil Saxena,40,Female,Marketing,Marketing Analyst,72000,13,2023,9.7,Active,Pune
3507,Simran Saxena,35,Male,Engineering,Senior Engineer,83000,15,2022,5.5,Active,Bangalore
3508,Manish Saxena,49,Female,Marketing,Marketing Executive,49000,15,2018,7.6,Active,Delhi
3509,Aarav Saxena,28,Female,Finance,Senior Financial Analyst,80000,11,2021,5.9,Active,Lucknow
3510,Ishita Saxena,34,Male,Engineering,Software Engineer,74000,12,2022,5.5,Active,Kanpur
3511,Ravi Saxena,33,Female,Engineering,Software Engineer,77000,12,2015,8.7,Active,Hyderabad
3512,Meera Saxena,42,Male,Finance,Senior Financial Analyst,98000,10,2018,8.7,Active,Mumbai
3513,Varun Saxena,45,Male,Finance,Financial Analyst,83000,16,2024,9.9,On Leave,Mumbai
3514,Shreya Saxena,39,Female,Finance,Accountant,67000,21,2020,10.0,On Leave,Hyderabad
3515,Akash Saxena,47,Male,Marketing,Marketing Executive,45000,25,2017,9.3,Active,Pune
3516,Tanvi Saxena,29,Female,Marketing,Marketing Executive,52000,2,2026,9.0,Active,Lucknow
3517,Yash Saxena,29,Male,Engineering,Data Engineer,84000,11,2022,7.7,Active,Kanpur
3518,Nandini Saxena,41,Female,Marketing,Marketing Executive,64000,21,2016,5.1,Active,Gurgaon
3519,Mohit Saxena,26,Male,Finance,Financial Analyst,57000,6,2012,7.1,Active,Lucknow
3520,Divya Saxena,22,Female,Finance,Accountant,66000,1,2018,5.9,Active,Chennai
3521,Rahul Malhotra,50,Female,Engineering,Data Engineer,81000,1,2025,8.6,Active,Delhi
3522,Priya Malhotra,40,Female,Sales,Sales Manager,82000,5,2019,7.1,Active,Bangalore
3523,Amit Malhotra,26,Female,Finance,Senior Financial Analyst,84000,7,2025,5.8,Active,Kanpur
3524,Neha Malhotra,28,Female,Engineering,Data Engineer,83000,6,2018,7.3,Active,Lucknow
3525,Rohan Malhotra,41,Female,HR,HR Executive,50000,18,2013,8.6,Active,Bangalore
3526,Arjun Malhotra,48,Male,Sales,Business Development Executive,77000,8,2012,5.3,Active,Chennai
3527,Ananya Malhotra,27,Female,Sales,Sales Manager,87000,2,2024,9.8,Active,Mumbai
3528,Vikram Malhotra,23,Male,Sales,Sales Manager,102000,4,2019,8.5,On Leave,Bangalore
3529,Sneha Malhotra,36,Female,Finance,Financial Analyst,63000,10,2016,5.8,Active,Chennai
3530,Karan Malhotra,43,Male,Marketing,Digital Marketing Manager,102000,27,2013,5.2,Active,Hyderabad
3531,Pooja Malhotra,45,Male,Marketing,Digital Marketing Manager,101000,8,2013,6.7,Active,Delhi
3532,Aditya Malhotra,54,Female,Marketing,Marketing Executive,67000,27,2026,5.4,Active,Kanpur
3533,Nikhil Malhotra,52,Male,Sales,Sales Executive,44000,23,2023,5.4,Inactive,Lucknow
3534,Kavya Malhotra,37,Male,Engineering,Software Engineer,79000,12,2026,5.3,Active,Hyderabad
3535,Riya Malhotra,40,Female,Finance,Senior Financial Analyst,89000,5,2026,9.9,Active,Chennai
3536,Sahil Malhotra,51,Male,Sales,Business Development Executive,77000,9,2024,5.3,Active,Delhi
3537,Simran Malhotra,30,Male,HR,HR Executive,51000,5,2013,5.4,Active,Noida
3538,Manish Malhotra,22,Male,HR,HR Executive,53000,4,2025,8.1,Active,Pune
3539,Aarav Malhotra,22,Male,Sales,Sales Manager,89000,1,2016,9.1,Active,Hyderabad
3540,Ishita Malhotra,50,Male,Marketing,Marketing Analyst,68000,2,2026,9.9,Active,Kanpur
3541,Ravi Malhotra,21,Female,Marketing,Marketing Executive,70000,1,2010,5.2,Active,Noida
3542,Meera Malhotra,24,Male,Sales,Business Development Executive,72000,8,2023,5.8,Active,Kanpur
3543,Varun Malhotra,53,Female,Finance,Accountant,54000,7,2014,7.5,Active,Chennai
3544,Shreya Malhotra,47,Male,HR,Talent Acquisition Specialist,58000,29,2021,9.3,Active,Lucknow
3545,Akash Malhotra,42,Female,Finance,Senior Financial Analyst,84000,12,2023,7.0,Active,Delhi
3546,Tanvi Malhotra,53,Female,Sales,Sales Executive,55000,5,2018,7.4,Active,Kanpur
3547,Yash Malhotra,33,Male,Finance,Financial Analyst,60000,9,2011,7.2,Active,Gurgaon
3548,Nandini Malhotra,35,Female,HR,HR Executive,64000,1,2022,6.7,Inactive,Hyderabad
3549,Mohit Malhotra,49,Female,HR,HR Executive,60000,7,2011,8.8,On Leave,Kanpur
3550,Divya Malhotra,45,Female,Finance,Financial Analyst,78000,7,2026,5.7,Active,Chennai
3551,Rahul Bansal,46,Female,Marketing,Marketing Analyst,59000,23,2014,8.5,Active,Gurgaon
3552,Priya Bansal,22,Male,Finance,Financial Analyst,76000,0,2023,6.0,Active,Mumbai
3553,Amit Bansal,34,Female,HR,HR Executive,57000,8,2021,5.8,Inactive,Noida
3554,Neha Bansal,35,Male,HR,HR Executive,56000,14,2015,6.7,Active,Delhi
3555,Rohan Bansal,23,Male,HR,Talent Acquisition Specialist,60000,3,2011,7.7,Active,Bangalore
3556,Arjun Bansal,34,Female,Engineering,Senior Engineer,109000,8,2010,6.0,Active,Mumbai
3557,Ananya Bansal,28,Female,Sales,Business Development Executive,59000,10,2018,7.0,Active,Delhi
3558,Vikram Bansal,29,Female,Marketing,Digital Marketing Manager,71000,5,2018,6.1,Active,Noida
3559,Sneha Bansal,44,Male,Engineering,Data Engineer,98000,24,2022,9.5,Active,Pune
3560,Karan Bansal,39,Male,Finance,Senior Financial Analyst,95000,11,2014,6.8,Active,Noida
3561,Pooja Bansal,35,Female,Sales,Business Development Executive,55000,14,2023,5.2,Active,Bangalore
3562,Aditya Bansal,49,Female,Sales,Sales Manager,99000,6,2026,8.1,Active,Bangalore
3563,Nikhil Bansal,54,Male,HR,Talent Acquisition Specialist,71000,17,2011,8.0,Active,Gurgaon
3564,Kavya Bansal,50,Male,Sales,Sales Executive,62000,29,2016,8.5,Active,Bangalore
3565,Riya Bansal,27,Female,Sales,Sales Manager,103000,9,2023,9.0,Active,Kanpur
3566,Sahil Bansal,29,Female,Engineering,Data Engineer,99000,5,2023,8.2,Active,Pune
3567,Simran Bansal,50,Male,Finance,Senior Financial Analyst,102000,7,2025,9.4,On Leave,Gurgaon
3568,Manish Bansal,55,Male,HR,HR Executive,58000,13,2021,9.5,Active,Noida
3569,Aarav Bansal,42,Male,Finance,Financial Analyst,81000,5,2022,5.8,Active,Gurgaon
3570,Ishita Bansal,46,Male,Marketing,Marketing Analyst,62000,7,2023,8.0,Active,Hyderabad
3571,Ravi Bansal,39,Female,HR,Talent Acquisition Specialist,63000,0,2021,8.9,Active,Hyderabad
3572,Meera Bansal,48,Male,Finance,Financial Analyst,55000,24,2025,7.6,Active,Kanpur
3573,Varun Bansal,30,Female,Engineering,Software Engineer,82000,11,2014,9.7,Active,Pune
3574,Shreya Bansal,35,Male,Finance,Accountant,58000,5,2024,8.6,On Leave,Bangalore
3575,Akash Bansal,34,Male,Sales,Sales Manager,83000,9,2016,7.1,Active,Delhi
3576,Tanvi Bansal,28,Female,Sales,Sales Executive,50000,0,2026,7.0,Inactive,Kanpur
3577,Yash Bansal,49,Female,HR,HR Manager,85000,6,2019,8.9,Active,Gurgaon
3578,Nandini Bansal,33,Male,Sales,Sales Manager,89000,15,2018,7.4,Active,Kanpur
3579,Mohit Bansal,22,Female,HR,HR Manager,71000,4,2023,9.6,Active,Hyderabad
3580,Divya Bansal,27,Female,Finance,Senior Financial Analyst,107000,0,2017,7.1,Inactive,Lucknow
3581,Rahul Tiwari,37,Male,HR,Talent Acquisition Specialist,53000,15,2024,8.7,Active,Hyderabad
3582,Priya Tiwari,29,Female,Sales,Sales Executive,62000,8,2020,7.2,Inactive,Delhi
3583,Amit Tiwari,33,Male,Sales,Sales Manager,94000,14,2024,8.0,Inactive,Noida
3584,Neha Tiwari,53,Female,Marketing,Marketing Analyst,63000,7,2018,5.2,On Leave,Noida
3585,Rohan Tiwari,41,Male,HR,Talent Acquisition Specialist,46000,19,2022,8.7,Active,Mumbai
3586,Arjun Tiwari,23,Male,Finance,Senior Financial Analyst,86000,6,2018,6.5,On Leave,Hyderabad
3587,Ananya Tiwari,37,Male,Marketing,Digital Marketing Manager,92000,16,2015,5.9,Active,Hyderabad
3588,Vikram Tiwari,45,Male,HR,Talent Acquisition Specialist,60000,1,2012,7.6,Active,Hyderabad
3589,Sneha Tiwari,40,Male,Sales,Sales Manager,90000,13,2023,9.5,Active,Kanpur
3590,Karan Tiwari,34,Female,Marketing,Marketing Analyst,69000,15,2018,7.2,Inactive,Delhi
3591,Pooja Tiwari,26,Female,Engineering,Senior Engineer,92000,6,2013,5.2,Active,Gurgaon
3592,Aditya Tiwari,46,Male,Finance,Senior Financial Analyst,102000,22,2026,8.2,Inactive,Kanpur
3593,Nikhil Tiwari,23,Male,Engineering,Tech Lead,129000,4,2017,6.1,Active,Noida
3594,Kavya Tiwari,47,Female,Marketing,Marketing Executive,48000,22,2017,6.6,Active,Kanpur
3595,Riya Tiwari,31,Male,Marketing,Marketing Executive,62000,10,2010,10.0,On Leave,Delhi
3596,Sahil Tiwari,32,Female,Finance,Senior Financial Analyst,81000,9,2012,7.8,Active,Delhi
3597,Simran Tiwari,39,Female,Sales,Business Development Executive,53000,19,2016,8.1,Active,Kanpur
3598,Manish Tiwari,43,Female,Engineering,DevOps Engineer,76000,10,2017,7.7,Active,Pune
3599,Aarav Tiwari,52,Female,Marketing,Marketing Executive,63000,2,2010,8.1,Active,Mumbai
3600,Ishita Tiwari,31,Male,Engineering,Data Engineer,77000,11,2023,5.8,Active,Mumbai
3601,Ravi Tiwari,29,Male,HR,HR Manager,88000,1,2015,5.2,On Leave,Lucknow
3602,Meera Tiwari,23,Female,HR,HR Manager,70000,0,2025,6.8,Active,Pune
3603,Varun Tiwari,30,Female,Marketing,Marketing Analyst,73000,11,2010,7.0,Active,Bangalore
3604,Shreya Tiwari,47,Male,HR,Talent Acquisition Specialist,46000,25,2017,10.0,Active,Hyderabad
3605,Akash Tiwari,25,Male,Finance,Senior Financial Analyst,81000,6,2015,5.6,Active,Delhi
3606,Tanvi Tiwari,55,Male,Engineering,Senior Engineer,95000,2,2017,5.3,Active,Gurgaon
3607,Yash Tiwari,53,Female,Marketing,Digital Marketing Manager,79000,24,2011,8.9,Active,Lucknow
3608,Nandini Tiwari,42,Male,Marketing,Digital Marketing Manager,103000,19,2013,9.4,Active,Delhi
3609,Mohit Tiwari,46,Male,Sales,Sales Executive,49000,27,2021,6.7,Active,Bangalore
3610,Divya Tiwari,24,Female,Marketing,Marketing Executive,62000,3,2013,8.9,Active,Noida
3611,Rahul Joshi,21,Male,Finance,Accountant,71000,2,2023,9.4,Active,Gurgaon
3612,Priya Joshi,52,Female,Engineering,Tech Lead,97000,29,2017,7.1,Active,Lucknow
3613,Amit Joshi,43,Male,Marketing,Marketing Executive,64000,0,2020,7.1,Active,Chennai
3614,Neha Joshi,37,Female,Marketing,Marketing Analyst,74000,10,2017,7.9,Active,Lucknow
3615,Rohan Joshi,30,Male,Finance,Financial Analyst,70000,9,2014,6.5,Active,Chennai
3616,Arjun Joshi,48,Female,Finance,Financial Analyst,85000,5,2019,7.0,Active,Delhi
3617,Ananya Joshi,43,Female,Engineering,Software Engineer,73000,6,2019,5.7,Inactive,Pune
3618,Vikram Joshi,28,Female,Finance,Accountant,68000,7,2022,7.9,Active,Pune
3619,Sneha Joshi,29,Female,Marketing,Marketing Analyst,58000,9,2013,6.9,Active,Noida
3620,Karan Joshi,46,Male,Engineering,Senior Engineer,100000,13,2026,6.4,Inactive,Noida
3621,Pooja Joshi,47,Female,Engineering,Software Engineer,73000,15,2021,5.8,Active,Chennai
3622,Aditya Joshi,39,Male,HR,HR Executive,52000,1,2025,6.0,Active,Bangalore
3623,Nikhil Joshi,41,Male,Finance,Financial Analyst,63000,4,2020,6.7,Active,Kanpur
3624,Kavya Joshi,21,Female,Finance,Accountant,72000,4,2026,8.0,On Leave,Chennai
3625,Riya Joshi,32,Male,Finance,Financial Analyst,72000,3,2014,8.1,Inactive,Mumbai
3626,Sahil Joshi,42,Female,Engineering,Senior Engineer,88000,6,2026,6.9,Active,Hyderabad
3627,Simran Joshi,35,Male,HR,HR Executive,45000,9,2014,5.0,Active,Bangalore
3628,Manish Joshi,38,Male,HR,Talent Acquisition Specialist,49000,8,2018,6.4,Active,Noida
3629,Aarav Joshi,52,Female,HR,HR Manager,78000,16,2024,8.0,Active,Lucknow
3630,Ishita Joshi,23,Male,Engineering,Software Engineer,74000,2,2026,6.1,Active,Gurgaon
3631,Ravi Joshi,54,Male,Sales,Sales Executive,61000,2,2010,9.0,Active,Bangalore
3632,Meera Joshi,40,Female,Marketing,Marketing Analyst,70000,5,2026,9.1,Active,Hyderabad
3633,Varun Joshi,53,Male,Marketing,Marketing Analyst,80000,15,2021,7.1,Active,Lucknow
3634,Shreya Joshi,53,Male,Sales,Sales Executive,46000,16,2025,6.6,Active,Bangalore
3635,Akash Joshi,29,Male,Finance,Financial Analyst,71000,10,2013,9.5,Inactive,Noida
3636,Tanvi Joshi,32,Female,Finance,Financial Analyst,66000,0,2018,6.8,Active,Noida
3637,Yash Joshi,32,Female,Marketing,Marketing Executive,45000,16,2018,7.0,Active,Pune
3638,Nandini Joshi,23,Female,Sales,Business Development Executive,77000,2,2019,8.5,On Leave,Chennai
3639,Mohit Joshi,26,Female,HR,HR Executive,61000,10,2025,6.0,Active,Mumbai
3640,Divya Joshi,45,Female,Finance,Accountant,51000,17,2013,8.9,Active,Pune
3641,Rahul Sinha,29,Female,Engineering,Data Engineer,89000,1,2012,9.0,Active,Kanpur
3642,Priya Sinha,28,Female,Marketing,Marketing Executive,54000,0,2019,5.7,Active,Gurgaon
3643,Amit Sinha,45,Female,Finance,Senior Financial Analyst,105000,29,2019,9.7,Active,Gurgaon
3644,Neha Sinha,51,Male,Engineering,Tech Lead,110000,3,2017,9.4,Active,Chennai
3645,Rohan Sinha,31,Male,Sales,Sales Manager,67000,13,2012,8.8,Active,Lucknow
3646,Arjun Sinha,35,Female,Finance,Accountant,65000,9,2025,8.7,Active,Hyderabad
3647,Ananya Sinha,47,Male,Engineering,DevOps Engineer,104000,20,2026,9.2,Active,Pune
3648,Vikram Sinha,24,Female,Engineering,Tech Lead,133000,2,2014,8.0,Active,Pune
3649,Sneha Sinha,35,Male,HR,HR Manager,84000,16,2011,6.1,Active,Bangalore
3650,Karan Sinha,35,Male,Finance,Senior Financial Analyst,78000,19,2024,6.4,Active,Delhi
3651,Pooja Sinha,40,Female,Sales,Sales Executive,66000,23,2022,6.5,Active,Chennai
3652,Aditya Sinha,37,Female,Marketing,Marketing Executive,52000,0,2022,7.1,Inactive,Hyderabad
3653,Nikhil Sinha,46,Male,Engineering,Data Engineer,95000,0,2014,9.3,Active,Bangalore
3654,Kavya Sinha,28,Female,Sales,Sales Executive,44000,2,2016,9.3,Active,Chennai
3655,Riya Sinha,37,Male,HR,HR Manager,82000,14,2016,6.0,Active,Lucknow
3656,Sahil Sinha,44,Male,Sales,Sales Manager,102000,20,2015,9.5,Active,Pune
3657,Simran Sinha,23,Male,Sales,Sales Manager,80000,4,2013,6.0,Active,Lucknow
3658,Manish Sinha,34,Male,Sales,Business Development Executive,63000,10,2012,9.8,Active,Pune
3659,Aarav Sinha,43,Male,HR,HR Manager,77000,3,2013,9.4,Active,Chennai
3660,Ishita Sinha,26,Female,Engineering,Tech Lead,132000,7,2017,6.3,Inactive,Delhi
3661,Ravi Sinha,26,Female,Finance,Accountant,56000,6,2021,7.9,Active,Delhi
3662,Meera Sinha,36,Female,Sales,Sales Executive,43000,15,2016,6.0,Active,Hyderabad
3663,Varun Sinha,52,Female,Marketing,Marketing Analyst,70000,5,2023,7.4,Active,Mumbai
3664,Shreya Sinha,44,Female,Sales,Sales Manager,70000,25,2016,5.4,Active,Gurgaon
3665,Akash Sinha,25,Male,Finance,Financial Analyst,52000,9,2019,7.2,Active,Bangalore
3666,Tanvi Sinha,33,Female,Sales,Business Development Executive,46000,6,2025,5.6,On Leave,Kanpur
3667,Yash Sinha,27,Female,Engineering,Senior Engineer,120000,1,2013,6.5,Inactive,Lucknow
3668,Nandini Sinha,39,Male,HR,HR Manager,81000,5,2025,8.8,Active,Gurgaon
3669,Mohit Sinha,21,Female,Engineering,DevOps Engineer,96000,0,2013,8.9,Inactive,Lucknow
3670,Divya Sinha,50,Female,Sales,Sales Executive,50000,22,2012,9.9,Active,Noida
3671,Rahul Pandey,22,Female,Marketing,Digital Marketing Manager,108000,3,2022,8.3,Active,Bangalore
3672,Priya Pandey,23,Male,Engineering,Software Engineer,86000,6,2015,7.3,Active,Mumbai
3673,Amit Pandey,32,Female,Finance,Accountant,71000,1,2022,9.9,On Leave,Hyderabad
3674,Neha Pandey,51,Male,Finance,Senior Financial Analyst,104000,3,2016,8.8,Active,Kanpur
3675,Rohan Pandey,28,Female,Finance,Senior Financial Analyst,81000,1,2024,6.0,On Leave,Pune
3676,Arjun Pandey,21,Female,Marketing,Digital Marketing Manager,92000,4,2023,8.8,Active,Noida
3677,Ananya Pandey,42,Female,Sales,Sales Manager,78000,21,2021,9.9,Active,Gurgaon
3678,Vikram Pandey,39,Female,HR,HR Manager,83000,6,2018,5.3,Active,Bangalore
3679,Sneha Pandey,52,Female,Marketing,Digital Marketing Manager,98000,12,2021,9.0,Active,Hyderabad
3680,Karan Pandey,54,Female,Marketing,Marketing Analyst,75000,14,2018,9.9,Active,Hyderabad
3681,Pooja Pandey,43,Female,HR,HR Manager,94000,26,2018,8.2,Active,Bangalore
3682,Aditya Pandey,37,Male,Finance,Financial Analyst,79000,0,2025,8.0,Active,Lucknow
3683,Nikhil Pandey,54,Female,Marketing,Marketing Analyst,84000,19,2017,6.7,Active,Chennai
3684,Kavya Pandey,43,Male,Sales,Sales Executive,65000,8,2025,6.9,Active,Mumbai
3685,Riya Pandey,55,Male,Marketing,Digital Marketing Manager,82000,11,2015,6.2,Active,Lucknow
3686,Sahil Pandey,54,Female,Finance,Financial Analyst,81000,1,2017,6.0,Inactive,Lucknow
3687,Simran Pandey,26,Female,Engineering,Data Engineer,84000,5,2015,9.2,Active,Kanpur
3688,Manish Pandey,30,Female,Finance,Accountant,53000,6,2024,6.0,On Leave,Pune
3689,Aarav Pandey,50,Female,Marketing,Marketing Analyst,78000,8,2022,8.7,Active,Bangalore
3690,Ishita Pandey,52,Male,Sales,Business Development Executive,76000,6,2018,6.7,Active,Kanpur
3691,Ravi Pandey,39,Female,Engineering,Software Engineer,61000,2,2015,7.2,Active,Noida
3692,Meera Pandey,28,Female,Sales,Sales Manager,73000,10,2022,9.9,Active,Chennai
3693,Varun Pandey,51,Male,Marketing,Marketing Executive,62000,18,2016,9.3,Active,Delhi
3694,Shreya Pandey,37,Female,HR,HR Manager,94000,8,2021,8.5,Active,Gurgaon
3695,Akash Pandey,34,Female,Engineering,Tech Lead,139000,10,2015,5.2,Active,Kanpur
3696,Tanvi Pandey,46,Female,Sales,Sales Manager,87000,27,2023,5.3,Active,Noida
3697,Yash Pandey,28,Male,Sales,Sales Executive,48000,2,2022,9.3,Active,Bangalore
3698,Nandini Pandey,33,Female,Marketing,Marketing Analyst,67000,15,2026,9.8,Active,Mumbai
3699,Mohit Pandey,36,Female,Marketing,Digital Marketing Manager,99000,15,2010,9.6,Active,Kanpur
3700,Divya Pandey,52,Female,Engineering,Software Engineer,81000,18,2022,5.6,Active,Pune
3701,Rahul Sharma,38,Male,Marketing,Marketing Executive,60000,1,2026,8.8,Active,Lucknow
3702,Priya Sharma,49,Male,Finance,Accountant,51000,16,2010,6.3,On Leave,Hyderabad
3703,Amit Sharma,50,Male,Marketing,Marketing Analyst,77000,6,2019,9.3,On Leave,Gurgaon
3704,Neha Sharma,29,Male,HR,Talent Acquisition Specialist,47000,7,2010,5.6,Active,Noida
3705,Rohan Sharma,36,Female,Finance,Financial Analyst,55000,12,2023,8.7,Active,Gurgaon
3706,Arjun Sharma,53,Female,Finance,Senior Financial Analyst,93000,26,2011,10.0,Active,Kanpur
3707,Ananya Sharma,33,Male,Engineering,Data Engineer,94000,5,2023,9.2,On Leave,Bangalore
3708,Vikram Sharma,48,Male,Sales,Sales Executive,44000,19,2021,6.0,Inactive,Kanpur
3709,Sneha Sharma,29,Male,Sales,Business Development Executive,71000,9,2022,6.1,Inactive,Bangalore
3710,Karan Sharma,36,Male,Marketing,Marketing Analyst,64000,11,2010,5.1,Active,Gurgaon
3711,Pooja Sharma,28,Female,Finance,Senior Financial Analyst,79000,12,2015,6.0,Active,Delhi
3712,Aditya Sharma,30,Female,Sales,Sales Manager,79000,13,2012,5.0,Active,Mumbai
3713,Nikhil Sharma,26,Female,Sales,Sales Executive,63000,10,2011,9.7,Active,Kanpur
3714,Kavya Sharma,40,Male,Engineering,Software Engineer,79000,16,2017,9.5,Active,Noida
3715,Riya Sharma,39,Female,Marketing,Marketing Executive,62000,22,2021,8.8,Active,Chennai
3716,Sahil Sharma,34,Female,Sales,Business Development Executive,55000,18,2018,8.2,Active,Noida
3717,Simran Sharma,27,Male,Engineering,DevOps Engineer,80000,5,2025,9.3,Active,Noida
3718,Manish Sharma,29,Female,Finance,Financial Analyst,73000,6,2013,5.9,Active,Chennai
3719,Aarav Sharma,47,Female,Sales,Business Development Executive,50000,24,2020,8.0,Active,Noida
3720,Ishita Sharma,28,Female,Marketing,Digital Marketing Manager,92000,9,2019,8.7,Active,Delhi
3721,Ravi Sharma,42,Male,Finance,Accountant,63000,0,2019,9.4,On Leave,Kanpur
3722,Meera Sharma,53,Female,HR,Talent Acquisition Specialist,53000,18,2019,8.6,Active,Hyderabad
3723,Varun Sharma,22,Female,Marketing,Digital Marketing Manager,94000,3,2021,8.0,Active,Mumbai
3724,Shreya Sharma,44,Male,Finance,Accountant,62000,27,2012,7.5,Active,Bangalore
3725,Akash Sharma,49,Female,Finance,Senior Financial Analyst,104000,14,2024,9.7,Active,Gurgaon
3726,Tanvi Sharma,32,Male,Finance,Accountant,49000,11,2014,7.6,Active,Lucknow
3727,Yash Sharma,36,Female,Sales,Sales Manager,68000,15,2010,5.3,Active,Hyderabad
3728,Nandini Sharma,44,Female,Finance,Accountant,72000,19,2019,7.3,Active,Delhi
3729,Mohit Sharma,48,Female,HR,HR Executive,62000,13,2020,8.3,Active,Bangalore
3730,Divya Sharma,42,Male,Sales,Sales Executive,51000,11,2010,8.9,Active,Lucknow
3731,Rahul Verma,22,Female,Finance,Financial Analyst,60000,3,2014,5.7,Active,Hyderabad
3732,Priya Verma,33,Female,Finance,Senior Financial Analyst,82000,2,2016,5.5,Inactive,Kanpur
3733,Amit Verma,24,Female,Finance,Senior Financial Analyst,97000,5,2017,6.8,Active,Hyderabad
3734,Neha Verma,44,Male,HR,HR Executive,54000,13,2016,6.9,Inactive,Chennai
3735,Rohan Verma,47,Male,Sales,Sales Executive,58000,13,2021,6.5,On Leave,Gurgaon
3736,Arjun Verma,26,Male,Sales,Sales Manager,68000,0,2019,5.4,Active,Hyderabad
3737,Ananya Verma,51,Male,Finance,Financial Analyst,56000,17,2024,6.1,Active,Kanpur
3738,Vikram Verma,36,Female,Marketing,Marketing Executive,62000,2,2026,8.2,Active,Delhi
3739,Sneha Verma,23,Male,Finance,Accountant,51000,5,2012,5.5,On Leave,Bangalore
3740,Karan Verma,23,Male,Marketing,Marketing Analyst,57000,2,2011,8.4,Active,Mumbai
3741,Pooja Verma,48,Male,Marketing,Digital Marketing Manager,73000,7,2015,8.3,On Leave,Noida
3742,Aditya Verma,49,Female,HR,Talent Acquisition Specialist,47000,16,2016,6.4,Inactive,Noida
3743,Nikhil Verma,27,Female,Marketing,Marketing Analyst,68000,6,2017,9.4,On Leave,Kanpur
3744,Kavya Verma,55,Male,Finance,Accountant,68000,7,2012,6.5,Active,Pune
3745,Riya Verma,48,Female,Marketing,Marketing Analyst,60000,9,2023,6.4,Active,Chennai
3746,Sahil Verma,33,Male,Marketing,Digital Marketing Manager,98000,5,2023,7.2,Active,Hyderabad
3747,Simran Verma,54,Female,Sales,Sales Manager,94000,2,2019,8.0,Active,Pune
3748,Manish Verma,54,Male,Engineering,Tech Lead,112000,14,2022,9.9,Active,Hyderabad
3749,Aarav Verma,36,Female,Finance,Senior Financial Analyst,104000,2,2022,8.3,Active,Lucknow
3750,Ishita Verma,21,Female,Marketing,Digital Marketing Manager,71000,1,2022,8.8,Active,Pune
3751,Ravi Verma,47,Male,Sales,Sales Executive,69000,21,2013,9.2,Active,Bangalore
3752,Meera Verma,36,Male,HR,HR Manager,90000,20,2025,5.9,Active,Chennai
3753,Varun Verma,34,Male,Marketing,Digital Marketing Manager,107000,7,2018,9.9,Active,Delhi
3754,Shreya Verma,34,Female,Marketing,Marketing Analyst,65000,16,2026,7.5,Active,Lucknow
3755,Akash Verma,42,Female,Sales,Sales Manager,86000,10,2024,8.3,Active,Hyderabad
3756,Tanvi Verma,50,Female,Marketing,Digital Marketing Manager,70000,16,2011,6.7,On Leave,Bangalore
3757,Yash Verma,46,Female,Marketing,Digital Marketing Manager,98000,20,2018,9.7,Active,Pune
3758,Nandini Verma,35,Male,Marketing,Marketing Executive,57000,5,2023,6.3,Active,Mumbai
3759,Mohit Verma,37,Male,HR,HR Executive,42000,8,2019,5.4,Active,Pune
3760,Divya Verma,49,Male,Marketing,Digital Marketing Manager,77000,8,2021,5.3,Active,Gurgaon
3761,Rahul Singh,26,Female,Sales,Sales Manager,66000,9,2020,6.9,Active,Mumbai
3762,Priya Singh,41,Male,Finance,Financial Analyst,56000,17,2018,9.6,On Leave,Gurgaon
3763,Amit Singh,53,Male,Marketing,Marketing Analyst,68000,27,2016,9.3,Active,Kanpur
3764,Neha Singh,38,Male,HR,HR Executive,58000,4,2013,7.0,Inactive,Noida
3765,Rohan Singh,25,Male,Engineering,Software Engineer,72000,7,2014,8.0,Active,Hyderabad
3766,Arjun Singh,50,Female,Finance,Accountant,72000,28,2023,8.1,Active,Bangalore
3767,Ananya Singh,51,Male,HR,HR Manager,93000,0,2013,9.0,Active,Noida
3768,Vikram Singh,33,Female,Finance,Financial Analyst,82000,1,2025,5.6,Active,Delhi
3769,Sneha Singh,21,Female,HR,HR Executive,44000,4,2022,6.4,On Leave,Mumbai
3770,Karan Singh,50,Male,Finance,Senior Financial Analyst,91000,3,2014,6.4,Active,Bangalore
3771,Pooja Singh,49,Female,HR,HR Executive,46000,9,2023,7.1,Active,Kanpur
3772,Aditya Singh,32,Female,HR,HR Manager,71000,7,2023,6.7,Active,Bangalore
3773,Nikhil Singh,37,Female,Finance,Senior Financial Analyst,97000,14,2014,7.3,Active,Kanpur
3774,Kavya Singh,36,Female,Marketing,Digital Marketing Manager,74000,12,2014,8.6,Active,Kanpur
3775,Riya Singh,43,Female,Marketing,Digital Marketing Manager,102000,23,2011,7.9,Active,Delhi
3776,Sahil Singh,25,Female,Engineering,DevOps Engineer,76000,2,2022,9.3,Active,Bangalore
3777,Simran Singh,36,Male,HR,Talent Acquisition Specialist,71000,11,2017,5.1,On Leave,Lucknow
3778,Manish Singh,54,Female,Sales,Business Development Executive,66000,9,2012,6.7,On Leave,Chennai
3779,Aarav Singh,39,Male,HR,HR Executive,63000,6,2026,5.2,Active,Pune
3780,Ishita Singh,37,Male,Sales,Sales Manager,87000,13,2013,5.7,Active,Delhi
3781,Ravi Singh,25,Female,Finance,Accountant,62000,5,2011,5.5,Active,Mumbai
3782,Meera Singh,39,Female,Finance,Accountant,53000,12,2017,6.0,Active,Hyderabad
3783,Varun Singh,51,Female,Finance,Accountant,55000,22,2016,8.5,Active,Gurgaon
3784,Shreya Singh,55,Male,Finance,Financial Analyst,77000,28,2018,7.3,Active,Bangalore
3785,Akash Singh,27,Male,Engineering,Tech Lead,124000,7,2011,9.1,Active,Gurgaon
3786,Tanvi Singh,31,Male,HR,Talent Acquisition Specialist,72000,7,2025,7.2,On Leave,Noida
3787,Yash Singh,44,Female,Sales,Sales Executive,55000,12,2022,6.9,Active,Delhi
3788,Nandini Singh,52,Male,HR,Talent Acquisition Specialist,70000,30,2017,8.8,Active,Kanpur
3789,Mohit Singh,43,Male,Finance,Accountant,48000,23,2022,6.2,Active,Chennai
3790,Divya Singh,34,Female,Finance,Accountant,61000,12,2010,8.6,Active,Hyderabad
3791,Rahul Gupta,39,Female,HR,Talent Acquisition Specialist,56000,11,2016,7.3,Active,Pune
3792,Priya Gupta,44,Male,Sales,Sales Manager,91000,0,2015,7.3,On Leave,Hyderabad
3793,Amit Gupta,48,Female,HR,HR Manager,72000,4,2015,5.1,Active,Pune
3794,Neha Gupta,25,Male,Sales,Sales Manager,99000,1,2010,5.1,Active,Mumbai
3795,Rohan Gupta,48,Female,Engineering,DevOps Engineer,113000,26,2012,9.2,Active,Noida
3796,Arjun Gupta,25,Male,Engineering,Software Engineer,89000,7,2016,7.5,Active,Bangalore
3797,Ananya Gupta,54,Female,Finance,Accountant,67000,0,2026,7.3,Active,Chennai
3798,Vikram Gupta,24,Male,Finance,Accountant,64000,1,2024,8.5,Active,Delhi
3799,Sneha Gupta,27,Female,Finance,Senior Financial Analyst,101000,9,2019,5.1,Active,Mumbai
3800,Karan Gupta,41,Male,Finance,Senior Financial Analyst,82000,19,2015,5.2,On Leave,Delhi
3801,Pooja Gupta,34,Female,Marketing,Marketing Executive,69000,11,2024,8.7,Active,Gurgaon
3802,Aditya Gupta,32,Male,Engineering,Software Engineer,76000,11,2021,7.1,Active,Noida
3803,Nikhil Gupta,47,Male,Marketing,Marketing Executive,57000,20,2013,8.7,Active,Chennai
3804,Kavya Gupta,37,Male,Marketing,Marketing Analyst,71000,16,2024,6.9,Inactive,Gurgaon
3805,Riya Gupta,42,Female,Sales,Sales Manager,79000,20,2017,6.9,Active,Chennai
3806,Sahil Gupta,28,Male,Finance,Financial Analyst,52000,2,2012,5.3,Active,Lucknow
3807,Simran Gupta,48,Female,Sales,Sales Executive,45000,20,2022,5.6,Active,Pune
3808,Manish Gupta,33,Male,Finance,Financial Analyst,52000,6,2016,6.2,Active,Noida
3809,Aarav Gupta,34,Male,Finance,Accountant,58000,1,2026,7.6,Active,Chennai
3810,Ishita Gupta,44,Female,HR,HR Manager,87000,7,2015,8.4,Active,Gurgaon
3811,Ravi Gupta,38,Male,Marketing,Marketing Analyst,71000,17,2026,5.6,Active,Pune
3812,Meera Gupta,33,Male,Finance,Financial Analyst,80000,9,2017,9.0,Active,Mumbai
3813,Varun Gupta,26,Male,Marketing,Digital Marketing Manager,98000,7,2020,9.0,Active,Lucknow
3814,Shreya Gupta,49,Female,Engineering,Tech Lead,116000,11,2025,8.6,Active,Gurgaon
3815,Akash Gupta,26,Female,Finance,Financial Analyst,55000,7,2014,6.1,Active,Mumbai
3816,Tanvi Gupta,43,Female,Sales,Business Development Executive,50000,7,2012,7.5,Active,Gurgaon
3817,Yash Gupta,30,Male,Marketing,Marketing Executive,47000,14,2018,8.7,Active,Gurgaon
3818,Nandini Gupta,44,Male,Finance,Senior Financial Analyst,87000,14,2018,6.0,Active,Noida
3819,Mohit Gupta,45,Female,Marketing,Marketing Executive,62000,28,2020,5.1,Active,Lucknow
3820,Divya Gupta,35,Male,Finance,Senior Financial Analyst,82000,18,2011,5.1,Active,Chennai
3821,Rahul Kumar,51,Male,Sales,Sales Executive,51000,8,2018,5.6,Inactive,Delhi
3822,Priya Kumar,54,Male,Engineering,DevOps Engineer,106000,25,2023,6.1,Active,Gurgaon
3823,Amit Kumar,36,Female,Marketing,Marketing Analyst,62000,11,2026,9.0,On Leave,Delhi
3824,Neha Kumar,27,Male,Finance,Accountant,61000,1,2011,6.5,Active,Kanpur
3825,Rohan Kumar,26,Male,Finance,Accountant,50000,6,2022,6.5,Inactive,Hyderabad
3826,Arjun Kumar,39,Male,HR,HR Executive,46000,13,2013,6.7,Active,Pune
3827,Ananya Kumar,31,Female,HR,Talent Acquisition Specialist,54000,4,2010,9.2,Active,Chennai
3828,Vikram Kumar,36,Male,HR,HR Manager,90000,9,2022,9.6,On Leave,Hyderabad
3829,Sneha Kumar,37,Male,Engineering,Software Engineer,74000,15,2011,9.6,Active,Delhi
3830,Karan Kumar,24,Male,Sales,Sales Manager,72000,7,2022,6.7,Active,Delhi
3831,Pooja Kumar,32,Female,HR,HR Executive,50000,0,2013,6.7,Active,Noida
3832,Aditya Kumar,23,Female,Marketing,Marketing Analyst,77000,5,2012,6.3,Active,Mumbai
3833,Nikhil Kumar,48,Male,Finance,Accountant,71000,12,2010,7.6,Inactive,Gurgaon
3834,Kavya Kumar,25,Female,Marketing,Digital Marketing Manager,91000,5,2013,8.2,Active,Hyderabad
3835,Riya Kumar,51,Male,HR,Talent Acquisition Specialist,47000,17,2020,8.7,Active,Bangalore
3836,Sahil Kumar,31,Female,Sales,Sales Executive,61000,2,2013,5.8,Active,Gurgaon
3837,Simran Kumar,38,Male,Engineering,Tech Lead,102000,16,2019,8.8,Active,Noida
3838,Manish Kumar,44,Male,Marketing,Digital Marketing Manager,108000,22,2016,6.4,Active,Hyderabad
3839,Aarav Kumar,30,Female,Engineering,Senior Engineer,82000,0,2013,6.5,Active,Kanpur
3840,Ishita Kumar,53,Female,Finance,Accountant,55000,20,2023,7.0,Active,Noida
3841,Ravi Kumar,25,Male,HR,HR Manager,77000,8,2013,8.3,Active,Hyderabad
3842,Meera Kumar,27,Male,Finance,Senior Financial Analyst,83000,6,2020,9.0,Active,Noida
3843,Varun Kumar,22,Female,Engineering,Senior Engineer,84000,0,2026,9.4,Active,Hyderabad
3844,Shreya Kumar,46,Female,Sales,Sales Executive,69000,26,2017,5.9,Active,Kanpur
3845,Akash Kumar,29,Female,Finance,Senior Financial Analyst,86000,2,2022,9.2,Active,Bangalore
3846,Tanvi Kumar,21,Male,Finance,Financial Analyst,67000,1,2015,7.7,Active,Kanpur
3847,Yash Kumar,49,Male,Marketing,Marketing Executive,55000,15,2014,8.3,Active,Gurgaon
3848,Nandini Kumar,55,Female,Marketing,Digital Marketing Manager,96000,15,2025,5.3,Active,Chennai
3849,Mohit Kumar,52,Female,HR,HR Executive,41000,27,2024,5.9,Active,Kanpur
3850,Divya Kumar,22,Male,HR,Talent Acquisition Specialist,46000,1,2021,5.1,Active,Gurgaon
3851,Rahul Chauhan,52,Female,HR,HR Manager,95000,30,2014,6.4,Active,Lucknow
3852,Priya Chauhan,25,Female,Sales,Business Development Executive,59000,6,2015,10.0,Active,Mumbai
3853,Amit Chauhan,41,Male,HR,HR Executive,58000,22,2013,9.0,Active,Mumbai
3854,Neha Chauhan,45,Female,HR,Talent Acquisition Specialist,66000,20,2015,7.7,Active,Kanpur
3855,Rohan Chauhan,51,Female,Engineering,Tech Lead,107000,28,2017,9.5,Active,Mumbai
3856,Arjun Chauhan,26,Male,Sales,Business Development Executive,69000,8,2017,9.1,Active,Gurgaon
3857,Ananya Chauhan,32,Female,HR,HR Manager,81000,2,2019,8.6,Active,Chennai
3858,Vikram Chauhan,21,Female,Marketing,Marketing Analyst,55000,3,2019,8.3,Active,Pune
3859,Sneha Chauhan,33,Female,Marketing,Marketing Analyst,72000,11,2023,5.6,Active,Noida
3860,Karan Chauhan,21,Female,Sales,Sales Manager,70000,2,2018,8.7,Active,Bangalore
3861,Pooja Chauhan,31,Male,Sales,Sales Manager,87000,11,2013,9.1,On Leave,Kanpur
3862,Aditya Chauhan,41,Female,Engineering,Tech Lead,114000,19,2013,6.0,Active,Delhi
3863,Nikhil Chauhan,27,Female,Sales,Sales Manager,98000,0,2019,5.5,Active,Pune
3864,Kavya Chauhan,35,Female,Finance,Accountant,65000,12,2010,8.7,Active,Chennai
3865,Riya Chauhan,36,Male,HR,HR Executive,48000,15,2018,7.1,Active,Noida
3866,Sahil Chauhan,50,Male,Engineering,Senior Engineer,91000,27,2016,5.7,Active,Delhi
3867,Simran Chauhan,54,Female,Sales,Business Development Executive,60000,26,2021,8.4,Active,Hyderabad
3868,Manish Chauhan,29,Female,Engineering,Software Engineer,90000,13,2015,8.7,Inactive,Pune
3869,Aarav Chauhan,36,Male,HR,HR Executive,43000,15,2019,6.2,Inactive,Kanpur
3870,Ishita Chauhan,55,Female,Marketing,Marketing Executive,53000,16,2011,8.7,Active,Gurgaon
3871,Ravi Chauhan,37,Male,Engineering,Software Engineer,68000,21,2013,6.2,Active,Noida
3872,Meera Chauhan,44,Male,Engineering,Software Engineer,61000,22,2014,7.5,Active,Lucknow
3873,Varun Chauhan,22,Female,Engineering,Data Engineer,73000,4,2014,9.9,Active,Noida
3874,Shreya Chauhan,51,Male,Marketing,Digital Marketing Manager,83000,17,2015,6.4,Active,Chennai
3875,Akash Chauhan,21,Female,HR,HR Executive,49000,1,2016,8.3,Active,Mumbai
3876,Tanvi Chauhan,40,Female,HR,HR Executive,41000,9,2023,5.3,Active,Kanpur
3877,Yash Chauhan,39,Male,Engineering,Software Engineer,60000,12,2019,6.0,Active,Hyderabad
3878,Nandini Chauhan,42,Male,Marketing,Digital Marketing Manager,90000,23,2014,8.6,Active,Bangalore
3879,Mohit Chauhan,29,Female,HR,Talent Acquisition Specialist,57000,10,2023,5.7,Active,Pune
3880,Divya Chauhan,25,Female,Sales,Business Development Executive,78000,8,2024,7.1,Active,Hyderabad
3881,Rahul Patel,25,Male,Sales,Sales Manager,95000,3,2012,8.9,Active,Delhi
3882,Priya Patel,55,Male,HR,Talent Acquisition Specialist,60000,18,2015,6.4,Active,Kanpur
3883,Amit Patel,38,Female,Engineering,DevOps Engineer,87000,11,2020,8.7,Active,Noida
3884,Neha Patel,26,Male,Marketing,Digital Marketing Manager,85000,10,2018,7.7,On Leave,Kanpur
3885,Rohan Patel,52,Male,Sales,Business Development Executive,71000,30,2019,6.2,Active,Delhi
3886,Arjun Patel,43,Male,Finance,Accountant,56000,15,2016,8.8,Active,Hyderabad
3887,Ananya Patel,36,Female,HR,HR Executive,52000,12,2018,8.0,Active,Gurgaon
3888,Vikram Patel,32,Male,Engineering,DevOps Engineer,91000,14,2018,9.7,Active,Hyderabad
3889,Sneha Patel,47,Female,Marketing,Marketing Executive,50000,28,2011,9.8,Active,Hyderabad
3890,Karan Patel,33,Male,Sales,Business Development Executive,63000,14,2015,8.4,Active,Hyderabad
3891,Pooja Patel,42,Female,HR,Talent Acquisition Specialist,55000,24,2018,9.7,On Leave,Chennai
3892,Aditya Patel,54,Female,Sales,Business Development Executive,72000,22,2024,8.5,Active,Noida
3893,Nikhil Patel,55,Male,Sales,Sales Executive,61000,25,2014,8.8,Active,Kanpur
3894,Kavya Patel,50,Female,HR,Talent Acquisition Specialist,67000,24,2010,5.1,Active,Lucknow
3895,Riya Patel,52,Female,Engineering,Software Engineer,86000,24,2015,7.0,Active,Hyderabad
3896,Sahil Patel,52,Female,Engineering,Tech Lead,101000,17,2010,7.8,Active,Delhi
3897,Simran Patel,54,Male,Finance,Senior Financial Analyst,85000,13,2023,8.8,Active,Chennai
3898,Manish Patel,24,Male,Sales,Business Development Executive,72000,4,2025,5.6,Active,Delhi
3899,Aarav Patel,53,Male,Marketing,Marketing Executive,53000,14,2017,6.6,Active,Lucknow
3900,Ishita Patel,39,Female,Engineering,Data Engineer,86000,7,2014,9.2,Active,Noida
3901,Ravi Patel,51,Male,Finance,Accountant,72000,21,2011,8.2,Active,Mumbai
3902,Meera Patel,53,Male,Marketing,Marketing Analyst,75000,3,2026,6.3,On Leave,Bangalore
3903,Varun Patel,39,Male,Engineering,Tech Lead,130000,14,2013,9.6,Active,Kanpur
3904,Shreya Patel,26,Male,Marketing,Marketing Analyst,63000,8,2014,5.4,Active,Hyderabad
3905,Akash Patel,45,Male,Finance,Financial Analyst,83000,26,2013,7.3,Active,Chennai
3906,Tanvi Patel,24,Female,HR,HR Manager,81000,0,2024,6.0,On Leave,Hyderabad
3907,Yash Patel,45,Male,Marketing,Marketing Analyst,56000,25,2020,6.9,Active,Bangalore
3908,Nandini Patel,34,Male,Engineering,Tech Lead,112000,3,2013,5.6,On Leave,Kanpur
3909,Mohit Patel,29,Male,Marketing,Marketing Executive,61000,0,2013,8.7,Active,Mumbai
3910,Divya Patel,24,Female,Finance,Financial Analyst,62000,0,2012,6.3,Active,Pune
3911,Rahul Mishra,49,Male,HR,Talent Acquisition Specialist,70000,20,2021,7.8,Active,Hyderabad
3912,Priya Mishra,48,Female,Engineering,Data Engineer,77000,3,2020,6.4,Active,Delhi
3913,Amit Mishra,55,Female,Finance,Senior Financial Analyst,89000,8,2024,7.7,Active,Noida
3914,Neha Mishra,29,Female,Sales,Sales Manager,69000,11,2013,9.3,Active,Lucknow
3915,Rohan Mishra,23,Female,HR,HR Executive,46000,2,2021,8.0,On Leave,Noida
3916,Arjun Mishra,24,Male,Finance,Accountant,51000,3,2026,6.7,Inactive,Chennai
3917,Ananya Mishra,41,Female,Marketing,Digital Marketing Manager,103000,1,2012,9.0,Active,Lucknow
3918,Vikram Mishra,29,Female,HR,HR Manager,96000,5,2025,7.4,Active,Lucknow
3919,Sneha Mishra,45,Female,Sales,Sales Executive,41000,8,2019,6.4,Active,Pune
3920,Karan Mishra,21,Female,Sales,Business Development Executive,78000,3,2014,6.5,Active,Chennai
3921,Pooja Mishra,44,Male,Finance,Financial Analyst,83000,25,2024,8.9,On Leave,Noida
3922,Aditya Mishra,43,Male,Finance,Accountant,71000,20,2022,7.9,Active,Kanpur
3923,Nikhil Mishra,37,Female,Marketing,Marketing Executive,57000,0,2018,8.7,Active,Kanpur
3924,Kavya Mishra,26,Male,Engineering,DevOps Engineer,110000,6,2017,9.2,Active,Chennai
3925,Riya Mishra,22,Female,Sales,Sales Executive,53000,3,2014,8.3,On Leave,Delhi
3926,Sahil Mishra,51,Male,HR,HR Executive,62000,9,2022,6.1,Active,Mumbai
3927,Simran Mishra,40,Female,Sales,Business Development Executive,80000,7,2018,9.7,Active,Gurgaon
3928,Manish Mishra,43,Female,HR,HR Manager,71000,4,2025,7.8,Active,Hyderabad
3929,Aarav Mishra,40,Female,Finance,Accountant,65000,19,2021,8.7,On Leave,Bangalore
3930,Ishita Mishra,49,Female,HR,Talent Acquisition Specialist,49000,23,2025,8.4,On Leave,Bangalore
3931,Ravi Mishra,49,Male,Engineering,DevOps Engineer,85000,23,2014,9.7,Active,Kanpur
3932,Meera Mishra,31,Female,Sales,Sales Executive,53000,6,2014,6.9,Active,Lucknow
3933,Varun Mishra,22,Female,Finance,Financial Analyst,68000,6,2022,8.3,Active,Bangalore
3934,Shreya Mishra,45,Female,Sales,Sales Executive,44000,7,2010,5.0,Active,Bangalore
3935,Akash Mishra,55,Female,Sales,Sales Executive,41000,22,2025,8.4,Active,Hyderabad
3936,Tanvi Mishra,31,Female,Marketing,Marketing Analyst,71000,4,2025,5.9,Active,Hyderabad
3937,Yash Mishra,37,Male,HR,Talent Acquisition Specialist,74000,6,2024,8.7,Active,Chennai
3938,Nandini Mishra,54,Male,HR,Talent Acquisition Specialist,59000,30,2015,9.1,Active,Kanpur
3939,Mohit Mishra,21,Male,Marketing,Marketing Executive,61000,1,2024,5.3,Active,Lucknow
3940,Divya Mishra,54,Male,Sales,Business Development Executive,70000,12,2020,9.4,Active,Hyderabad
3941,Rahul Agarwal,51,Male,Engineering,Software Engineer,72000,7,2015,7.8,Active,Delhi
3942,Priya Agarwal,50,Female,Engineering,DevOps Engineer,94000,7,2011,8.1,On Leave,Chennai
3943,Amit Agarwal,49,Male,HR,HR Executive,44000,27,2025,9.4,Active,Delhi
3944,Neha Agarwal,40,Female,Finance,Financial Analyst,60000,16,2024,8.0,On Leave,Kanpur
3945,Rohan Agarwal,54,Male,Marketing,Digital Marketing Manager,71000,4,2010,7.4,Active,Noida
3946,Arjun Agarwal,51,Female,HR,HR Executive,57000,2,2018,5.9,Active,Hyderabad
3947,Ananya Agarwal,47,Male,Engineering,Senior Engineer,95000,24,2016,9.1,On Leave,Gurgaon
3948,Vikram Agarwal,54,Female,Marketing,Marketing Analyst,59000,23,2024,7.2,Active,Mumbai
3949,Sneha Agarwal,31,Female,Engineering,DevOps Engineer,104000,6,2011,9.3,On Leave,Lucknow
3950,Karan Agarwal,25,Male,Finance,Financial Analyst,61000,7,2018,9.7,Inactive,Kanpur
3951,Pooja Agarwal,49,Female,Sales,Sales Manager,97000,16,2021,6.6,Active,Hyderabad
3952,Aditya Agarwal,21,Female,Finance,Accountant,70000,4,2013,6.7,Active,Chennai
3953,Nikhil Agarwal,32,Female,Marketing,Marketing Analyst,75000,7,2019,5.6,Active,Pune
3954,Kavya Agarwal,42,Male,Sales,Sales Executive,49000,3,2014,6.5,Inactive,Mumbai
3955,Riya Agarwal,38,Male,Finance,Financial Analyst,67000,21,2022,5.5,On Leave,Lucknow
3956,Sahil Agarwal,33,Male,Sales,Sales Executive,68000,9,2019,7.1,On Leave,Pune
3957,Simran Agarwal,49,Female,Engineering,Data Engineer,106000,8,2023,7.7,Active,Gurgaon
3958,Manish Agarwal,25,Male,Engineering,Data Engineer,99000,1,2024,9.9,Active,Delhi
3959,Aarav Agarwal,53,Female,Sales,Sales Executive,61000,14,2024,6.1,Active,Delhi
3960,Ishita Agarwal,31,Female,Sales,Sales Executive,69000,8,2013,8.7,Active,Gurgaon
3961,Ravi Agarwal,54,Female,Finance,Financial Analyst,79000,4,2010,7.2,Active,Chennai
3962,Meera Agarwal,33,Female,Finance,Financial Analyst,83000,12,2024,7.0,Active,Pune
3963,Varun Agarwal,29,Male,Engineering,Senior Engineer,90000,12,2025,9.8,Active,Delhi
3964,Shreya Agarwal,30,Male,Marketing,Marketing Analyst,61000,5,2012,9.3,Active,Noida
3965,Akash Agarwal,42,Female,Sales,Business Development Executive,68000,14,2013,6.2,Active,Bangalore
3966,Tanvi Agarwal,42,Male,Marketing,Marketing Analyst,56000,24,2010,9.4,Active,Chennai
3967,Yash Agarwal,55,Male,Marketing,Digital Marketing Manager,110000,6,2011,5.2,Inactive,Lucknow
3968,Nandini Agarwal,25,Male,Marketing,Marketing Analyst,76000,3,2016,7.9,Active,Noida
3969,Mohit Agarwal,38,Female,Sales,Sales Manager,94000,19,2010,9.0,Active,Kanpur
3970,Divya Agarwal,52,Male,Marketing,Marketing Executive,54000,8,2017,9.4,Active,Kanpur
3971,Rahul Jain,38,Male,Engineering,Data Engineer,90000,18,2019,6.9,Active,Pune
3972,Priya Jain,36,Female,Marketing,Marketing Analyst,61000,16,2012,9.5,Active,Lucknow
3973,Amit Jain,21,Female,Finance,Senior Financial Analyst,100000,5,2026,7.1,Active,Lucknow
3974,Neha Jain,55,Male,Marketing,Marketing Analyst,57000,23,2018,7.4,Active,Mumbai
3975,Rohan Jain,25,Female,Engineering,DevOps Engineer,103000,4,2026,5.9,Active,Lucknow
3976,Arjun Jain,32,Male,HR,HR Executive,47000,2,2017,5.6,Active,Kanpur
3977,Ananya Jain,21,Female,Engineering,Senior Engineer,89000,3,2010,8.6,Inactive,Lucknow
3978,Vikram Jain,43,Female,Marketing,Marketing Analyst,57000,13,2021,5.6,Inactive,Pune
3979,Sneha Jain,45,Male,Finance,Senior Financial Analyst,102000,0,2017,9.5,Active,Lucknow
3980,Karan Jain,44,Female,Marketing,Marketing Analyst,81000,14,2024,9.7,On Leave,Pune
3981,Pooja Jain,45,Female,Finance,Senior Financial Analyst,101000,12,2011,5.6,Active,Hyderabad
3982,Aditya Jain,29,Male,Marketing,Marketing Analyst,66000,9,2020,5.4,Active,Lucknow
3983,Nikhil Jain,55,Female,Marketing,Digital Marketing Manager,79000,16,2026,10.0,Active,Lucknow
3984,Kavya Jain,38,Female,HR,HR Executive,54000,4,2012,8.5,Active,Gurgaon
3985,Riya Jain,31,Female,HR,Talent Acquisition Specialist,62000,14,2023,5.2,Active,Chennai
3986,Sahil Jain,29,Male,Marketing,Marketing Analyst,62000,4,2011,5.8,On Leave,Lucknow
3987,Simran Jain,36,Male,HR,HR Executive,58000,1,2016,6.2,Active,Delhi
3988,Manish Jain,27,Female,Sales,Sales Manager,66000,1,2022,6.3,Active,Hyderabad
3989,Aarav Jain,54,Female,Finance,Senior Financial Analyst,84000,15,2019,5.8,Active,Hyderabad
3990,Ishita Jain,25,Female,HR,HR Manager,95000,4,2018,7.3,Inactive,Mumbai
3991,Ravi Jain,41,Female,Marketing,Digital Marketing Manager,106000,2,2016,8.6,Active,Mumbai
3992,Meera Jain,42,Male,Marketing,Marketing Analyst,85000,11,2023,8.3,Active,Noida
3993,Varun Jain,43,Female,Sales,Sales Manager,81000,22,2012,8.3,Inactive,Hyderabad
3994,Shreya Jain,45,Female,Engineering,Software Engineer,80000,28,2013,5.6,On Leave,Gurgaon
3995,Akash Jain,40,Male,Marketing,Marketing Analyst,78000,20,2015,7.0,On Leave,Noida
3996,Tanvi Jain,39,Female,Marketing,Digital Marketing Manager,94000,4,2013,9.8,Active,Pune
3997,Yash Jain,51,Male,Sales,Sales Executive,43000,18,2010,8.3,Inactive,Chennai
3998,Nandini Jain,25,Male,Engineering,DevOps Engineer,90000,9,2014,5.9,Inactive,Chennai
3999,Mohit Jain,31,Male,HR,HR Executive,52000,3,2012,8.2,On Leave,Pune
4000,Divya Jain,31,Male,Finance,Senior Financial Analyst,87000,9,2014,5.5,Active,Pune
4001,Rahul Shah,34,Male,Sales,Sales Executive,62000,7,2021,7.6,Active,Bangalore
4002,Priya Shah,45,Male,Finance,Financial Analyst,56000,4,2018,6.2,Active,Hyderabad
4003,Amit Shah,41,Male,Sales,Sales Manager,69000,19,2018,5.3,On Leave,Noida
4004,Neha Shah,40,Female,Finance,Financial Analyst,82000,6,2018,5.1,Inactive,Gurgaon
4005,Rohan Shah,34,Male,HR,Talent Acquisition Specialist,47000,7,2024,5.7,Active,Lucknow
4006,Arjun Shah,33,Female,Engineering,DevOps Engineer,71000,2,2024,5.5,Active,Mumbai
4007,Ananya Shah,42,Female,HR,HR Executive,65000,22,2025,8.1,Active,Pune
4008,Vikram Shah,43,Female,Finance,Senior Financial Analyst,101000,10,2012,5.6,Active,Mumbai
4009,Sneha Shah,42,Female,Finance,Accountant,48000,10,2019,9.7,Active,Pune
4010,Karan Shah,47,Male,Engineering,Tech Lead,140000,13,2017,9.0,Active,Bangalore
4011,Pooja Shah,38,Male,Marketing,Digital Marketing Manager,73000,5,2014,6.7,Inactive,Delhi
4012,Aditya Shah,34,Female,HR,Talent Acquisition Specialist,53000,8,2011,5.8,Active,Noida
4013,Nikhil Shah,42,Male,HR,HR Manager,94000,16,2025,6.1,On Leave,Gurgaon
4014,Kavya Shah,25,Female,Sales,Business Development Executive,48000,2,2017,9.6,Active,Delhi
4015,Riya Shah,30,Female,Finance,Accountant,53000,7,2021,7.3,Inactive,Lucknow
4016,Sahil Shah,32,Male,Engineering,Data Engineer,82000,2,2015,9.2,Active,Hyderabad
4017,Simran Shah,26,Male,Engineering,Tech Lead,150000,0,2018,7.0,On Leave,Pune
4018,Manish Shah,38,Male,Finance,Financial Analyst,61000,9,2023,6.3,Active,Kanpur
4019,Aarav Shah,24,Male,HR,HR Executive,54000,7,2022,6.6,Active,Kanpur
4020,Ishita Shah,53,Male,Marketing,Digital Marketing Manager,91000,28,2025,5.3,Inactive,Mumbai
4021,Ravi Shah,55,Male,Finance,Financial Analyst,53000,24,2010,7.9,On Leave,Pune
4022,Meera Shah,34,Female,Finance,Accountant,69000,4,2023,9.7,On Leave,Lucknow
4023,Varun Shah,46,Male,Sales,Sales Manager,73000,11,2025,7.8,Active,Chennai
4024,Shreya Shah,22,Male,Finance,Senior Financial Analyst,103000,1,2016,5.9,Active,Pune
4025,Akash Shah,43,Female,Marketing,Digital Marketing Manager,89000,20,2012,6.5,Active,Mumbai
4026,Tanvi Shah,42,Female,Marketing,Marketing Analyst,71000,3,2016,9.9,Active,Noida
4027,Yash Shah,44,Female,Marketing,Marketing Analyst,74000,3,2022,8.5,Active,Gurgaon
4028,Nandini Shah,47,Male,Marketing,Marketing Executive,46000,10,2017,7.2,Active,Bangalore
4029,Mohit Shah,46,Male,Finance,Accountant,53000,23,2014,5.0,Active,Bangalore
4030,Divya Shah,41,Female,Finance,Senior Financial Analyst,98000,2,2025,9.2,Active,Bangalore
4031,Rahul Mehta,35,Male,Marketing,Marketing Analyst,56000,15,2018,6.4,Inactive,Lucknow
4032,Priya Mehta,34,Male,HR,Talent Acquisition Specialist,73000,1,2025,7.7,Active,Chennai
4033,Amit Mehta,30,Male,Sales,Business Development Executive,54000,2,2013,8.1,Active,Bangalore
4034,Neha Mehta,40,Female,HR,Talent Acquisition Specialist,50000,21,2015,5.2,Active,Lucknow
4035,Rohan Mehta,46,Female,HR,Talent Acquisition Specialist,54000,28,2010,9.0,Active,Gurgaon
4036,Arjun Mehta,42,Male,Sales,Sales Executive,58000,6,2024,8.3,Active,Chennai
4037,Ananya Mehta,46,Male,Sales,Sales Executive,42000,14,2024,6.6,Active,Pune
4038,Vikram Mehta,45,Female,Finance,Accountant,63000,19,2017,9.6,On Leave,Gurgaon
4039,Sneha Mehta,40,Female,Sales,Sales Manager,98000,6,2015,9.5,Active,Hyderabad
4040,Karan Mehta,42,Female,HR,HR Manager,93000,18,2015,9.0,Active,Gurgaon
4041,Pooja Mehta,30,Female,HR,HR Manager,94000,3,2015,6.2,Inactive,Pune
4042,Aditya Mehta,55,Male,Sales,Business Development Executive,56000,26,2025,8.6,Active,Bangalore
4043,Nikhil Mehta,33,Female,Finance,Accountant,53000,7,2023,7.0,Active,Delhi
4044,Kavya Mehta,40,Female,Marketing,Marketing Executive,63000,19,2011,9.4,Active,Noida
4045,Riya Mehta,45,Male,Sales,Business Development Executive,79000,24,2025,6.4,Active,Lucknow
4046,Sahil Mehta,22,Male,HR,Talent Acquisition Specialist,71000,6,2021,7.6,Active,Hyderabad
4047,Simran Mehta,47,Male,Engineering,Senior Engineer,100000,25,2018,9.3,Inactive,Mumbai
4048,Manish Mehta,36,Male,Sales,Sales Executive,58000,3,2010,7.0,Active,Lucknow
4049,Aarav Mehta,51,Male,Sales,Sales Executive,66000,13,2014,7.5,Active,Mumbai
4050,Ishita Mehta,21,Female,HR,HR Executive,41000,0,2012,6.1,Active,Hyderabad
4051,Ravi Mehta,32,Female,Engineering,Senior Engineer,96000,0,2013,5.8,Active,Mumbai
4052,Meera Mehta,36,Male,HR,Talent Acquisition Specialist,47000,12,2019,8.0,Active,Bangalore
4053,Varun Mehta,52,Female,HR,HR Executive,44000,1,2023,5.9,On Leave,Bangalore
4054,Shreya Mehta,43,Female,Engineering,Senior Engineer,86000,19,2024,8.2,Active,Gurgaon
4055,Akash Mehta,21,Female,Engineering,Software Engineer,82000,0,2012,6.9,Active,Mumbai
4056,Tanvi Mehta,32,Male,Finance,Accountant,53000,9,2018,8.9,Active,Chennai
4057,Yash Mehta,28,Female,Engineering,Tech Lead,114000,5,2025,7.2,Active,Chennai
4058,Nandini Mehta,24,Male,Marketing,Marketing Executive,49000,8,2025,7.7,Active,Kanpur
4059,Mohit Mehta,37,Male,Engineering,DevOps Engineer,86000,1,2026,9.3,Active,Mumbai
4060,Divya Mehta,39,Male,Sales,Business Development Executive,52000,20,2015,5.8,Active,Kanpur
4061,Rahul Yadav,22,Female,Sales,Business Development Executive,59000,2,2015,8.5,Active,Bangalore
4062,Priya Yadav,43,Male,Marketing,Marketing Analyst,60000,5,2021,8.3,Active,Bangalore
4063,Amit Yadav,26,Female,Engineering,Software Engineer,74000,3,2024,8.6,Active,Mumbai
4064,Neha Yadav,31,Male,Marketing,Digital Marketing Manager,72000,12,2013,7.0,Active,Delhi
4065,Rohan Yadav,48,Male,Marketing,Digital Marketing Manager,105000,29,2023,9.8,Active,Hyderabad
4066,Arjun Yadav,27,Male,HR,Talent Acquisition Specialist,58000,5,2018,7.2,Active,Kanpur
4067,Ananya Yadav,31,Male,Engineering,DevOps Engineer,108000,5,2019,7.4,On Leave,Hyderabad
4068,Vikram Yadav,34,Male,Finance,Accountant,45000,0,2021,5.4,Active,Delhi
4069,Sneha Yadav,24,Male,Engineering,Data Engineer,91000,5,2020,7.6,Active,Bangalore
4070,Karan Yadav,39,Female,Marketing,Marketing Analyst,57000,13,2017,7.5,Active,Gurgaon
4071,Pooja Yadav,52,Male,Engineering,DevOps Engineer,113000,1,2017,8.3,Active,Lucknow
4072,Aditya Yadav,23,Male,Sales,Sales Executive,51000,5,2020,5.4,Inactive,Chennai
4073,Nikhil Yadav,31,Male,Sales,Sales Manager,81000,14,2014,7.8,Active,Noida
4074,Kavya Yadav,36,Male,Engineering,Tech Lead,102000,4,2012,5.3,Active,Kanpur
4075,Riya Yadav,48,Male,HR,HR Manager,67000,28,2012,6.8,Active,Kanpur
4076,Sahil Yadav,46,Female,Engineering,Software Engineer,82000,10,2025,9.3,Active,Delhi
4077,Simran Yadav,26,Female,Engineering,Data Engineer,88000,7,2021,7.8,Inactive,Noida
4078,Manish Yadav,46,Male,HR,Talent Acquisition Specialist,67000,30,2012,9.5,Active,Lucknow
4079,Aarav Yadav,24,Male,Sales,Sales Executive,50000,7,2019,9.7,Active,Noida
4080,Ishita Yadav,28,Female,Engineering,Software Engineer,63000,9,2018,8.5,Active,Pune
4081,Ravi Yadav,50,Male,Marketing,Marketing Executive,64000,14,2020,6.3,Active,Kanpur
4082,Meera Yadav,27,Female,Engineering,DevOps Engineer,80000,7,2013,7.1,Active,Chennai
4083,Varun Yadav,50,Male,Engineering,Senior Engineer,90000,24,2016,6.3,Inactive,Mumbai
4084,Shreya Yadav,40,Male,Sales,Sales Executive,54000,14,2024,6.6,Active,Bangalore
4085,Akash Yadav,24,Female,Sales,Business Development Executive,57000,5,2018,8.9,Active,Noida
4086,Tanvi Yadav,52,Male,Marketing,Marketing Executive,65000,5,2016,8.1,Active,Chennai
4087,Yash Yadav,22,Female,Finance,Financial Analyst,66000,1,2026,8.3,Active,Gurgaon
4088,Nandini Yadav,54,Female,Marketing,Marketing Analyst,72000,9,2019,5.7,Active,Gurgaon
4089,Mohit Yadav,35,Male,Marketing,Digital Marketing Manager,93000,10,2014,8.0,Active,Noida
4090,Divya Yadav,47,Female,Marketing,Marketing Analyst,60000,21,2014,6.2,Inactive,Mumbai
4091,Rahul Saxena,36,Male,Engineering,Data Engineer,80000,9,2011,7.1,Active,Lucknow
4092,Priya Saxena,24,Male,Finance,Accountant,74000,1,2014,6.9,Active,Lucknow
4093,Amit Saxena,42,Female,Marketing,Marketing Executive,58000,5,2015,5.9,Active,Hyderabad
4094,Neha Saxena,50,Female,Finance,Senior Financial Analyst,92000,1,2021,9.0,Active,Lucknow
4095,Rohan Saxena,34,Male,Finance,Financial Analyst,56000,8,2012,7.3,Active,Gurgaon
4096,Arjun Saxena,37,Male,Sales,Sales Manager,96000,9,2019,8.8,Active,Noida
4097,Ananya Saxena,55,Male,Finance,Financial Analyst,70000,22,2022,7.5,On Leave,Delhi
4098,Vikram Saxena,31,Male,Engineering,Data Engineer,88000,3,2025,9.5,Active,Lucknow
4099,Sneha Saxena,32,Male,Marketing,Marketing Executive,53000,16,2024,6.6,Active,Gurgaon
4100,Karan Saxena,54,Female,Marketing,Marketing Analyst,80000,28,2013,6.2,Active,Chennai
4101,Pooja Saxena,41,Male,Engineering,Tech Lead,119000,25,2012,9.3,Active,Gurgaon
4102,Aditya Saxena,32,Female,Engineering,Tech Lead,126000,7,2015,6.6,Active,Delhi
4103,Nikhil Saxena,22,Female,Sales,Sales Executive,45000,5,2018,9.9,Inactive,Mumbai
4104,Kavya Saxena,51,Male,Marketing,Marketing Executive,55000,17,2016,9.9,Active,Lucknow
4105,Riya Saxena,47,Male,Marketing,Marketing Analyst,79000,0,2022,8.6,Active,Gurgaon
4106,Sahil Saxena,47,Male,Marketing,Marketing Analyst,75000,7,2013,9.0,Active,Noida
4107,Simran Saxena,52,Female,Engineering,Data Engineer,92000,19,2010,5.4,Active,Chennai
4108,Manish Saxena,26,Male,Sales,Sales Executive,43000,5,2013,6.6,Active,Mumbai
4109,Aarav Saxena,26,Male,Engineering,Software Engineer,90000,6,2018,5.9,Inactive,Bangalore
4110,Ishita Saxena,55,Male,Sales,Sales Executive,61000,13,2014,9.6,Active,Pune
4111,Ravi Saxena,26,Female,Sales,Business Development Executive,64000,4,2014,5.2,Active,Pune
4112,Meera Saxena,45,Female,Sales,Business Development Executive,75000,19,2026,5.8,Inactive,Delhi
4113,Varun Saxena,39,Female,Finance,Senior Financial Analyst,84000,2,2018,5.1,Active,Chennai
4114,Shreya Saxena,31,Female,Sales,Sales Manager,69000,7,2021,5.8,Active,Hyderabad
4115,Akash Saxena,38,Male,Finance,Accountant,60000,14,2023,9.5,On Leave,Gurgaon
4116,Tanvi Saxena,53,Female,Sales,Sales Executive,41000,5,2020,7.5,Active,Gurgaon
4117,Yash Saxena,55,Male,HR,HR Manager,94000,27,2023,7.3,Active,Delhi
4118,Nandini Saxena,23,Male,Sales,Sales Executive,60000,5,2018,6.6,Active,Mumbai
4119,Mohit Saxena,24,Female,Finance,Senior Financial Analyst,77000,3,2014,8.8,Active,Gurgaon
4120,Divya Saxena,45,Female,Engineering,DevOps Engineer,97000,13,2016,6.5,Active,Pune
4121,Rahul Malhotra,22,Male,Finance,Financial Analyst,61000,3,2012,5.4,Active,Pune
4122,Priya Malhotra,31,Male,Marketing,Marketing Analyst,82000,4,2019,7.6,On Leave,Bangalore
4123,Amit Malhotra,38,Female,Sales,Sales Manager,69000,11,2026,9.9,Active,Mumbai
4124,Neha Malhotra,41,Female,Finance,Financial Analyst,72000,12,2015,8.2,Active,Chennai
4125,Rohan Malhotra,42,Female,Marketing,Digital Marketing Manager,97000,1,2021,7.3,Active,Lucknow
4126,Arjun Malhotra,43,Male,HR,HR Manager,70000,23,2015,9.7,Inactive,Noida
4127,Ananya Malhotra,39,Female,Marketing,Digital Marketing Manager,73000,13,2012,9.0,Active,Bangalore
4128,Vikram Malhotra,51,Female,HR,Talent Acquisition Specialist,54000,18,2023,9.4,Active,Gurgaon
4129,Sneha Malhotra,46,Male,Finance,Accountant,74000,15,2011,5.3,Active,Noida
4130,Karan Malhotra,42,Female,Engineering,Data Engineer,70000,8,2011,8.8,Active,Delhi
4131,Pooja Malhotra,29,Female,HR,HR Manager,86000,4,2025,6.1,Active,Hyderabad
4132,Aditya Malhotra,25,Female,Sales,Sales Manager,90000,3,2017,5.8,Active,Delhi
4133,Nikhil Malhotra,40,Female,Marketing,Digital Marketing Manager,81000,4,2010,5.3,Active,Kanpur
4134,Kavya Malhotra,46,Male,HR,HR Executive,49000,25,2023,5.3,Active,Noida
4135,Riya Malhotra,52,Female,Marketing,Marketing Executive,62000,6,2015,9.5,Inactive,Mumbai
4136,Sahil Malhotra,34,Female,Engineering,Tech Lead,102000,16,2012,5.4,On Leave,Pune
4137,Simran Malhotra,24,Male,HR,Talent Acquisition Specialist,71000,3,2017,7.5,Active,Lucknow
4138,Manish Malhotra,26,Male,Finance,Financial Analyst,78000,8,2023,8.3,Active,Gurgaon
4139,Aarav Malhotra,33,Male,HR,HR Manager,68000,2,2015,5.2,Active,Pune
4140,Ishita Malhotra,52,Female,Marketing,Marketing Analyst,70000,23,2024,6.2,Active,Chennai
4141,Ravi Malhotra,45,Male,Finance,Senior Financial Analyst,95000,9,2020,6.0,On Leave,Noida
4142,Meera Malhotra,28,Female,Finance,Accountant,53000,9,2016,8.9,Active,Delhi
4143,Varun Malhotra,24,Female,Marketing,Digital Marketing Manager,83000,2,2020,6.0,On Leave,Noida
4144,Shreya Malhotra,29,Male,HR,HR Executive,61000,3,2012,6.8,Active,Delhi
4145,Akash Malhotra,40,Female,Sales,Sales Manager,87000,20,2010,5.1,Active,Kanpur
4146,Tanvi Malhotra,48,Female,Marketing,Marketing Executive,58000,4,2024,8.6,Active,Delhi
4147,Yash Malhotra,40,Male,Sales,Sales Manager,94000,9,2015,9.7,Inactive,Pune
4148,Nandini Malhotra,39,Female,HR,Talent Acquisition Specialist,53000,17,2014,8.5,On Leave,Gurgaon
4149,Mohit Malhotra,50,Male,Engineering,Senior Engineer,118000,7,2019,7.2,Active,Chennai
4150,Divya Malhotra,31,Male,HR,Talent Acquisition Specialist,46000,11,2015,8.7,Active,Hyderabad
4151,Rahul Bansal,53,Male,HR,HR Manager,95000,19,2013,6.9,Active,Lucknow
4152,Priya Bansal,54,Female,Sales,Business Development Executive,51000,24,2019,9.8,Active,Hyderabad
4153,Amit Bansal,25,Female,Finance,Senior Financial Analyst,101000,9,2019,7.2,Active,Bangalore
4154,Neha Bansal,36,Female,Engineering,Software Engineer,68000,18,2012,5.8,On Leave,Noida
4155,Rohan Bansal,45,Female,Sales,Sales Manager,87000,15,2018,9.5,Active,Noida
4156,Arjun Bansal,51,Male,Marketing,Digital Marketing Manager,93000,24,2011,9.5,Active,Chennai
4157,Ananya Bansal,23,Male,Marketing,Marketing Analyst,60000,3,2020,8.7,Inactive,Kanpur
4158,Vikram Bansal,24,Female,Engineering,Data Engineer,102000,4,2011,6.2,Active,Pune
4159,Sneha Bansal,23,Female,Engineering,Data Engineer,76000,3,2017,5.1,Active,Gurgaon
4160,Karan Bansal,29,Female,Engineering,Data Engineer,88000,12,2021,6.6,Active,Hyderabad
4161,Pooja Bansal,39,Male,HR,Talent Acquisition Specialist,61000,20,2016,8.8,Active,Chennai
4162,Aditya Bansal,53,Female,Engineering,Tech Lead,140000,10,2011,9.5,Active,Noida
4163,Nikhil Bansal,25,Female,Finance,Accountant,60000,5,2013,6.8,Active,Pune
4164,Kavya Bansal,26,Male,Marketing,Digital Marketing Manager,108000,6,2019,7.8,Active,Mumbai
4165,Riya Bansal,45,Female,Marketing,Digital Marketing Manager,71000,8,2020,6.6,Active,Delhi
4166,Sahil Bansal,25,Male,HR,Talent Acquisition Specialist,56000,3,2023,5.9,Active,Hyderabad
4167,Simran Bansal,25,Male,HR,HR Manager,91000,8,2022,8.0,Active,Bangalore
4168,Manish Bansal,48,Female,Sales,Sales Manager,85000,28,2022,7.8,Active,Gurgaon
4169,Aarav Bansal,53,Female,Sales,Sales Manager,78000,20,2012,9.6,Active,Bangalore
4170,Ishita Bansal,52,Female,Engineering,Tech Lead,141000,20,2016,7.9,On Leave,Bangalore
4171,Ravi Bansal,32,Female,Sales,Business Development Executive,50000,11,2023,5.7,Active,Delhi
4172,Meera Bansal,29,Female,Finance,Senior Financial Analyst,76000,7,2013,7.0,Inactive,Gurgaon
4173,Varun Bansal,26,Male,Sales,Sales Manager,81000,9,2024,9.2,Active,Hyderabad
4174,Shreya Bansal,35,Male,Engineering,Data Engineer,80000,12,2015,5.1,Active,Pune
4175,Akash Bansal,51,Female,Finance,Senior Financial Analyst,105000,6,2021,8.1,Active,Gurgaon
4176,Tanvi Bansal,54,Male,Engineering,Software Engineer,86000,9,2019,9.2,Active,Mumbai
4177,Yash Bansal,31,Female,HR,HR Executive,47000,15,2014,8.8,Active,Chennai
4178,Nandini Bansal,40,Male,Marketing,Marketing Executive,70000,22,2020,8.4,Active,Hyderabad
4179,Mohit Bansal,47,Male,Engineering,DevOps Engineer,104000,2,2014,9.8,On Leave,Noida
4180,Divya Bansal,21,Female,Marketing,Digital Marketing Manager,108000,5,2020,9.8,Active,Noida
4181,Rahul Tiwari,42,Male,Engineering,Software Engineer,63000,6,2015,7.3,Active,Kanpur
4182,Priya Tiwari,34,Female,Marketing,Marketing Analyst,68000,12,2017,8.3,Inactive,Lucknow
4183,Amit Tiwari,51,Male,Sales,Sales Executive,61000,5,2017,7.1,On Leave,Gurgaon
4184,Neha Tiwari,53,Female,Finance,Financial Analyst,63000,8,2016,8.1,Active,Gurgaon
4185,Rohan Tiwari,38,Female,HR,HR Manager,89000,0,2016,8.2,Active,Delhi
4186,Arjun Tiwari,33,Female,Finance,Accountant,56000,4,2014,9.8,Active,Chennai
4187,Ananya Tiwari,27,Female,Finance,Financial Analyst,66000,9,2011,7.0,Active,Kanpur
4188,Vikram Tiwari,50,Male,Engineering,Senior Engineer,106000,25,2020,6.4,On Leave,Lucknow
4189,Sneha Tiwari,55,Male,Engineering,DevOps Engineer,93000,19,2015,7.5,On Leave,Kanpur
4190,Karan Tiwari,25,Female,Engineering,Tech Lead,133000,5,2024,7.5,Active,Delhi
4191,Pooja Tiwari,36,Female,Engineering,Data Engineer,93000,12,2024,9.2,Active,Bangalore
4192,Aditya Tiwari,29,Female,Marketing,Marketing Executive,64000,11,2020,8.5,Active,Kanpur
4193,Nikhil Tiwari,29,Female,Finance,Accountant,73000,9,2018,5.9,On Leave,Lucknow
4194,Kavya Tiwari,41,Male,Marketing,Marketing Analyst,83000,14,2022,8.6,Active,Noida
4195,Riya Tiwari,55,Male,Marketing,Marketing Analyst,75000,27,2020,8.9,Inactive,Kanpur
4196,Sahil Tiwari,26,Male,Sales,Sales Manager,91000,5,2024,5.7,Active,Hyderabad
4197,Simran Tiwari,33,Male,Engineering,Software Engineer,79000,12,2019,5.8,Active,Pune
4198,Manish Tiwari,45,Male,Sales,Sales Manager,80000,3,2023,8.5,Active,Kanpur
4199,Aarav Tiwari,49,Male,Engineering,Senior Engineer,82000,4,2017,7.8,Active,Delhi
4200,Ishita Tiwari,31,Female,Sales,Business Development Executive,73000,0,2022,7.1,Active,Bangalore
4201,Ravi Tiwari,22,Male,Marketing,Marketing Executive,55000,1,2018,9.9,Active,Pune
4202,Meera Tiwari,51,Female,Marketing,Digital Marketing Manager,77000,0,2010,7.0,On Leave,Chennai
4203,Varun Tiwari,39,Male,Sales,Sales Manager,97000,6,2025,6.6,Active,Chennai
4204,Shreya Tiwari,33,Female,Engineering,Data Engineer,86000,7,2010,6.4,Active,Noida
4205,Akash Tiwari,55,Female,HR,Talent Acquisition Specialist,67000,15,2011,7.6,Active,Noida
4206,Tanvi Tiwari,28,Male,HR,HR Manager,79000,0,2013,9.8,On Leave,Pune
4207,Yash Tiwari,47,Male,Finance,Senior Financial Analyst,107000,4,2026,8.4,Active,Noida
4208,Nandini Tiwari,24,Female,Engineering,Software Engineer,86000,4,2019,5.6,Active,Chennai
4209,Mohit Tiwari,21,Male,Engineering,Software Engineer,79000,0,2011,7.3,Active,Hyderabad
4210,Divya Tiwari,37,Female,Marketing,Digital Marketing Manager,85000,12,2019,6.4,On Leave,Gurgaon
4211,Rahul Joshi,35,Male,Engineering,DevOps Engineer,110000,18,2018,6.1,Active,Hyderabad
4212,Priya Joshi,45,Male,Engineering,DevOps Engineer,84000,15,2014,6.0,Active,Lucknow
4213,Amit Joshi,29,Female,Sales,Business Development Executive,62000,10,2015,8.2,Active,Gurgaon
4214,Neha Joshi,23,Female,Finance,Accountant,55000,3,2010,5.8,Active,Delhi
4215,Rohan Joshi,32,Male,Sales,Sales Manager,104000,10,2011,8.8,Active,Noida
4216,Arjun Joshi,55,Female,Marketing,Digital Marketing Manager,97000,22,2024,9.3,Active,Pune
4217,Ananya Joshi,31,Male,Engineering,Senior Engineer,100000,10,2010,7.8,On Leave,Chennai
4218,Vikram Joshi,34,Male,Marketing,Marketing Analyst,65000,17,2016,7.6,Active,Pune
4219,Sneha Joshi,36,Male,Sales,Business Development Executive,58000,5,2024,5.9,Active,Mumbai
4220,Karan Joshi,53,Female,Engineering,Data Engineer,78000,5,2021,7.8,Active,Delhi
4221,Pooja Joshi,35,Female,Engineering,Software Engineer,87000,7,2025,5.3,Active,Chennai
4222,Aditya Joshi,46,Male,Marketing,Marketing Analyst,57000,26,2014,8.8,On Leave,Kanpur
4223,Nikhil Joshi,30,Female,Marketing,Marketing Analyst,81000,8,2024,5.2,Active,Bangalore
4224,Kavya Joshi,36,Female,HR,HR Manager,66000,0,2022,7.4,Active,Gurgaon
4225,Riya Joshi,31,Female,Sales,Sales Manager,76000,8,2022,6.7,On Leave,Delhi
4226,Sahil Joshi,33,Female,Finance,Accountant,73000,12,2023,9.7,Active,Delhi
4227,Simran Joshi,40,Female,HR,HR Manager,88000,10,2015,7.2,Active,Lucknow
4228,Manish Joshi,54,Male,HR,HR Manager,74000,17,2023,8.5,On Leave,Hyderabad
4229,Aarav Joshi,27,Female,Engineering,Tech Lead,143000,1,2023,9.5,Active,Noida
4230,Ishita Joshi,43,Female,Finance,Senior Financial Analyst,103000,2,2019,7.5,Active,Hyderabad
4231,Ravi Joshi,24,Male,Sales,Sales Executive,60000,6,2016,10.0,On Leave,Mumbai
4232,Meera Joshi,37,Female,Finance,Accountant,47000,13,2015,6.6,Inactive,Kanpur
4233,Varun Joshi,36,Female,Finance,Accountant,69000,20,2021,6.0,Active,Mumbai
4234,Shreya Joshi,55,Male,HR,HR Executive,50000,18,2021,6.4,Active,Kanpur
4235,Akash Joshi,42,Male,Finance,Senior Financial Analyst,106000,2,2026,7.0,Active,Kanpur
4236,Tanvi Joshi,33,Female,Finance,Accountant,69000,5,2014,5.4,Active,Noida
4237,Yash Joshi,45,Female,HR,Talent Acquisition Specialist,68000,24,2026,7.9,Active,Lucknow
4238,Nandini Joshi,51,Male,HR,HR Executive,61000,13,2025,6.0,Active,Lucknow
4239,Mohit Joshi,51,Male,Marketing,Digital Marketing Manager,82000,17,2023,7.9,On Leave,Delhi
4240,Divya Joshi,30,Male,Sales,Sales Manager,71000,2,2015,5.7,Active,Kanpur
4241,Rahul Sinha,46,Female,Finance,Financial Analyst,66000,5,2013,6.4,Active,Delhi
4242,Priya Sinha,55,Male,HR,HR Manager,100000,19,2017,6.3,Active,Mumbai
4243,Amit Sinha,43,Male,HR,HR Executive,47000,12,2015,7.2,Active,Lucknow
4244,Neha Sinha,21,Female,Marketing,Digital Marketing Manager,106000,2,2022,7.2,Active,Noida
4245,Rohan Sinha,48,Female,HR,HR Executive,46000,20,2014,5.3,Active,Noida
4246,Arjun Sinha,47,Male,Sales,Sales Manager,90000,29,2019,6.5,Active,Noida
4247,Ananya Sinha,55,Female,HR,HR Executive,59000,5,2015,7.7,Active,Gurgaon
4248,Vikram Sinha,39,Male,Marketing,Digital Marketing Manager,84000,12,2022,5.4,Active,Kanpur
4249,Sneha Sinha,39,Female,Engineering,Software Engineer,75000,12,2015,9.8,Active,Kanpur
4250,Karan Sinha,36,Female,Marketing,Marketing Analyst,75000,6,2011,8.9,Active,Lucknow
4251,Pooja Sinha,26,Male,Engineering,Data Engineer,86000,10,2018,9.3,Active,Mumbai
4252,Aditya Sinha,27,Female,Engineering,Data Engineer,97000,0,2017,7.2,Inactive,Bangalore
4253,Nikhil Sinha,54,Female,Finance,Senior Financial Analyst,95000,8,2012,8.8,Active,Hyderabad
4254,Kavya Sinha,50,Male,Marketing,Marketing Executive,50000,19,2021,8.8,Active,Kanpur
4255,Riya Sinha,53,Female,Sales,Sales Manager,70000,9,2011,8.7,Active,Kanpur
4256,Sahil Sinha,24,Male,Marketing,Marketing Executive,55000,2,2023,8.2,Active,Gurgaon
4257,Simran Sinha,42,Male,Sales,Business Development Executive,52000,6,2022,9.5,Active,Kanpur
4258,Manish Sinha,47,Female,Marketing,Digital Marketing Manager,106000,12,2019,9.9,On Leave,Mumbai
4259,Aarav Sinha,30,Male,Engineering,Data Engineer,93000,14,2011,9.6,Active,Mumbai
4260,Ishita Sinha,54,Male,HR,HR Manager,82000,18,2018,7.3,On Leave,Kanpur
4261,Ravi Sinha,50,Male,HR,Talent Acquisition Specialist,62000,24,2021,5.8,Active,Kanpur
4262,Meera Sinha,43,Male,Engineering,Data Engineer,98000,20,2024,6.3,Active,Mumbai
4263,Varun Sinha,33,Female,Marketing,Marketing Executive,53000,3,2024,6.8,Active,Delhi
4264,Shreya Sinha,31,Male,Finance,Accountant,51000,5,2015,9.1,Active,Noida
4265,Akash Sinha,25,Male,HR,HR Executive,57000,5,2021,5.6,Active,Pune
4266,Tanvi Sinha,21,Female,HR,HR Manager,93000,0,2015,9.8,On Leave,Kanpur
4267,Yash Sinha,51,Male,HR,Talent Acquisition Specialist,49000,23,2018,6.2,Active,Mumbai
4268,Nandini Sinha,24,Female,HR,HR Manager,68000,3,2015,6.3,Active,Bangalore
4269,Mohit Sinha,36,Male,HR,Talent Acquisition Specialist,54000,17,2019,8.8,Inactive,Mumbai
4270,Divya Sinha,51,Female,Marketing,Marketing Analyst,63000,20,2016,5.8,Active,Hyderabad
4271,Rahul Pandey,54,Female,HR,HR Executive,41000,0,2026,8.2,On Leave,Lucknow
4272,Priya Pandey,47,Female,HR,HR Executive,59000,20,2011,9.1,Active,Kanpur
4273,Amit Pandey,38,Male,Sales,Sales Manager,72000,21,2020,9.2,Active,Bangalore
4274,Neha Pandey,34,Male,Marketing,Marketing Executive,48000,14,2011,7.4,Active,Chennai
4275,Rohan Pandey,35,Female,Engineering,Software Engineer,75000,18,2013,9.7,On Leave,Kanpur
4276,Arjun Pandey,22,Female,Finance,Senior Financial Analyst,101000,1,2026,9.6,Active,Hyderabad
4277,Ananya Pandey,52,Female,HR,HR Manager,84000,24,2018,7.0,Inactive,Chennai
4278,Vikram Pandey,29,Female,Marketing,Marketing Analyst,79000,3,2011,9.3,Active,Lucknow
4279,Sneha Pandey,27,Male,Engineering,DevOps Engineer,77000,2,2010,7.2,Active,Noida
4280,Karan Pandey,30,Male,HR,Talent Acquisition Specialist,67000,5,2019,6.5,Active,Hyderabad
4281,Pooja Pandey,28,Female,Engineering,Senior Engineer,106000,6,2020,9.9,Active,Pune
4282,Aditya Pandey,47,Male,Finance,Accountant,47000,17,2016,7.1,Active,Noida
4283,Nikhil Pandey,25,Male,Finance,Financial Analyst,67000,7,2012,6.7,Active,Lucknow
4284,Kavya Pandey,31,Female,Sales,Sales Executive,40000,7,2016,6.2,Active,Pune
4285,Riya Pandey,23,Male,HR,HR Executive,60000,5,2024,6.5,On Leave,Delhi
4286,Sahil Pandey,26,Female,Sales,Business Development Executive,77000,4,2019,9.9,Active,Chennai
4287,Simran Pandey,33,Female,Marketing,Marketing Executive,54000,14,2011,7.3,Active,Lucknow
4288,Manish Pandey,44,Female,Marketing,Marketing Analyst,74000,26,2025,6.2,Active,Kanpur
4289,Aarav Pandey,33,Female,Engineering,Tech Lead,126000,8,2016,7.7,On Leave,Gurgaon
4290,Ishita Pandey,27,Male,Sales,Business Development Executive,46000,0,2019,8.5,Active,Hyderabad
4291,Ravi Pandey,48,Male,Finance,Financial Analyst,52000,19,2025,9.0,On Leave,Noida
4292,Meera Pandey,53,Male,Marketing,Marketing Executive,67000,14,2023,6.9,Active,Bangalore
4293,Varun Pandey,35,Male,HR,HR Manager,70000,13,2013,6.3,On Leave,Chennai
4294,Shreya Pandey,47,Female,Engineering,Senior Engineer,105000,14,2020,8.5,Active,Delhi
4295,Akash Pandey,30,Female,Sales,Sales Executive,45000,13,2025,9.6,Active,Gurgaon
4296,Tanvi Pandey,25,Female,Marketing,Marketing Executive,66000,9,2026,5.5,Active,Noida
4297,Yash Pandey,42,Female,HR,HR Manager,80000,11,2011,6.1,On Leave,Mumbai
4298,Nandini Pandey,28,Male,Finance,Senior Financial Analyst,101000,8,2025,7.5,Active,Gurgaon
4299,Mohit Pandey,37,Female,Sales,Business Development Executive,51000,8,2018,5.0,Active,Lucknow
4300,Divya Pandey,23,Male,Finance,Senior Financial Analyst,78000,7,2014,8.9,Inactive,Kanpur
4301,Rahul Sharma,48,Male,Engineering,Data Engineer,110000,9,2025,7.9,Active,Bangalore
4302,Priya Sharma,32,Male,Finance,Accountant,71000,16,2019,7.3,Active,Lucknow
4303,Amit Sharma,37,Female,Marketing,Digital Marketing Manager,109000,18,2014,5.6,On Leave,Gurgaon
4304,Neha Sharma,51,Female,HR,HR Manager,92000,22,2020,7.2,Inactive,Noida
4305,Rohan Sharma,50,Male,Sales,Business Development Executive,61000,26,2025,9.6,On Leave,Hyderabad
4306,Arjun Sharma,33,Female,Finance,Accountant,68000,4,2011,8.5,Active,Delhi
4307,Ananya Sharma,41,Female,Marketing,Marketing Executive,66000,6,2013,6.4,Active,Kanpur
4308,Vikram Sharma,37,Male,HR,HR Manager,90000,1,2011,6.5,Active,Delhi
4309,Sneha Sharma,47,Male,Marketing,Marketing Analyst,70000,21,2021,7.4,Inactive,Chennai
4310,Karan Sharma,28,Female,Marketing,Digital Marketing Manager,101000,2,2013,7.1,Active,Hyderabad
4311,Pooja Sharma,21,Male,Finance,Financial Analyst,80000,3,2015,8.4,Active,Noida
4312,Aditya Sharma,27,Male,Marketing,Marketing Analyst,68000,7,2014,9.2,Active,Bangalore
4313,Nikhil Sharma,43,Male,HR,HR Executive,53000,9,2017,6.6,Active,Pune
4314,Kavya Sharma,38,Female,HR,HR Manager,92000,15,2011,6.9,Active,Noida
4315,Riya Sharma,31,Male,HR,HR Manager,66000,1,2022,6.6,Active,Hyderabad
4316,Sahil Sharma,23,Male,Marketing,Marketing Executive,53000,2,2018,8.5,On Leave,Chennai
4317,Simran Sharma,35,Female,HR,HR Executive,62000,2,2011,6.9,Active,Hyderabad
4318,Manish Sharma,39,Female,Engineering,Tech Lead,110000,20,2015,5.8,Inactive,Delhi
4319,Aarav Sharma,47,Male,Finance,Financial Analyst,72000,18,2017,9.7,Active,Pune
4320,Ishita Sharma,25,Male,Sales,Business Development Executive,46000,7,2021,6.2,Inactive,Kanpur
4321,Ravi Sharma,42,Female,HR,HR Executive,44000,14,2017,8.9,Active,Noida
4322,Meera Sharma,45,Female,Finance,Senior Financial Analyst,99000,9,2014,5.6,Active,Chennai
4323,Varun Sharma,21,Male,Finance,Accountant,57000,5,2025,6.8,Inactive,Gurgaon
4324,Shreya Sharma,44,Female,Sales,Sales Manager,100000,1,2025,6.4,Active,Mumbai
4325,Akash Sharma,42,Female,Sales,Business Development Executive,73000,21,2015,7.8,Active,Pune
4326,Tanvi Sharma,36,Male,Marketing,Marketing Executive,46000,10,2022,6.7,Active,Hyderabad
4327,Yash Sharma,26,Male,Sales,Sales Manager,89000,7,2012,7.4,Active,Gurgaon
4328,Nandini Sharma,42,Female,Engineering,Senior Engineer,110000,6,2016,8.8,Active,Hyderabad
4329,Mohit Sharma,54,Female,Engineering,Software Engineer,80000,20,2025,8.4,Active,Lucknow
4330,Divya Sharma,47,Male,Engineering,Data Engineer,88000,24,2022,6.6,Inactive,Pune
4331,Rahul Verma,42,Female,HR,HR Executive,44000,7,2018,5.2,Active,Delhi
4332,Priya Verma,21,Male,Finance,Accountant,68000,0,2013,7.9,Active,Gurgaon
4333,Amit Verma,55,Male,Engineering,DevOps Engineer,109000,8,2018,7.2,Active,Lucknow
4334,Neha Verma,28,Female,HR,HR Manager,99000,12,2013,8.8,Active,Kanpur
4335,Rohan Verma,21,Female,Engineering,Tech Lead,129000,4,2010,9.3,Inactive,Noida
4336,Arjun Verma,23,Female,Finance,Financial Analyst,63000,1,2016,8.6,Active,Kanpur
4337,Ananya Verma,28,Female,Engineering,Tech Lead,120000,11,2017,9.8,Active,Pune
4338,Vikram Verma,23,Female,Engineering,Senior Engineer,84000,2,2013,8.5,Active,Pune
4339,Sneha Verma,22,Female,Engineering,Senior Engineer,99000,1,2023,9.1,Active,Bangalore
4340,Karan Verma,53,Male,HR,Talent Acquisition Specialist,67000,3,2021,7.0,Active,Chennai
4341,Pooja Verma,38,Male,Sales,Business Development Executive,62000,19,2020,9.2,Active,Gurgaon
4342,Aditya Verma,30,Female,HR,HR Executive,43000,0,2018,6.8,Inactive,Hyderabad
4343,Nikhil Verma,52,Female,Engineering,Data Engineer,96000,22,2021,9.3,Inactive,Delhi
4344,Kavya Verma,34,Male,Finance,Accountant,65000,0,2021,6.5,Inactive,Gurgaon
4345,Riya Verma,46,Male,Engineering,Data Engineer,88000,9,2021,7.6,Active,Gurgaon
4346,Sahil Verma,41,Female,HR,HR Executive,47000,6,2010,10.0,Inactive,Noida
4347,Simran Verma,52,Male,Finance,Financial Analyst,62000,12,2023,9.5,Active,Gurgaon
4348,Manish Verma,44,Female,Finance,Senior Financial Analyst,91000,26,2020,5.6,Active,Hyderabad
4349,Aarav Verma,53,Male,Sales,Sales Executive,50000,6,2011,6.8,Active,Lucknow
4350,Ishita Verma,30,Male,Marketing,Digital Marketing Manager,105000,10,2021,7.9,Active,Gurgaon
4351,Ravi Verma,45,Female,Marketing,Digital Marketing Manager,83000,11,2015,8.3,Active,Bangalore
4352,Meera Verma,50,Male,HR,HR Executive,48000,13,2023,5.4,Active,Hyderabad
4353,Varun Verma,35,Female,Engineering,DevOps Engineer,83000,8,2021,8.2,Active,Noida
4354,Shreya Verma,23,Female,HR,Talent Acquisition Specialist,46000,2,2012,7.5,Active,Kanpur
4355,Akash Verma,47,Male,Sales,Sales Manager,89000,4,2010,8.7,Active,Gurgaon
4356,Tanvi Verma,39,Female,Marketing,Marketing Executive,57000,8,2016,5.5,On Leave,Lucknow
4357,Yash Verma,36,Male,Engineering,Software Engineer,84000,19,2016,9.7,Active,Delhi
4358,Nandini Verma,54,Female,Marketing,Marketing Analyst,83000,13,2011,7.1,Active,Lucknow
4359,Mohit Verma,51,Male,HR,HR Executive,63000,15,2013,8.3,Active,Kanpur
4360,Divya Verma,35,Female,Finance,Financial Analyst,81000,16,2015,5.1,Active,Noida
4361,Rahul Singh,49,Male,Marketing,Digital Marketing Manager,93000,15,2017,9.3,Active,Lucknow
4362,Priya Singh,30,Male,Finance,Financial Analyst,65000,2,2014,6.3,Active,Chennai
4363,Amit Singh,51,Female,HR,HR Manager,95000,14,2018,7.2,Active,Bangalore
4364,Neha Singh,27,Male,Sales,Business Development Executive,68000,10,2015,5.5,Inactive,Noida
4365,Rohan Singh,40,Male,Engineering,Senior Engineer,105000,13,2016,7.9,Active,Noida
4366,Arjun Singh,52,Female,Sales,Sales Manager,77000,17,2010,7.3,Inactive,Gurgaon
4367,Ananya Singh,36,Female,Sales,Business Development Executive,65000,11,2024,5.3,Active,Mumbai
4368,Vikram Singh,32,Male,Finance,Financial Analyst,59000,16,2011,10.0,Inactive,Lucknow
4369,Sneha Singh,47,Female,Marketing,Digital Marketing Manager,101000,2,2019,8.7,Active,Chennai
4370,Karan Singh,54,Female,Engineering,DevOps Engineer,107000,21,2026,6.1,Active,Delhi
4371,Pooja Singh,35,Female,Finance,Accountant,69000,18,2019,9.9,Active,Delhi
4372,Aditya Singh,28,Male,Sales,Sales Manager,94000,11,2015,9.8,Active,Kanpur
4373,Nikhil Singh,26,Female,Finance,Senior Financial Analyst,89000,9,2025,7.9,Active,Mumbai
4374,Kavya Singh,53,Female,Sales,Sales Manager,88000,29,2019,8.4,Active,Chennai
4375,Riya Singh,30,Male,HR,HR Executive,41000,12,2013,8.9,Active,Lucknow
4376,Sahil Singh,32,Female,Marketing,Digital Marketing Manager,97000,16,2011,5.9,Active,Chennai
4377,Simran Singh,41,Female,Finance,Financial Analyst,67000,18,2011,7.2,Active,Kanpur
4378,Manish Singh,53,Female,Engineering,Tech Lead,136000,0,2021,9.5,Active,Bangalore
4379,Aarav Singh,51,Female,Finance,Accountant,68000,27,2022,6.7,Active,Gurgaon
4380,Ishita Singh,40,Female,HR,HR Executive,51000,16,2013,5.6,Active,Hyderabad
4381,Ravi Singh,25,Female,HR,HR Manager,78000,2,2017,6.2,Active,Hyderabad
4382,Meera Singh,49,Female,Marketing,Marketing Analyst,70000,21,2016,9.5,Active,Bangalore
4383,Varun Singh,45,Female,Finance,Accountant,73000,25,2025,5.2,Active,Kanpur
4384,Shreya Singh,40,Female,Sales,Sales Manager,104000,22,2012,5.0,Inactive,Delhi
4385,Akash Singh,32,Female,Engineering,Data Engineer,76000,16,2011,9.2,Inactive,Pune
4386,Tanvi Singh,47,Male,Marketing,Digital Marketing Manager,88000,19,2025,9.0,On Leave,Delhi
4387,Yash Singh,50,Female,HR,HR Manager,80000,3,2021,7.1,Active,Mumbai
4388,Nandini Singh,24,Female,HR,HR Manager,78000,3,2022,8.6,On Leave,Hyderabad
4389,Mohit Singh,55,Male,Marketing,Marketing Analyst,62000,14,2020,7.4,Active,Delhi
4390,Divya Singh,24,Female,HR,Talent Acquisition Specialist,68000,7,2017,9.1,On Leave,Lucknow
4391,Rahul Gupta,47,Female,Engineering,Senior Engineer,105000,23,2012,8.0,Active,Gurgaon
4392,Priya Gupta,34,Male,HR,HR Executive,59000,12,2022,9.3,Inactive,Hyderabad
4393,Amit Gupta,46,Female,Finance,Senior Financial Analyst,90000,22,2011,5.3,Active,Hyderabad
4394,Neha Gupta,46,Female,Marketing,Marketing Executive,46000,28,2011,6.0,Active,Delhi
4395,Rohan Gupta,24,Female,Engineering,Data Engineer,87000,5,2011,7.6,On Leave,Kanpur
4396,Arjun Gupta,40,Male,Engineering,Software Engineer,67000,16,2021,9.4,Active,Chennai
4397,Ananya Gupta,36,Male,Marketing,Marketing Analyst,60000,19,2025,8.8,Active,Gurgaon
4398,Vikram Gupta,55,Female,Marketing,Marketing Analyst,70000,12,2011,6.8,Active,Gurgaon
4399,Sneha Gupta,23,Male,Engineering,Senior Engineer,119000,7,2022,6.6,Active,Bangalore
4400,Karan Gupta,51,Male,Engineering,Senior Engineer,118000,0,2017,8.9,On Leave,Mumbai
4401,Pooja Gupta,29,Female,Sales,Business Development Executive,58000,6,2025,7.1,Active,Mumbai
4402,Aditya Gupta,48,Female,Sales,Business Development Executive,64000,24,2012,7.5,Active,Bangalore
4403,Nikhil Gupta,25,Female,Finance,Financial Analyst,75000,8,2012,9.0,Active,Chennai
4404,Kavya Gupta,48,Male,Finance,Senior Financial Analyst,85000,21,2014,8.5,Active,Bangalore
4405,Riya Gupta,55,Male,Sales,Sales Manager,67000,10,2023,5.0,Active,Bangalore
4406,Sahil Gupta,32,Female,HR,HR Manager,74000,7,2024,5.5,Active,Mumbai
4407,Simran Gupta,43,Female,Sales,Business Development Executive,72000,25,2019,9.7,Active,Lucknow
4408,Manish Gupta,52,Female,Marketing,Marketing Analyst,77000,8,2021,5.2,Active,Noida
4409,Aarav Gupta,36,Male,Engineering,Software Engineer,78000,3,2021,7.6,Active,Noida
4410,Ishita Gupta,51,Male,Marketing,Digital Marketing Manager,90000,10,2021,8.7,Active,Delhi
4411,Ravi Gupta,21,Female,Sales,Sales Executive,44000,2,2010,7.4,Active,Lucknow
4412,Meera Gupta,37,Female,Marketing,Marketing Executive,64000,15,2016,7.7,Active,Noida
4413,Varun Gupta,48,Female,HR,HR Manager,84000,12,2022,6.2,Active,Lucknow
4414,Shreya Gupta,49,Male,Finance,Accountant,64000,14,2023,6.0,Active,Bangalore
4415,Akash Gupta,30,Male,Marketing,Marketing Executive,61000,12,2013,6.7,Active,Chennai
4416,Tanvi Gupta,39,Female,Sales,Business Development Executive,78000,6,2017,9.9,Active,Bangalore
4417,Yash Gupta,28,Female,Finance,Financial Analyst,71000,9,2010,7.4,Active,Kanpur
4418,Nandini Gupta,51,Female,Sales,Sales Manager,76000,27,2012,6.8,Active,Chennai
4419,Mohit Gupta,36,Male,Marketing,Marketing Executive,64000,13,2020,8.0,Active,Lucknow
4420,Divya Gupta,52,Male,HR,HR Manager,94000,23,2021,8.1,Active,Noida
4421,Rahul Kumar,43,Female,Marketing,Marketing Analyst,72000,16,2021,7.3,Active,Gurgaon
4422,Priya Kumar,55,Female,Finance,Senior Financial Analyst,101000,8,2012,6.2,Active,Bangalore
4423,Amit Kumar,42,Female,Finance,Senior Financial Analyst,106000,15,2025,6.2,Active,Delhi
4424,Neha Kumar,30,Female,Sales,Sales Manager,99000,3,2024,6.8,Inactive,Delhi
4425,Rohan Kumar,26,Female,Sales,Business Development Executive,76000,8,2020,7.5,On Leave,Noida
4426,Arjun Kumar,35,Male,HR,Talent Acquisition Specialist,46000,4,2010,6.6,Active,Lucknow
4427,Ananya Kumar,43,Female,Engineering,Data Engineer,85000,23,2022,7.8,Active,Hyderabad
4428,Vikram Kumar,25,Female,HR,HR Manager,85000,9,2015,7.0,On Leave,Chennai
4429,Sneha Kumar,27,Male,HR,Talent Acquisition Specialist,53000,2,2017,8.9,Active,Hyderabad
4430,Karan Kumar,36,Female,Finance,Financial Analyst,74000,6,2025,9.7,On Leave,Noida
4431,Pooja Kumar,22,Male,Marketing,Marketing Executive,62000,4,2015,8.0,Inactive,Noida
4432,Aditya Kumar,52,Male,Marketing,Digital Marketing Manager,91000,17,2025,8.9,Active,Mumbai
4433,Nikhil Kumar,50,Female,Marketing,Marketing Executive,47000,27,2025,6.1,Active,Noida
4434,Kavya Kumar,36,Female,Marketing,Marketing Analyst,56000,13,2025,7.5,Active,Hyderabad
4435,Riya Kumar,21,Female,Finance,Senior Financial Analyst,99000,0,2011,8.5,Active,Bangalore
4436,Sahil Kumar,22,Male,Engineering,Software Engineer,74000,5,2017,8.4,Active,Hyderabad
4437,Simran Kumar,30,Female,Sales,Sales Executive,51000,7,2019,6.2,Active,Lucknow
4438,Manish Kumar,26,Female,Marketing,Marketing Analyst,59000,5,2012,7.2,Active,Noida
4439,Aarav Kumar,49,Female,Finance,Accountant,55000,5,2012,8.4,Inactive,Noida
4440,Ishita Kumar,40,Male,Marketing,Marketing Analyst,78000,0,2020,8.5,On Leave,Hyderabad
4441,Ravi Kumar,33,Male,Finance,Accountant,66000,12,2025,7.2,Active,Gurgaon
4442,Meera Kumar,44,Male,Marketing,Digital Marketing Manager,72000,1,2021,9.0,On Leave,Pune
4443,Varun Kumar,47,Female,HR,HR Executive,44000,14,2013,6.9,Active,Chennai
4444,Shreya Kumar,22,Male,HR,HR Manager,99000,6,2020,7.2,On Leave,Noida
4445,Akash Kumar,30,Female,Finance,Accountant,64000,1,2015,5.4,Active,Chennai
4446,Tanvi Kumar,36,Female,Marketing,Digital Marketing Manager,83000,0,2011,7.7,Active,Noida
4447,Yash Kumar,37,Male,Sales,Sales Executive,68000,21,2023,7.1,Active,Noida
4448,Nandini Kumar,46,Female,Finance,Accountant,59000,13,2011,7.4,Active,Hyderabad
4449,Mohit Kumar,43,Female,HR,Talent Acquisition Specialist,75000,14,2020,5.5,Active,Chennai
4450,Divya Kumar,51,Male,HR,HR Manager,66000,28,2019,5.9,Active,Noida
4451,Rahul Chauhan,53,Female,Engineering,Software Engineer,81000,17,2020,7.6,Active,Hyderabad
4452,Priya Chauhan,52,Male,Finance,Senior Financial Analyst,106000,16,2014,7.6,Active,Delhi
4453,Amit Chauhan,22,Female,Finance,Financial Analyst,74000,6,2011,8.7,Inactive,Lucknow
4454,Neha Chauhan,36,Male,Marketing,Marketing Analyst,55000,3,2026,7.1,Active,Delhi
4455,Rohan Chauhan,26,Male,Finance,Accountant,58000,5,2023,6.2,Active,Lucknow
4456,Arjun Chauhan,49,Female,Finance,Financial Analyst,53000,21,2011,6.7,Active,Noida
4457,Ananya Chauhan,29,Female,Marketing,Marketing Executive,58000,2,2011,6.6,Active,Gurgaon
4458,Vikram Chauhan,36,Male,Marketing,Digital Marketing Manager,93000,10,2026,9.6,Active,Pune
4459,Sneha Chauhan,34,Male,HR,HR Manager,84000,17,2025,9.4,Active,Hyderabad
4460,Karan Chauhan,53,Male,Engineering,Data Engineer,73000,29,2026,6.2,Active,Lucknow
4461,Pooja Chauhan,32,Female,Finance,Accountant,66000,8,2023,8.5,Active,Kanpur
4462,Aditya Chauhan,23,Female,Finance,Senior Financial Analyst,89000,0,2010,8.5,On Leave,Noida
4463,Nikhil Chauhan,55,Female,Marketing,Marketing Analyst,76000,25,2015,5.5,Active,Gurgaon
4464,Kavya Chauhan,45,Female,Marketing,Marketing Executive,64000,3,2026,6.1,Active,Kanpur
4465,Riya Chauhan,53,Male,Engineering,Data Engineer,97000,30,2013,9.5,Active,Noida
4466,Sahil Chauhan,39,Male,Sales,Sales Executive,62000,12,2015,6.8,Active,Lucknow
4467,Simran Chauhan,41,Female,Marketing,Marketing Analyst,60000,8,2021,6.2,Active,Hyderabad
4468,Manish Chauhan,35,Female,Engineering,Senior Engineer,109000,13,2022,7.0,Active,Bangalore
4469,Aarav Chauhan,43,Female,Sales,Sales Manager,97000,15,2018,5.2,Active,Gurgaon
4470,Ishita Chauhan,53,Male,Marketing,Marketing Executive,60000,19,2017,5.4,Active,Chennai
4471,Ravi Chauhan,27,Male,Engineering,Tech Lead,106000,6,2022,6.3,Inactive,Lucknow
4472,Meera Chauhan,49,Female,Marketing,Marketing Analyst,56000,2,2018,8.8,Active,Pune
4473,Varun Chauhan,37,Male,Finance,Accountant,67000,9,2026,8.0,Active,Gurgaon
4474,Shreya Chauhan,39,Male,Finance,Senior Financial Analyst,81000,23,2013,9.7,On Leave,Noida
4475,Akash Chauhan,23,Male,Sales,Business Development Executive,77000,4,2023,5.1,Active,Noida
4476,Tanvi Chauhan,33,Male,HR,Talent Acquisition Specialist,58000,14,2020,6.6,Active,Chennai
4477,Yash Chauhan,47,Female,Marketing,Marketing Analyst,77000,0,2013,7.2,On Leave,Lucknow
4478,Nandini Chauhan,21,Female,Marketing,Digital Marketing Manager,78000,1,2016,6.0,Active,Hyderabad
4479,Mohit Chauhan,42,Female,Engineering,DevOps Engineer,83000,12,2014,8.6,On Leave,Mumbai
4480,Divya Chauhan,55,Male,Engineering,Tech Lead,118000,8,2012,7.9,Active,Bangalore
4481,Rahul Patel,44,Female,HR,HR Manager,87000,24,2010,7.0,Active,Kanpur
4482,Priya Patel,53,Male,Finance,Accountant,74000,28,2026,8.5,Active,Chennai
4483,Amit Patel,25,Male,Marketing,Marketing Executive,52000,2,2019,8.5,Active,Gurgaon
4484,Neha Patel,34,Male,Sales,Sales Executive,64000,15,2017,7.0,Active,Mumbai
4485,Rohan Patel,36,Female,Marketing,Marketing Executive,60000,4,2024,7.2,Active,Gurgaon
4486,Arjun Patel,42,Female,Sales,Sales Executive,59000,16,2019,7.7,Active,Chennai
4487,Ananya Patel,39,Male,HR,Talent Acquisition Specialist,54000,18,2018,8.9,Active,Chennai
4488,Vikram Patel,43,Female,Marketing,Marketing Executive,69000,20,2022,7.5,Active,Gurgaon
4489,Sneha Patel,21,Female,Finance,Financial Analyst,76000,5,2023,8.2,Active,Bangalore
4490,Karan Patel,23,Male,Engineering,Data Engineer,78000,3,2016,7.4,Active,Hyderabad
4491,Pooja Patel,36,Male,Engineering,Senior Engineer,116000,9,2017,6.0,Active,Delhi
4492,Aditya Patel,53,Male,Engineering,Data Engineer,96000,0,2018,5.8,Active,Noida
4493,Nikhil Patel,24,Female,Sales,Sales Executive,56000,1,2026,9.8,Active,Hyderabad
4494,Kavya Patel,38,Female,HR,Talent Acquisition Specialist,61000,21,2013,7.4,Active,Delhi
4495,Riya Patel,41,Female,Engineering,Software Engineer,82000,18,2022,5.1,Active,Bangalore
4496,Sahil Patel,36,Male,Finance,Financial Analyst,69000,12,2022,9.8,Active,Bangalore
4497,Simran Patel,30,Male,Marketing,Digital Marketing Manager,110000,4,2014,9.7,Inactive,Delhi
4498,Manish Patel,30,Female,Marketing,Digital Marketing Manager,77000,13,2017,5.2,Active,Delhi
4499,Aarav Patel,24,Female,Finance,Financial Analyst,55000,8,2020,9.2,On Leave,Chennai
4500,Ishita Patel,22,Male,HR,Talent Acquisition Specialist,65000,3,2026,5.2,Inactive,Chennai
4501,Ravi Patel,43,Female,Marketing,Digital Marketing Manager,96000,5,2023,5.2,Active,Pune
4502,Meera Patel,26,Female,Sales,Business Development Executive,56000,6,2013,5.2,Inactive,Chennai
4503,Varun Patel,33,Female,Sales,Business Development Executive,75000,1,2012,8.8,Active,Mumbai
4504,Shreya Patel,21,Female,HR,HR Executive,42000,4,2020,5.9,Active,Chennai
4505,Akash Patel,21,Female,HR,Talent Acquisition Specialist,54000,5,2025,7.6,Active,Chennai
4506,Tanvi Patel,54,Male,Sales,Business Development Executive,56000,22,2012,5.8,Active,Delhi
4507,Yash Patel,42,Male,HR,Talent Acquisition Specialist,71000,5,2016,5.7,Active,Bangalore
4508,Nandini Patel,41,Female,Engineering,Software Engineer,70000,8,2017,7.4,On Leave,Lucknow
4509,Mohit Patel,36,Female,Engineering,DevOps Engineer,105000,20,2022,6.8,Active,Noida
4510,Divya Patel,24,Female,Marketing,Digital Marketing Manager,108000,0,2015,8.8,Active,Pune
4511,Rahul Mishra,54,Male,Marketing,Marketing Analyst,67000,7,2021,6.4,Inactive,Noida
4512,Priya Mishra,36,Female,Marketing,Marketing Analyst,56000,17,2010,8.7,Inactive,Gurgaon
4513,Amit Mishra,24,Male,Engineering,Data Engineer,79000,3,2013,9.0,Active,Gurgaon
4514,Neha Mishra,53,Male,Finance,Financial Analyst,64000,0,2017,9.0,Active,Pune
4515,Rohan Mishra,47,Female,Engineering,Software Engineer,62000,8,2012,7.0,Active,Gurgaon
4516,Arjun Mishra,33,Male,Finance,Financial Analyst,50000,6,2023,9.9,On Leave,Pune
4517,Ananya Mishra,24,Female,Engineering,Data Engineer,88000,3,2014,7.0,Inactive,Mumbai
4518,Vikram Mishra,28,Male,Engineering,Tech Lead,98000,6,2014,5.5,Active,Delhi
4519,Sneha Mishra,49,Female,Sales,Business Development Executive,64000,3,2020,9.6,Active,Hyderabad
4520,Karan Mishra,28,Male,Sales,Sales Manager,67000,9,2012,5.0,On Leave,Hyderabad
4521,Pooja Mishra,47,Male,Marketing,Marketing Executive,66000,24,2021,9.0,Inactive,Hyderabad
4522,Aditya Mishra,44,Male,Marketing,Marketing Analyst,63000,2,2021,6.3,Active,Kanpur
4523,Nikhil Mishra,30,Female,HR,Talent Acquisition Specialist,71000,11,2022,10.0,Active,Pune
4524,Kavya Mishra,41,Male,Marketing,Marketing Executive,51000,23,2019,9.8,Active,Chennai
4525,Riya Mishra,49,Female,Finance,Financial Analyst,70000,14,2011,7.4,Active,Mumbai
4526,Sahil Mishra,30,Male,Marketing,Digital Marketing Manager,102000,2,2021,7.0,Active,Noida
4527,Simran Mishra,50,Female,Sales,Business Development Executive,79000,30,2013,9.1,Active,Mumbai
4528,Manish Mishra,27,Male,Engineering,Tech Lead,102000,7,2012,6.3,Active,Delhi
4529,Aarav Mishra,31,Female,Sales,Sales Manager,89000,9,2019,7.2,Active,Mumbai
4530,Ishita Mishra,49,Male,Marketing,Digital Marketing Manager,87000,2,2012,8.4,Active,Hyderabad
4531,Ravi Mishra,40,Male,Engineering,DevOps Engineer,93000,10,2025,6.0,Active,Delhi
4532,Meera Mishra,26,Female,Marketing,Marketing Executive,60000,7,2010,5.5,Active,Kanpur
4533,Varun Mishra,28,Male,HR,HR Manager,79000,1,2017,8.3,Active,Delhi
4534,Shreya Mishra,50,Female,Engineering,Senior Engineer,101000,5,2025,6.8,On Leave,Lucknow
4535,Akash Mishra,21,Female,Engineering,DevOps Engineer,74000,0,2020,9.3,Active,Kanpur
4536,Tanvi Mishra,49,Female,HR,HR Manager,70000,17,2013,9.4,Active,Bangalore
4537,Yash Mishra,40,Female,Engineering,Software Engineer,68000,21,2025,9.4,Active,Pune
4538,Nandini Mishra,30,Male,Sales,Sales Executive,44000,4,2017,8.2,On Leave,Lucknow
4539,Mohit Mishra,29,Female,Engineering,Software Engineer,74000,11,2026,7.0,Active,Gurgaon
4540,Divya Mishra,43,Female,Finance,Accountant,50000,3,2017,9.6,Active,Hyderabad
4541,Rahul Agarwal,30,Female,Marketing,Marketing Analyst,69000,1,2018,5.9,Inactive,Delhi
4542,Priya Agarwal,48,Male,Finance,Accountant,71000,24,2020,7.2,Active,Lucknow
4543,Amit Agarwal,27,Female,HR,HR Manager,72000,1,2017,8.2,Active,Mumbai
4544,Neha Agarwal,27,Female,Engineering,Data Engineer,106000,10,2011,7.7,Active,Hyderabad
4545,Rohan Agarwal,49,Male,Marketing,Marketing Executive,49000,23,2026,9.9,Active,Hyderabad
4546,Arjun Agarwal,38,Male,Finance,Senior Financial Analyst,95000,20,2025,6.2,Active,Hyderabad
4547,Ananya Agarwal,51,Male,Marketing,Digital Marketing Manager,101000,7,2011,8.3,Active,Hyderabad
4548,Vikram Agarwal,30,Female,Finance,Financial Analyst,55000,13,2025,5.2,Inactive,Gurgaon
4549,Sneha Agarwal,34,Female,Engineering,Software Engineer,90000,15,2013,8.1,Active,Chennai
4550,Karan Agarwal,38,Male,Engineering,DevOps Engineer,93000,20,2015,6.6,Active,Hyderabad
4551,Pooja Agarwal,23,Male,Marketing,Digital Marketing Manager,80000,5,2026,7.7,Active,Bangalore
4552,Aditya Agarwal,45,Male,Sales,Sales Executive,53000,12,2016,6.4,Active,Delhi
4553,Nikhil Agarwal,26,Male,Finance,Senior Financial Analyst,77000,9,2022,8.7,Active,Gurgaon
4554,Kavya Agarwal,22,Male,Sales,Business Development Executive,49000,4,2022,5.4,Active,Delhi
4555,Riya Agarwal,50,Male,Sales,Sales Manager,104000,29,2014,8.9,On Leave,Mumbai
4556,Sahil Agarwal,36,Female,HR,HR Manager,91000,2,2025,5.7,Active,Mumbai
4557,Simran Agarwal,54,Male,Finance,Senior Financial Analyst,83000,27,2023,8.4,Active,Lucknow
4558,Manish Agarwal,26,Male,Finance,Financial Analyst,83000,3,2025,5.7,Active,Chennai
4559,Aarav Agarwal,35,Male,Finance,Financial Analyst,57000,15,2019,5.1,Active,Kanpur
4560,Ishita Agarwal,49,Female,HR,HR Manager,82000,19,2013,8.2,Active,Gurgaon
4561,Ravi Agarwal,39,Female,Finance,Financial Analyst,72000,4,2014,6.1,On Leave,Kanpur
4562,Meera Agarwal,44,Female,Sales,Sales Manager,97000,11,2017,6.5,Active,Chennai
4563,Varun Agarwal,34,Male,Sales,Sales Manager,95000,14,2014,7.6,Active,Pune
4564,Shreya Agarwal,25,Female,Sales,Sales Executive,43000,2,2017,5.5,Active,Delhi
4565,Akash Agarwal,36,Female,HR,HR Executive,44000,20,2010,6.6,Active,Kanpur
4566,Tanvi Agarwal,32,Female,Marketing,Digital Marketing Manager,88000,8,2026,8.6,On Leave,Bangalore
4567,Yash Agarwal,34,Male,HR,HR Executive,47000,4,2015,7.8,Active,Noida
4568,Nandini Agarwal,41,Male,Marketing,Marketing Executive,70000,22,2019,7.9,On Leave,Mumbai
4569,Mohit Agarwal,51,Male,Sales,Sales Manager,102000,0,2024,7.4,Active,Mumbai
4570,Divya Agarwal,28,Male,Sales,Sales Executive,45000,6,2022,7.6,Active,Gurgaon
4571,Rahul Jain,34,Male,Engineering,Tech Lead,102000,14,2017,9.6,On Leave,Lucknow
4572,Priya Jain,38,Male,Sales,Business Development Executive,61000,22,2010,7.2,Active,Chennai
4573,Amit Jain,35,Female,Engineering,Software Engineer,67000,17,2016,5.3,Active,Lucknow
4574,Neha Jain,46,Male,Finance,Senior Financial Analyst,96000,5,2019,7.2,Active,Kanpur
4575,Rohan Jain,21,Male,HR,HR Manager,86000,2,2026,9.3,Inactive,Noida
4576,Arjun Jain,27,Male,Engineering,DevOps Engineer,72000,10,2015,7.6,Active,Bangalore
4577,Ananya Jain,55,Female,Marketing,Marketing Analyst,74000,8,2015,7.6,Active,Mumbai
4578,Vikram Jain,50,Female,Finance,Senior Financial Analyst,94000,2,2013,9.4,On Leave,Mumbai
4579,Sneha Jain,34,Female,Marketing,Marketing Executive,57000,1,2023,8.4,Active,Pune
4580,Karan Jain,34,Female,Engineering,Software Engineer,79000,7,2012,8.5,Inactive,Gurgaon
4581,Pooja Jain,42,Female,HR,HR Executive,59000,10,2017,6.0,Active,Mumbai
4582,Aditya Jain,37,Male,Engineering,Senior Engineer,112000,21,2025,9.9,Active,Mumbai
4583,Nikhil Jain,52,Male,HR,HR Executive,54000,18,2013,9.4,On Leave,Lucknow
4584,Kavya Jain,44,Male,HR,HR Executive,56000,16,2014,7.0,On Leave,Chennai
4585,Riya Jain,40,Male,Finance,Senior Financial Analyst,93000,4,2025,5.7,On Leave,Hyderabad
4586,Sahil Jain,24,Male,Finance,Financial Analyst,52000,6,2020,6.9,Inactive,Chennai
4587,Simran Jain,28,Female,Engineering,Data Engineer,80000,2,2011,7.4,On Leave,Gurgaon
4588,Manish Jain,22,Male,HR,HR Manager,86000,6,2010,7.8,Active,Pune
4589,Aarav Jain,55,Female,Finance,Senior Financial Analyst,96000,27,2023,9.8,Active,Noida
4590,Ishita Jain,26,Female,Finance,Senior Financial Analyst,87000,7,2011,6.3,Inactive,Hyderabad
4591,Ravi Jain,26,Male,Finance,Senior Financial Analyst,107000,5,2018,7.8,Active,Delhi
4592,Meera Jain,46,Male,Marketing,Marketing Analyst,75000,20,2017,9.6,Active,Mumbai
4593,Varun Jain,37,Male,Engineering,Tech Lead,97000,20,2021,6.9,Active,Gurgaon
4594,Shreya Jain,25,Female,Finance,Senior Financial Analyst,99000,4,2019,5.0,Active,Kanpur
4595,Akash Jain,39,Female,Engineering,Tech Lead,142000,1,2023,9.2,Active,Chennai
4596,Tanvi Jain,45,Male,HR,HR Manager,94000,16,2021,6.8,Active,Noida
4597,Yash Jain,30,Female,Finance,Senior Financial Analyst,103000,13,2014,7.2,Active,Mumbai
4598,Nandini Jain,54,Male,Marketing,Digital Marketing Manager,92000,1,2012,9.9,Active,Delhi
4599,Mohit Jain,45,Male,HR,Talent Acquisition Specialist,67000,11,2021,7.8,Active,Gurgaon
4600,Divya Jain,42,Female,Engineering,Tech Lead,111000,19,2013,9.7,Active,Delhi
4601,Rahul Shah,52,Female,Engineering,Data Engineer,88000,8,2025,9.3,Inactive,Pune
4602,Priya Shah,33,Male,Engineering,Senior Engineer,90000,3,2017,7.9,Active,Kanpur
4603,Amit Shah,31,Female,Finance,Senior Financial Analyst,82000,11,2023,9.6,Active,Gurgaon
4604,Neha Shah,47,Female,Finance,Accountant,62000,9,2015,8.4,Active,Noida
4605,Rohan Shah,35,Male,Sales,Sales Executive,68000,5,2012,9.3,Active,Lucknow
4606,Arjun Shah,38,Female,Sales,Business Development Executive,55000,15,2024,9.9,Active,Lucknow
4607,Ananya Shah,40,Female,Sales,Sales Manager,66000,16,2010,6.9,On Leave,Noida
4608,Vikram Shah,37,Female,HR,Talent Acquisition Specialist,50000,12,2019,7.8,Active,Chennai
4609,Sneha Shah,36,Female,Marketing,Digital Marketing Manager,101000,15,2023,9.3,Active,Mumbai
4610,Karan Shah,49,Male,Engineering,Tech Lead,111000,16,2018,6.8,Active,Noida
4611,Pooja Shah,50,Female,Marketing,Marketing Executive,63000,3,2024,7.2,On Leave,Pune
4612,Aditya Shah,48,Male,Marketing,Marketing Executive,68000,22,2012,8.0,On Leave,Bangalore
4613,Nikhil Shah,45,Male,Finance,Financial Analyst,72000,26,2016,7.2,On Leave,Chennai
4614,Kavya Shah,21,Male,Finance,Senior Financial Analyst,104000,4,2020,5.1,Active,Pune
4615,Riya Shah,34,Female,Marketing,Marketing Analyst,57000,18,2019,8.9,Active,Chennai
4616,Sahil Shah,28,Female,Engineering,Tech Lead,148000,4,2024,9.7,Active,Hyderabad
4617,Simran Shah,22,Female,Engineering,Tech Lead,119000,5,2019,8.1,Active,Gurgaon
4618,Manish Shah,55,Female,Marketing,Marketing Analyst,59000,10,2021,10.0,Active,Lucknow
4619,Aarav Shah,38,Female,Finance,Senior Financial Analyst,97000,17,2020,7.0,On Leave,Pune
4620,Ishita Shah,34,Male,Finance,Accountant,54000,7,2015,8.5,Inactive,Kanpur
4621,Ravi Shah,42,Female,Engineering,Data Engineer,81000,6,2025,5.7,Active,Bangalore
4622,Meera Shah,51,Male,Sales,Sales Manager,98000,12,2025,9.7,Active,Lucknow
4623,Varun Shah,31,Female,Marketing,Marketing Executive,53000,13,2023,9.1,Active,Bangalore
4624,Shreya Shah,50,Male,Finance,Senior Financial Analyst,86000,13,2019,8.5,Active,Chennai
4625,Akash Shah,46,Female,Engineering,Data Engineer,93000,25,2017,7.5,Active,Noida
4626,Tanvi Shah,37,Female,Finance,Senior Financial Analyst,82000,4,2023,7.8,Active,Delhi
4627,Yash Shah,45,Female,Marketing,Digital Marketing Manager,92000,6,2010,9.0,Active,Bangalore
4628,Nandini Shah,43,Female,Engineering,Data Engineer,110000,1,2012,7.1,Active,Kanpur
4629,Mohit Shah,51,Female,Sales,Sales Executive,47000,19,2011,8.3,Active,Delhi
4630,Divya Shah,33,Male,Finance,Accountant,64000,6,2010,6.0,Active,Lucknow
4631,Rahul Mehta,35,Female,Marketing,Digital Marketing Manager,82000,5,2018,5.5,Active,Pune
4632,Priya Mehta,43,Female,Sales,Sales Executive,44000,19,2015,7.1,Active,Mumbai
4633,Amit Mehta,25,Male,Sales,Sales Executive,58000,1,2024,6.3,Inactive,Gurgaon
4634,Neha Mehta,43,Male,Engineering,Senior Engineer,82000,3,2016,7.8,Inactive,Kanpur
4635,Rohan Mehta,44,Female,Marketing,Marketing Analyst,77000,19,2023,5.8,Active,Lucknow
4636,Arjun Mehta,33,Female,HR,Talent Acquisition Specialist,61000,17,2021,9.4,Active,Lucknow
4637,Ananya Mehta,45,Female,Marketing,Digital Marketing Manager,101000,7,2017,8.1,Active,Hyderabad
4638,Vikram Mehta,24,Male,Engineering,Senior Engineer,109000,3,2025,8.4,Active,Chennai
4639,Sneha Mehta,34,Female,Marketing,Marketing Executive,57000,2,2011,6.8,Active,Chennai
4640,Karan Mehta,30,Male,Finance,Accountant,70000,4,2026,8.5,Active,Noida
4641,Pooja Mehta,50,Female,Marketing,Digital Marketing Manager,86000,24,2026,9.3,Active,Bangalore
4642,Aditya Mehta,54,Female,Marketing,Marketing Analyst,60000,30,2026,7.4,Active,Noida
4643,Nikhil Mehta,45,Male,Sales,Sales Executive,42000,29,2019,7.2,Active,Bangalore
4644,Kavya Mehta,45,Female,Sales,Sales Manager,86000,27,2015,5.5,Active,Mumbai
4645,Riya Mehta,25,Male,Engineering,Senior Engineer,81000,8,2019,6.3,Active,Kanpur
4646,Sahil Mehta,50,Female,Engineering,DevOps Engineer,75000,25,2014,6.2,Active,Chennai
4647,Simran Mehta,24,Male,Marketing,Marketing Analyst,69000,2,2026,6.5,Active,Hyderabad
4648,Manish Mehta,41,Male,Engineering,DevOps Engineer,84000,0,2021,9.5,Active,Kanpur
4649,Aarav Mehta,28,Female,Finance,Accountant,55000,11,2021,7.2,Active,Delhi
4650,Ishita Mehta,35,Female,Engineering,Software Engineer,84000,15,2012,6.4,Active,Chennai
4651,Ravi Mehta,44,Male,Engineering,Data Engineer,85000,13,2010,9.7,Active,Chennai
4652,Meera Mehta,34,Male,HR,HR Executive,60000,14,2025,5.4,On Leave,Kanpur
4653,Varun Mehta,27,Male,Finance,Accountant,51000,10,2023,5.4,Active,Noida
4654,Shreya Mehta,31,Male,Finance,Financial Analyst,50000,5,2023,6.0,Active,Lucknow
4655,Akash Mehta,48,Male,Marketing,Marketing Executive,51000,29,2020,9.9,Active,Hyderabad
4656,Tanvi Mehta,55,Male,Engineering,Tech Lead,149000,23,2025,5.3,Active,Kanpur
4657,Yash Mehta,23,Male,Finance,Financial Analyst,55000,4,2020,9.6,Active,Gurgaon
4658,Nandini Mehta,41,Female,Marketing,Marketing Executive,50000,19,2025,8.0,Active,Lucknow
4659,Mohit Mehta,52,Female,Sales,Sales Manager,92000,15,2011,6.3,Active,Hyderabad
4660,Divya Mehta,45,Female,Finance,Senior Financial Analyst,98000,4,2010,5.8,Active,Lucknow
4661,Rahul Yadav,24,Male,Sales,Sales Manager,98000,6,2023,8.9,Active,Hyderabad
4662,Priya Yadav,37,Male,Sales,Sales Executive,56000,3,2025,9.0,Active,Noida
4663,Amit Yadav,27,Male,Engineering,Tech Lead,131000,6,2010,7.8,Active,Hyderabad
4664,Neha Yadav,43,Female,Engineering,DevOps Engineer,81000,15,2022,8.7,Active,Hyderabad
4665,Rohan Yadav,23,Female,Finance,Accountant,54000,4,2012,9.5,Active,Bangalore
4666,Arjun Yadav,37,Male,Marketing,Marketing Analyst,81000,4,2010,8.5,On Leave,Delhi
4667,Ananya Yadav,42,Female,Engineering,Senior Engineer,109000,26,2026,9.9,On Leave,Pune
4668,Vikram Yadav,53,Male,Sales,Sales Manager,68000,8,2019,6.3,Active,Gurgaon
4669,Sneha Yadav,53,Female,Finance,Financial Analyst,50000,3,2024,8.3,Active,Kanpur
4670,Karan Yadav,23,Male,Sales,Sales Executive,70000,6,2018,7.1,Active,Bangalore
4671,Pooja Yadav,35,Male,Marketing,Marketing Analyst,68000,19,2013,6.6,Active,Chennai
4672,Aditya Yadav,26,Female,Engineering,Software Engineer,86000,5,2025,5.1,Active,Chennai
4673,Nikhil Yadav,43,Female,Engineering,DevOps Engineer,70000,24,2010,9.6,Active,Bangalore
4674,Kavya Yadav,53,Male,Finance,Senior Financial Analyst,105000,9,2023,7.6,Active,Chennai
4675,Riya Yadav,51,Male,Engineering,Data Engineer,98000,25,2025,8.4,Active,Bangalore
4676,Sahil Yadav,32,Female,Finance,Accountant,73000,7,2013,6.0,Inactive,Gurgaon
4677,Simran Yadav,30,Female,Finance,Financial Analyst,80000,1,2015,8.1,Active,Mumbai
4678,Manish Yadav,48,Male,Marketing,Marketing Analyst,81000,30,2011,5.9,Active,Hyderabad
4679,Aarav Yadav,38,Male,Marketing,Digital Marketing Manager,96000,9,2010,5.9,Active,Hyderabad
4680,Ishita Yadav,46,Female,HR,HR Executive,57000,25,2016,5.5,Active,Noida
4681,Ravi Yadav,55,Male,HR,HR Manager,97000,1,2011,9.2,On Leave,Bangalore
4682,Meera Yadav,24,Female,HR,HR Manager,69000,6,2017,9.6,Active,Gurgaon
4683,Varun Yadav,27,Male,Engineering,Data Engineer,99000,5,2022,7.2,Active,Gurgaon
4684,Shreya Yadav,46,Male,Finance,Accountant,73000,28,2022,6.9,Inactive,Bangalore
4685,Akash Yadav,44,Male,Marketing,Digital Marketing Manager,102000,7,2016,9.0,Active,Bangalore
4686,Tanvi Yadav,41,Female,Finance,Financial Analyst,51000,8,2022,5.1,Active,Chennai
4687,Yash Yadav,34,Female,Marketing,Marketing Executive,63000,17,2016,9.5,Active,Kanpur
4688,Nandini Yadav,21,Female,Marketing,Marketing Analyst,73000,3,2019,10.0,Inactive,Mumbai
4689,Mohit Yadav,35,Male,Engineering,Tech Lead,123000,0,2011,8.5,Active,Pune
4690,Divya Yadav,21,Female,Sales,Business Development Executive,78000,5,2011,6.4,On Leave,Mumbai
4691,Rahul Saxena,51,Female,Sales,Sales Executive,49000,11,2019,9.4,Inactive,Hyderabad
4692,Priya Saxena,36,Female,Finance,Senior Financial Analyst,76000,1,2014,8.3,Active,Bangalore
4693,Amit Saxena,50,Male,Finance,Senior Financial Analyst,82000,13,2016,8.4,Active,Hyderabad
4694,Neha Saxena,24,Female,Sales,Business Development Executive,66000,1,2025,6.5,Active,Noida
4695,Rohan Saxena,53,Female,Engineering,DevOps Engineer,89000,24,2015,6.5,Active,Noida
4696,Arjun Saxena,31,Female,Engineering,Data Engineer,81000,10,2021,6.1,Active,Bangalore
4697,Ananya Saxena,55,Male,Engineering,Tech Lead,119000,11,2011,5.9,Active,Chennai
4698,Vikram Saxena,26,Female,Marketing,Digital Marketing Manager,103000,1,2025,5.1,Active,Mumbai
4699,Sneha Saxena,28,Female,Finance,Financial Analyst,84000,8,2010,8.7,On Leave,Delhi
4700,Karan Saxena,29,Female,Engineering,Data Engineer,87000,0,2011,8.7,Active,Hyderabad
4701,Pooja Saxena,48,Female,Sales,Sales Executive,47000,18,2014,7.0,Active,Pune
4702,Aditya Saxena,37,Male,HR,Talent Acquisition Specialist,60000,14,2016,7.8,Active,Hyderabad
4703,Nikhil Saxena,32,Female,Sales,Sales Executive,52000,6,2011,7.1,Active,Kanpur
4704,Kavya Saxena,49,Female,HR,HR Manager,73000,2,2016,6.0,On Leave,Gurgaon
4705,Riya Saxena,26,Male,Finance,Accountant,72000,2,2012,9.5,Active,Lucknow
4706,Sahil Saxena,33,Male,Finance,Financial Analyst,78000,13,2021,5.4,Active,Hyderabad
4707,Simran Saxena,38,Male,Marketing,Digital Marketing Manager,78000,11,2021,8.8,Active,Delhi
4708,Manish Saxena,39,Female,HR,Talent Acquisition Specialist,49000,12,2024,9.4,Active,Mumbai
4709,Aarav Saxena,23,Male,HR,HR Executive,49000,2,2014,6.2,Active,Noida
4710,Ishita Saxena,54,Male,HR,HR Executive,62000,20,2022,8.8,Active,Gurgaon
4711,Ravi Saxena,30,Female,Engineering,Tech Lead,95000,7,2010,6.2,On Leave,Pune
4712,Meera Saxena,45,Female,Sales,Sales Manager,96000,13,2011,8.3,Active,Bangalore
4713,Varun Saxena,50,Female,Marketing,Digital Marketing Manager,103000,10,2023,6.0,Active,Hyderabad
4714,Shreya Saxena,34,Male,HR,Talent Acquisition Specialist,47000,15,2026,6.0,On Leave,Kanpur
4715,Akash Saxena,50,Female,Engineering,DevOps Engineer,108000,0,2015,7.3,Active,Chennai
4716,Tanvi Saxena,44,Male,Sales,Business Development Executive,71000,3,2014,5.0,Active,Pune
4717,Yash Saxena,33,Male,Marketing,Digital Marketing Manager,81000,12,2026,9.4,Active,Gurgaon
4718,Nandini Saxena,45,Male,Engineering,Data Engineer,96000,0,2026,9.4,Active,Gurgaon
4719,Mohit Saxena,24,Female,HR,HR Manager,76000,4,2018,6.6,Inactive,Pune
4720,Divya Saxena,55,Male,Engineering,Data Engineer,109000,24,2014,8.2,Active,Gurgaon
4721,Rahul Malhotra,50,Male,Marketing,Marketing Executive,52000,19,2013,7.8,Active,Lucknow
4722,Priya Malhotra,21,Female,Sales,Sales Manager,82000,4,2018,7.8,Active,Lucknow
4723,Amit Malhotra,55,Female,HR,HR Manager,92000,7,2020,9.6,Active,Bangalore
4724,Neha Malhotra,45,Male,HR,HR Executive,47000,1,2012,7.1,Active,Pune
4725,Rohan Malhotra,40,Female,Finance,Accountant,65000,1,2025,6.1,Active,Chennai
4726,Arjun Malhotra,21,Female,HR,HR Manager,99000,5,2015,8.5,On Leave,Chennai
4727,Ananya Malhotra,27,Female,Marketing,Digital Marketing Manager,104000,2,2026,5.1,Inactive,Delhi
4728,Vikram Malhotra,42,Female,Finance,Senior Financial Analyst,81000,25,2017,6.0,Active,Bangalore
4729,Sneha Malhotra,28,Female,Finance,Senior Financial Analyst,84000,7,2018,8.0,Active,Lucknow
4730,Karan Malhotra,36,Female,Engineering,Data Engineer,106000,6,2015,6.1,On Leave,Hyderabad
4731,Pooja Malhotra,51,Female,Marketing,Marketing Executive,46000,13,2026,9.1,Inactive,Chennai
4732,Aditya Malhotra,54,Male,Marketing,Marketing Analyst,84000,8,2010,6.7,Active,Pune
4733,Nikhil Malhotra,45,Female,Engineering,DevOps Engineer,110000,4,2025,9.2,Active,Bangalore
4734,Kavya Malhotra,41,Female,Finance,Financial Analyst,67000,10,2020,7.0,Active,Bangalore
4735,Riya Malhotra,24,Female,HR,HR Executive,64000,7,2023,8.1,Active,Kanpur
4736,Sahil Malhotra,27,Male,Finance,Financial Analyst,65000,5,2026,7.2,Inactive,Mumbai
4737,Simran Malhotra,47,Male,Sales,Business Development Executive,59000,21,2017,9.0,On Leave,Gurgaon
4738,Manish Malhotra,54,Female,HR,HR Executive,52000,12,2018,8.2,Active,Bangalore
4739,Aarav Malhotra,47,Female,Marketing,Marketing Executive,47000,28,2017,7.0,Active,Noida
4740,Ishita Malhotra,24,Female,Finance,Financial Analyst,82000,8,2012,9.2,Active,Pune
4741,Ravi Malhotra,30,Female,HR,Talent Acquisition Specialist,57000,7,2010,5.2,Active,Bangalore
4742,Meera Malhotra,48,Male,Finance,Senior Financial Analyst,77000,13,2023,6.4,Active,Gurgaon
4743,Varun Malhotra,26,Female,Engineering,DevOps Engineer,77000,0,2023,6.8,Active,Hyderabad
4744,Shreya Malhotra,40,Male,Finance,Accountant,53000,10,2011,5.5,On Leave,Lucknow
4745,Akash Malhotra,46,Male,Marketing,Digital Marketing Manager,90000,4,2015,9.6,Active,Bangalore
4746,Tanvi Malhotra,42,Male,Sales,Business Development Executive,78000,21,2024,5.3,Active,Mumbai
4747,Yash Malhotra,31,Male,Marketing,Marketing Analyst,67000,3,2022,5.2,Active,Noida
4748,Nandini Malhotra,46,Male,Engineering,Software Engineer,87000,24,2025,6.1,Inactive,Kanpur
4749,Mohit Malhotra,30,Male,Engineering,Software Engineer,73000,5,2018,5.7,Active,Pune
4750,Divya Malhotra,37,Female,Finance,Accountant,66000,7,2019,6.7,Inactive,Hyderabad
4751,Rahul Bansal,24,Female,HR,HR Manager,98000,5,2025,5.4,Inactive,Kanpur
4752,Priya Bansal,31,Female,Sales,Sales Manager,78000,11,2025,6.8,Active,Noida
4753,Amit Bansal,52,Male,Finance,Accountant,69000,29,2015,6.3,Active,Hyderabad
4754,Neha Bansal,41,Male,Sales,Business Development Executive,56000,5,2017,9.0,Active,Lucknow
4755,Rohan Bansal,35,Female,HR,Talent Acquisition Specialist,49000,0,2025,8.5,Active,Lucknow
4756,Arjun Bansal,35,Female,HR,Talent Acquisition Specialist,68000,7,2019,8.4,Active,Chennai
4757,Ananya Bansal,39,Male,Engineering,Tech Lead,126000,22,2024,6.3,Active,Pune
4758,Vikram Bansal,38,Male,Marketing,Marketing Executive,69000,19,2026,8.3,Active,Gurgaon
4759,Sneha Bansal,21,Male,Marketing,Digital Marketing Manager,75000,3,2010,8.0,Active,Lucknow
4760,Karan Bansal,39,Male,Sales,Business Development Executive,56000,5,2017,6.9,Active,Delhi
4761,Pooja Bansal,29,Female,HR,HR Manager,88000,8,2026,9.8,Active,Kanpur
4762,Aditya Bansal,32,Female,Sales,Business Development Executive,50000,9,2010,8.2,Active,Gurgaon
4763,Nikhil Bansal,26,Female,Sales,Business Development Executive,62000,5,2017,8.4,Active,Pune
4764,Kavya Bansal,43,Female,HR,HR Executive,49000,3,2016,6.4,Active,Chennai
4765,Riya Bansal,22,Male,Engineering,Data Engineer,84000,4,2012,8.0,Active,Lucknow
4766,Sahil Bansal,36,Male,Marketing,Digital Marketing Manager,88000,10,2020,8.7,Active,Delhi
4767,Simran Bansal,30,Male,HR,HR Executive,61000,8,2013,5.9,Active,Bangalore
4768,Manish Bansal,27,Female,Sales,Sales Executive,50000,10,2018,8.8,Inactive,Noida
4769,Aarav Bansal,34,Female,Marketing,Marketing Executive,61000,14,2011,9.3,Active,Gurgaon
4770,Ishita Bansal,44,Male,Engineering,Data Engineer,79000,20,2022,5.9,Active,Lucknow
4771,Ravi Bansal,33,Male,Marketing,Marketing Analyst,70000,4,2014,9.8,Active,Noida
4772,Meera Bansal,24,Male,Marketing,Marketing Executive,61000,4,2026,7.2,Inactive,Chennai
4773,Varun Bansal,52,Male,Finance,Financial Analyst,63000,21,2023,6.9,On Leave,Noida
4774,Shreya Bansal,40,Female,Finance,Senior Financial Analyst,82000,11,2017,7.3,Active,Gurgaon
4775,Akash Bansal,30,Male,HR,HR Manager,75000,8,2010,7.1,Inactive,Delhi
4776,Tanvi Bansal,41,Female,Sales,Sales Manager,76000,19,2025,7.2,On Leave,Chennai
4777,Yash Bansal,27,Male,Finance,Accountant,52000,5,2016,5.4,Active,Gurgaon
4778,Nandini Bansal,35,Female,HR,Talent Acquisition Specialist,55000,2,2025,9.5,On Leave,Gurgaon
4779,Mohit Bansal,48,Male,Engineering,Data Engineer,95000,23,2021,5.7,On Leave,Kanpur
4780,Divya Bansal,23,Female,Marketing,Digital Marketing Manager,98000,2,2019,9.4,On Leave,Chennai
4781,Rahul Tiwari,24,Male,Finance,Financial Analyst,58000,0,2020,7.6,Active,Pune
4782,Priya Tiwari,33,Male,Sales,Business Development Executive,45000,3,2020,9.4,On Leave,Pune
4783,Amit Tiwari,34,Female,Sales,Sales Manager,103000,5,2015,6.4,On Leave,Pune
4784,Neha Tiwari,32,Male,Marketing,Digital Marketing Manager,101000,5,2020,5.4,Active,Hyderabad
4785,Rohan Tiwari,31,Male,HR,Talent Acquisition Specialist,61000,8,2014,7.2,Active,Mumbai
4786,Arjun Tiwari,27,Female,Finance,Senior Financial Analyst,93000,4,2013,8.3,Active,Gurgaon
4787,Ananya Tiwari,45,Male,Finance,Accountant,52000,5,2018,9.8,Inactive,Bangalore
4788,Vikram Tiwari,52,Female,Engineering,Tech Lead,125000,14,2017,7.6,Active,Chennai
4789,Sneha Tiwari,24,Male,Engineering,DevOps Engineer,80000,5,2021,8.2,Active,Kanpur
4790,Karan Tiwari,33,Male,Sales,Sales Manager,95000,2,2014,7.4,Active,Lucknow
4791,Pooja Tiwari,38,Female,Marketing,Marketing Analyst,85000,11,2012,9.0,Active,Pune
4792,Aditya Tiwari,21,Female,Finance,Financial Analyst,68000,0,2017,10.0,Active,Kanpur
4793,Nikhil Tiwari,32,Female,Finance,Senior Financial Analyst,105000,12,2022,7.3,Active,Pune
4794,Kavya Tiwari,44,Female,Marketing,Marketing Executive,69000,23,2014,7.4,Active,Kanpur
4795,Riya Tiwari,42,Male,Marketing,Digital Marketing Manager,91000,0,2010,6.2,Active,Lucknow
4796,Sahil Tiwari,48,Male,HR,HR Executive,50000,24,2025,9.3,On Leave,Pune
4797,Simran Tiwari,42,Male,Marketing,Marketing Executive,45000,7,2020,8.9,On Leave,Bangalore
4798,Manish Tiwari,55,Female,Engineering,Data Engineer,105000,19,2012,5.7,Active,Gurgaon
4799,Aarav Tiwari,45,Male,Finance,Financial Analyst,81000,3,2013,7.2,Active,Gurgaon
4800,Ishita Tiwari,24,Male,Marketing,Marketing Analyst,57000,3,2020,6.3,Active,Gurgaon
4801,Ravi Tiwari,51,Female,Sales,Sales Manager,78000,14,2013,7.1,Active,Gurgaon
4802,Meera Tiwari,45,Female,Engineering,DevOps Engineer,100000,21,2018,9.1,On Leave,Bangalore
4803,Varun Tiwari,53,Female,Engineering,DevOps Engineer,114000,7,2025,8.6,Active,Gurgaon
4804,Shreya Tiwari,55,Female,Sales,Sales Executive,48000,16,2016,6.7,Active,Noida
4805,Akash Tiwari,46,Male,Marketing,Marketing Executive,60000,17,2018,9.7,Active,Kanpur
4806,Tanvi Tiwari,49,Female,Finance,Senior Financial Analyst,107000,2,2020,5.1,On Leave,Mumbai
4807,Yash Tiwari,34,Male,Marketing,Marketing Executive,69000,12,2012,9.2,Active,Noida
4808,Nandini Tiwari,25,Female,Engineering,DevOps Engineer,80000,4,2015,8.8,Active,Gurgaon
4809,Mohit Tiwari,28,Female,HR,HR Manager,70000,10,2023,5.3,Active,Bangalore
4810,Divya Tiwari,34,Female,Finance,Accountant,58000,3,2017,9.9,Active,Mumbai
4811,Rahul Joshi,28,Male,Sales,Sales Executive,52000,10,2013,8.5,Active,Gurgaon
4812,Priya Joshi,22,Female,Finance,Senior Financial Analyst,78000,0,2019,8.7,Active,Lucknow
4813,Amit Joshi,24,Male,Sales,Sales Executive,51000,5,2013,8.1,Inactive,Chennai
4814,Neha Joshi,26,Female,Engineering,DevOps Engineer,115000,10,2015,8.9,Active,Kanpur
4815,Rohan Joshi,22,Male,Sales,Sales Manager,68000,4,2023,9.5,On Leave,Lucknow
4816,Arjun Joshi,26,Male,Marketing,Digital Marketing Manager,95000,6,2013,7.4,Active,Bangalore
4817,Ananya Joshi,38,Male,Engineering,Data Engineer,101000,5,2011,6.7,Active,Hyderabad
4818,Vikram Joshi,30,Female,Engineering,Tech Lead,136000,4,2025,8.6,Active,Hyderabad
4819,Sneha Joshi,51,Male,Finance,Financial Analyst,52000,5,2017,6.0,Active,Noida
4820,Karan Joshi,47,Male,Marketing,Marketing Analyst,74000,2,2023,8.9,Active,Gurgaon
4821,Pooja Joshi,40,Female,Marketing,Marketing Analyst,64000,20,2013,7.9,On Leave,Noida
4822,Aditya Joshi,34,Male,Finance,Financial Analyst,52000,5,2012,5.7,On Leave,Pune
4823,Nikhil Joshi,35,Male,Finance,Accountant,72000,6,2014,7.2,Active,Chennai
4824,Kavya Joshi,24,Female,Finance,Accountant,55000,8,2015,7.5,Active,Hyderabad
4825,Riya Joshi,44,Male,HR,Talent Acquisition Specialist,54000,8,2018,5.5,Active,Kanpur
4826,Sahil Joshi,28,Female,Finance,Accountant,73000,1,2020,7.0,Active,Delhi
4827,Simran Joshi,44,Female,Engineering,Senior Engineer,116000,27,2021,9.0,Active,Mumbai
4828,Manish Joshi,51,Male,Engineering,DevOps Engineer,84000,11,2025,5.6,Active,Bangalore
4829,Aarav Joshi,41,Female,HR,HR Executive,49000,4,2017,8.5,Active,Mumbai
4830,Ishita Joshi,43,Female,Marketing,Digital Marketing Manager,98000,25,2020,5.8,Active,Mumbai
4831,Ravi Joshi,35,Female,Engineering,Software Engineer,74000,11,2018,8.9,Active,Kanpur
4832,Meera Joshi,40,Male,HR,Talent Acquisition Specialist,74000,16,2019,7.4,Active,Bangalore
4833,Varun Joshi,54,Female,HR,HR Manager,88000,12,2026,8.7,Active,Chennai
4834,Shreya Joshi,22,Female,Marketing,Marketing Executive,66000,6,2021,8.6,Active,Noida
4835,Akash Joshi,24,Female,Finance,Accountant,49000,5,2014,5.7,Active,Delhi
4836,Tanvi Joshi,47,Female,Finance,Financial Analyst,54000,14,2012,6.0,Active,Chennai
4837,Yash Joshi,22,Female,HR,HR Manager,71000,6,2019,7.4,Active,Pune
4838,Nandini Joshi,55,Male,Marketing,Marketing Executive,69000,16,2025,6.2,Active,Gurgaon
4839,Mohit Joshi,55,Male,Engineering,DevOps Engineer,72000,15,2020,7.5,Active,Gurgaon
4840,Divya Joshi,25,Female,HR,Talent Acquisition Specialist,71000,2,2017,9.0,Active,Hyderabad
4841,Rahul Sinha,33,Female,Marketing,Marketing Analyst,81000,15,2019,5.6,Active,Pune
4842,Priya Sinha,30,Female,HR,HR Executive,58000,2,2016,8.9,On Leave,Lucknow
4843,Amit Sinha,29,Male,Sales,Business Development Executive,70000,9,2013,7.6,Active,Noida
4844,Neha Sinha,45,Female,Marketing,Digital Marketing Manager,109000,1,2016,6.7,Active,Pune
4845,Rohan Sinha,54,Male,Sales,Business Development Executive,55000,6,2014,6.9,Inactive,Noida
4846,Arjun Sinha,45,Female,Finance,Accountant,51000,0,2025,8.5,Active,Delhi
4847,Ananya Sinha,24,Female,Marketing,Digital Marketing Manager,82000,3,2010,6.9,Active,Pune
4848,Vikram Sinha,32,Male,Engineering,DevOps Engineer,95000,10,2019,5.7,Active,Noida
4849,Sneha Sinha,54,Female,Sales,Business Development Executive,45000,17,2026,8.8,Active,Delhi
4850,Karan Sinha,21,Male,Engineering,Tech Lead,134000,3,2015,8.5,Active,Pune
4851,Pooja Sinha,53,Female,Sales,Business Development Executive,67000,0,2026,6.3,Active,Mumbai
4852,Aditya Sinha,52,Female,Engineering,Senior Engineer,91000,4,2023,10.0,On Leave,Mumbai
4853,Nikhil Sinha,35,Male,Sales,Sales Executive,62000,2,2026,9.0,Active,Lucknow
4854,Kavya Sinha,36,Female,Sales,Sales Manager,102000,1,2025,9.8,Active,Lucknow
4855,Riya Sinha,32,Male,Sales,Sales Executive,58000,3,2011,9.1,On Leave,Chennai
4856,Sahil Sinha,38,Male,HR,Talent Acquisition Specialist,48000,14,2017,5.6,Inactive,Hyderabad
4857,Simran Sinha,49,Male,Marketing,Marketing Executive,52000,9,2011,8.4,Active,Delhi
4858,Manish Sinha,52,Male,Engineering,Data Engineer,71000,16,2019,8.5,On Leave,Chennai
4859,Aarav Sinha,41,Female,Sales,Business Development Executive,51000,16,2012,8.1,Active,Pune
4860,Ishita Sinha,34,Male,Finance,Financial Analyst,75000,0,2021,9.3,Active,Pune
4861,Ravi Sinha,26,Male,Sales,Sales Executive,40000,8,2021,5.5,Active,Delhi
4862,Meera Sinha,50,Female,HR,HR Manager,69000,19,2017,9.3,Active,Mumbai
4863,Varun Sinha,55,Male,Engineering,Software Engineer,67000,20,2024,5.9,On Leave,Noida
4864,Shreya Sinha,26,Female,Finance,Financial Analyst,55000,9,2018,8.1,Active,Mumbai
4865,Akash Sinha,46,Male,Marketing,Marketing Analyst,60000,1,2025,5.2,Active,Hyderabad
4866,Tanvi Sinha,24,Male,Engineering,Data Engineer,83000,8,2021,6.2,Active,Kanpur
4867,Yash Sinha,28,Male,HR,HR Manager,74000,6,2020,5.2,On Leave,Gurgaon
4868,Nandini Sinha,38,Female,Engineering,Data Engineer,86000,12,2011,8.3,On Leave,Hyderabad
4869,Mohit Sinha,27,Female,HR,Talent Acquisition Specialist,49000,3,2010,7.2,Active,Gurgaon
4870,Divya Sinha,30,Male,Engineering,Data Engineer,90000,4,2012,6.7,Active,Pune
4871,Rahul Pandey,47,Male,HR,HR Executive,58000,10,2011,9.0,Active,Noida
4872,Priya Pandey,44,Female,Finance,Financial Analyst,65000,15,2013,9.4,Active,Kanpur
4873,Amit Pandey,22,Male,Sales,Sales Manager,72000,6,2022,8.4,Active,Kanpur
4874,Neha Pandey,26,Female,Marketing,Digital Marketing Manager,86000,4,2013,7.0,Active,Kanpur
4875,Rohan Pandey,35,Female,Finance,Accountant,75000,18,2021,7.6,Active,Lucknow
4876,Arjun Pandey,45,Male,Finance,Accountant,50000,27,2011,7.5,Active,Gurgaon
4877,Ananya Pandey,22,Female,HR,HR Executive,40000,1,2013,9.9,Active,Noida
4878,Vikram Pandey,21,Female,Engineering,DevOps Engineer,77000,3,2025,5.2,Inactive,Delhi
4879,Sneha Pandey,31,Male,Marketing,Marketing Analyst,76000,12,2021,6.4,Active,Pune
4880,Karan Pandey,31,Female,Sales,Business Development Executive,64000,4,2016,6.7,Active,Noida
4881,Pooja Pandey,52,Female,HR,HR Executive,45000,25,2010,9.2,Inactive,Chennai
4882,Aditya Pandey,26,Female,HR,HR Manager,87000,0,2017,7.4,Active,Delhi
4883,Nikhil Pandey,37,Male,HR,Talent Acquisition Specialist,68000,9,2025,8.4,Active,Chennai
4884,Kavya Pandey,39,Female,HR,HR Executive,50000,10,2021,6.8,Inactive,Kanpur
4885,Riya Pandey,24,Female,Sales,Sales Executive,54000,2,2021,7.4,Inactive,Pune
4886,Sahil Pandey,37,Male,Marketing,Digital Marketing Manager,79000,4,2018,7.1,Active,Gurgaon
4887,Simran Pandey,22,Male,Sales,Sales Executive,49000,4,2020,8.2,Active,Pune
4888,Manish Pandey,40,Male,Engineering,Senior Engineer,93000,14,2023,7.2,Active,Kanpur
4889,Aarav Pandey,48,Female,HR,HR Executive,52000,0,2015,6.6,Inactive,Delhi
4890,Ishita Pandey,33,Male,Engineering,Data Engineer,98000,8,2015,7.7,Inactive,Hyderabad
4891,Ravi Pandey,40,Male,Marketing,Marketing Analyst,64000,2,2011,6.9,Inactive,Chennai
4892,Meera Pandey,23,Male,Sales,Sales Manager,101000,5,2015,7.2,Active,Mumbai
4893,Varun Pandey,46,Female,Engineering,Software Engineer,85000,19,2015,8.3,Inactive,Pune
4894,Shreya Pandey,27,Female,Engineering,Data Engineer,89000,2,2022,8.6,On Leave,Chennai
4895,Akash Pandey,45,Male,Marketing,Digital Marketing Manager,93000,8,2022,6.7,Active,Lucknow
4896,Tanvi Pandey,43,Female,Engineering,Tech Lead,111000,1,2014,7.3,Active,Gurgaon
4897,Yash Pandey,31,Female,Engineering,Software Engineer,65000,13,2026,8.1,Active,Delhi
4898,Nandini Pandey,37,Female,Sales,Business Development Executive,55000,7,2020,5.7,Active,Noida
4899,Mohit Pandey,47,Male,Sales,Sales Executive,58000,10,2013,8.9,Active,Mumbai
4900,Divya Pandey,23,Male,HR,HR Executive,54000,5,2025,9.4,Active,Noida
4901,Rahul Sharma,35,Female,HR,Talent Acquisition Specialist,75000,1,2026,5.1,Active,Chennai
4902,Priya Sharma,50,Male,Marketing,Digital Marketing Manager,79000,25,2012,8.7,Active,Chennai
4903,Amit Sharma,27,Female,Marketing,Marketing Executive,65000,9,2021,6.5,Inactive,Lucknow
4904,Neha Sharma,43,Female,Finance,Financial Analyst,79000,22,2013,6.2,Active,Pune
4905,Rohan Sharma,51,Male,Sales,Business Development Executive,65000,6,2017,8.9,Inactive,Hyderabad
4906,Arjun Sharma,44,Female,Marketing,Marketing Analyst,75000,13,2020,8.1,Active,Bangalore
4907,Ananya Sharma,47,Male,HR,Talent Acquisition Specialist,61000,7,2016,9.8,Inactive,Chennai
4908,Vikram Sharma,23,Female,Sales,Sales Executive,59000,3,2011,7.0,Active,Delhi
4909,Sneha Sharma,37,Female,HR,HR Manager,78000,2,2010,7.0,Active,Mumbai
4910,Karan Sharma,30,Female,Sales,Sales Manager,90000,9,2012,5.2,Active,Delhi
4911,Pooja Sharma,27,Male,Engineering,Senior Engineer,98000,7,2015,7.1,Active,Lucknow
4912,Aditya Sharma,34,Male,HR,Talent Acquisition Specialist,46000,14,2012,9.8,Active,Lucknow
4913,Nikhil Sharma,33,Male,Engineering,Senior Engineer,103000,9,2025,9.0,Active,Bangalore
4914,Kavya Sharma,47,Female,Engineering,Software Engineer,84000,3,2019,6.9,On Leave,Kanpur
4915,Riya Sharma,49,Female,Finance,Senior Financial Analyst,107000,6,2017,6.6,Active,Hyderabad
4916,Sahil Sharma,43,Male,Marketing,Marketing Analyst,70000,25,2016,8.3,Active,Noida
4917,Simran Sharma,55,Male,Sales,Sales Executive,53000,10,2022,7.4,Active,Kanpur
4918,Manish Sharma,55,Male,Sales,Business Development Executive,63000,27,2017,5.2,Active,Hyderabad
4919,Aarav Sharma,51,Male,Engineering,Data Engineer,94000,16,2023,7.6,Inactive,Lucknow
4920,Ishita Sharma,25,Female,Sales,Sales Executive,65000,8,2014,6.4,Active,Bangalore
4921,Ravi Sharma,54,Male,HR,HR Manager,69000,25,2024,6.3,Active,Noida
4922,Meera Sharma,50,Male,Marketing,Marketing Executive,48000,6,2018,8.4,Active,Mumbai
4923,Varun Sharma,49,Male,HR,HR Executive,59000,29,2016,6.5,Active,Mumbai
4924,Shreya Sharma,21,Male,Sales,Business Development Executive,60000,5,2018,8.3,Active,Chennai
4925,Akash Sharma,47,Male,Sales,Sales Executive,64000,8,2025,7.8,Inactive,Noida
4926,Tanvi Sharma,27,Male,HR,Talent Acquisition Specialist,61000,3,2014,8.2,On Leave,Noida
4927,Yash Sharma,27,Male,Engineering,Tech Lead,118000,8,2016,6.8,Active,Mumbai
4928,Nandini Sharma,23,Male,Engineering,Senior Engineer,106000,2,2025,7.0,Active,Mumbai
4929,Mohit Sharma,53,Female,Engineering,Data Engineer,104000,9,2024,5.1,Active,Lucknow
4930,Divya Sharma,21,Male,HR,HR Manager,81000,3,2026,5.0,Active,Mumbai
4931,Rahul Verma,26,Male,Marketing,Digital Marketing Manager,75000,6,2015,7.2,Active,Gurgaon
4932,Priya Verma,55,Male,Sales,Sales Executive,65000,10,2011,9.8,Active,Chennai
4933,Amit Verma,54,Female,Finance,Senior Financial Analyst,98000,3,2017,6.2,Active,Gurgaon
4934,Neha Verma,54,Female,HR,HR Executive,46000,23,2011,5.8,Active,Noida
4935,Rohan Verma,47,Male,Engineering,Tech Lead,123000,3,2015,10.0,On Leave,Pune
4936,Arjun Verma,52,Female,Engineering,Software Engineer,82000,17,2018,7.5,Inactive,Lucknow
4937,Ananya Verma,25,Female,Sales,Sales Executive,48000,2,2019,5.5,Inactive,Bangalore
4938,Vikram Verma,23,Female,Marketing,Marketing Executive,54000,3,2024,7.5,Active,Mumbai
4939,Sneha Verma,49,Male,Sales,Sales Manager,70000,17,2025,9.0,Active,Chennai
4940,Karan Verma,50,Male,Engineering,Data Engineer,82000,13,2020,8.5,Active,Gurgaon
4941,Pooja Verma,24,Female,Finance,Senior Financial Analyst,94000,6,2012,8.0,Active,Mumbai
4942,Aditya Verma,47,Female,HR,Talent Acquisition Specialist,53000,12,2025,7.1,Active,Noida
4943,Nikhil Verma,38,Female,HR,HR Manager,97000,11,2024,8.6,On Leave,Hyderabad
4944,Kavya Verma,29,Male,Sales,Sales Manager,87000,11,2026,7.1,Active,Noida
4945,Riya Verma,33,Female,Finance,Senior Financial Analyst,86000,14,2016,5.2,Active,Lucknow
4946,Sahil Verma,41,Male,HR,HR Manager,91000,0,2025,5.8,Inactive,Noida
4947,Simran Verma,32,Male,Sales,Business Development Executive,50000,10,2022,8.6,Inactive,Chennai
4948,Manish Verma,47,Male,HR,Talent Acquisition Specialist,55000,6,2010,9.2,Active,Kanpur
4949,Aarav Verma,40,Female,Marketing,Marketing Analyst,58000,6,2015,8.1,On Leave,Kanpur
4950,Ishita Verma,53,Male,Marketing,Marketing Analyst,65000,23,2013,7.6,Active,Delhi
4951,Ravi Verma,50,Male,Engineering,Data Engineer,103000,29,2016,8.4,Active,Gurgaon
4952,Meera Verma,40,Female,HR,Talent Acquisition Specialist,60000,1,2021,5.9,Inactive,Delhi
4953,Varun Verma,46,Female,Marketing,Marketing Analyst,67000,11,2020,6.5,Active,Bangalore
4954,Shreya Verma,25,Female,Marketing,Digital Marketing Manager,70000,0,2020,5.3,On Leave,Hyderabad
4955,Akash Verma,51,Male,Sales,Business Development Executive,64000,6,2013,7.9,Active,Kanpur
4956,Tanvi Verma,48,Female,Marketing,Marketing Executive,58000,29,2012,6.0,Active,Pune
4957,Yash Verma,46,Female,HR,HR Manager,84000,0,2021,8.0,Active,Delhi
4958,Nandini Verma,53,Female,Finance,Financial Analyst,65000,2,2022,6.6,Active,Hyderabad
4959,Mohit Verma,37,Female,Engineering,Data Engineer,106000,12,2016,8.9,Active,Kanpur
4960,Divya Verma,44,Female,HR,Talent Acquisition Specialist,63000,6,2015,8.0,Active,Pune
4961,Rahul Singh,46,Female,Engineering,DevOps Engineer,115000,12,2013,8.8,Active,Kanpur
4962,Priya Singh,39,Female,Finance,Accountant,46000,3,2016,9.9,Inactive,Noida
4963,Amit Singh,49,Male,Finance,Financial Analyst,59000,8,2022,9.5,On Leave,Chennai
4964,Neha Singh,24,Male,HR,Talent Acquisition Specialist,69000,2,2016,8.0,Active,Lucknow
4965,Rohan Singh,34,Female,HR,HR Executive,46000,2,2018,6.7,Active,Gurgaon
4966,Arjun Singh,22,Female,Marketing,Marketing Executive,56000,0,2022,8.9,On Leave,Noida
4967,Ananya Singh,52,Female,HR,HR Executive,53000,4,2016,6.7,On Leave,Mumbai
4968,Vikram Singh,49,Female,Engineering,Tech Lead,102000,22,2011,5.5,Active,Chennai
4969,Sneha Singh,51,Male,Marketing,Marketing Analyst,75000,30,2021,8.7,Active,Bangalore
4970,Karan Singh,38,Male,Marketing,Marketing Analyst,62000,19,2024,7.9,Active,Hyderabad
4971,Pooja Singh,49,Female,Engineering,Senior Engineer,82000,18,2019,6.3,Active,Bangalore
4972,Aditya Singh,55,Male,Sales,Business Development Executive,63000,22,2019,7.8,Active,Bangalore
4973,Nikhil Singh,45,Male,Sales,Sales Manager,91000,26,2018,6.2,Active,Chennai
4974,Kavya Singh,38,Male,Sales,Sales Manager,98000,17,2022,7.6,Active,Pune
4975,Riya Singh,35,Female,Engineering,Tech Lead,103000,18,2017,7.9,Active,Gurgaon
4976,Sahil Singh,39,Female,Engineering,Tech Lead,147000,19,2019,7.3,Active,Kanpur
4977,Simran Singh,49,Male,Finance,Senior Financial Analyst,93000,4,2020,7.4,Active,Kanpur
4978,Manish Singh,42,Female,Marketing,Digital Marketing Manager,81000,8,2025,9.5,Active,Delhi
4979,Aarav Singh,36,Male,Engineering,Tech Lead,120000,19,2010,7.2,Active,Noida
4980,Ishita Singh,22,Male,Finance,Senior Financial Analyst,109000,1,2013,7.8,Active,Noida
4981,Ravi Singh,52,Female,Marketing,Marketing Executive,69000,15,2025,5.1,Active,Gurgaon
4982,Meera Singh,34,Female,Finance,Senior Financial Analyst,105000,5,2025,8.9,On Leave,Mumbai
4983,Varun Singh,26,Male,Marketing,Marketing Executive,62000,7,2022,7.0,Active,Noida
4984,Shreya Singh,47,Male,Marketing,Marketing Executive,52000,2,2022,9.0,Active,Kanpur
4985,Akash Singh,33,Female,Marketing,Marketing Executive,55000,4,2026,6.5,Active,Pune
4986,Tanvi Singh,46,Male,Finance,Accountant,61000,11,2024,8.9,Active,Lucknow
4987,Yash Singh,38,Female,Finance,Accountant,66000,7,2020,5.5,Active,Chennai
4988,Nandini Singh,45,Male,Engineering,DevOps Engineer,113000,5,2011,8.5,On Leave,Gurgaon
4989,Mohit Singh,36,Male,Sales,Sales Executive,57000,8,2010,8.9,Active,Kanpur
4990,Divya Singh,43,Female,Marketing,Marketing Analyst,56000,7,2019,7.0,Active,Pune
4991,Rahul Gupta,23,Male,Engineering,DevOps Engineer,81000,0,2016,5.4,Inactive,Bangalore
4992,Priya Gupta,40,Female,Finance,Financial Analyst,71000,0,2024,7.6,Active,Bangalore
4993,Amit Gupta,50,Female,Sales,Sales Manager,71000,13,2015,7.2,Inactive,Gurgaon
4994,Neha Gupta,33,Female,HR,HR Executive,51000,7,2023,9.5,Active,Noida
4995,Rohan Gupta,38,Male,Finance,Senior Financial Analyst,101000,8,2022,7.1,On Leave,Bangalore
4996,Arjun Gupta,44,Male,Marketing,Marketing Analyst,57000,1,2010,5.4,Active,Chennai
4997,Ananya Gupta,36,Male,Marketing,Marketing Analyst,82000,5,2014,6.3,Inactive,Hyderabad
4998,Vikram Gupta,44,Male,Marketing,Digital Marketing Manager,74000,9,2014,6.1,Active,Lucknow
4999,Sneha Gupta,47,Male,HR,HR Manager,82000,14,2019,5.4,Active,Noida
5000,Karan Gupta,32,Male,Sales,Sales Executive,69000,16,2019,9.1,Inactive,Hyderabad
5001,Pooja Gupta,37,Male,Finance,Accountant,68000,5,2023,9.1,Active,Pune
5002,Aditya Gupta,21,Female,Sales,Sales Executive,67000,3,2017,9.8,Active,Hyderabad
5003,Nikhil Gupta,25,Male,Finance,Financial Analyst,80000,3,2018,7.5,Active,Kanpur
5004,Kavya Gupta,44,Male,Sales,Sales Executive,62000,22,2018,8.8,Active,Hyderabad
5005,Riya Gupta,38,Female,Finance,Financial Analyst,59000,13,2011,8.1,Active,Pune
5006,Sahil Gupta,27,Male,Sales,Business Development Executive,68000,1,2024,8.2,Active,Mumbai
5007,Simran Gupta,21,Female,Engineering,Tech Lead,130000,1,2018,6.5,Inactive,Gurgaon
5008,Manish Gupta,37,Female,HR,Talent Acquisition Specialist,46000,8,2020,8.4,Active,Bangalore
5009,Aarav Gupta,34,Female,Sales,Sales Manager,68000,3,2025,6.2,On Leave,Hyderabad
5010,Ishita Gupta,33,Male,Engineering,Senior Engineer,98000,0,2016,8.7,Active,Pune
5011,Ravi Gupta,30,Female,Finance,Accountant,57000,0,2021,9.7,Active,Pune
5012,Meera Gupta,30,Female,Sales,Sales Manager,105000,14,2025,6.9,Active,Chennai
5013,Varun Gupta,55,Female,HR,HR Executive,59000,22,2017,6.0,Active,Hyderabad
5014,Shreya Gupta,26,Female,Sales,Business Development Executive,68000,8,2024,7.7,Active,Noida
5015,Akash Gupta,21,Male,Sales,Sales Manager,97000,5,2015,8.0,Active,Kanpur
5016,Tanvi Gupta,25,Female,Sales,Business Development Executive,73000,8,2021,7.0,Active,Kanpur
5017,Yash Gupta,49,Female,Finance,Senior Financial Analyst,102000,24,2015,8.4,Active,Chennai
5018,Nandini Gupta,21,Female,HR,HR Manager,72000,1,2026,6.8,Active,Hyderabad
5019,Mohit Gupta,24,Female,Engineering,Senior Engineer,82000,8,2025,9.4,Active,Bangalore
5020,Divya Gupta,23,Female,Marketing,Digital Marketing Manager,73000,4,2024,6.0,Active,Pune
5021,Rahul Kumar,37,Male,Finance,Senior Financial Analyst,107000,17,2016,5.2,Active,Lucknow
5022,Priya Kumar,38,Female,Marketing,Marketing Executive,66000,0,2013,5.4,Active,Gurgaon
5023,Amit Kumar,21,Female,Engineering,Senior Engineer,84000,0,2016,7.4,Active,Delhi
5024,Neha Kumar,46,Female,Finance,Financial Analyst,78000,19,2012,7.1,Active,Chennai
5025,Rohan Kumar,25,Female,Marketing,Digital Marketing Manager,108000,0,2017,5.9,Active,Hyderabad
5026,Arjun Kumar,29,Male,Engineering,DevOps Engineer,86000,11,2013,5.1,Active,Pune
5027,Ananya Kumar,26,Female,Sales,Sales Executive,46000,10,2012,5.8,Active,Kanpur
5028,Vikram Kumar,24,Female,Finance,Financial Analyst,75000,7,2022,6.1,Active,Pune
5029,Sneha Kumar,22,Female,Finance,Financial Analyst,65000,6,2013,7.5,Active,Lucknow
5030,Karan Kumar,45,Male,Finance,Senior Financial Analyst,106000,26,2013,6.9,Active,Kanpur
5031,Pooja Kumar,48,Male,HR,HR Manager,95000,14,2026,5.4,Active,Delhi
5032,Aditya Kumar,23,Female,Marketing,Marketing Executive,65000,0,2010,7.4,On Leave,Noida
5033,Nikhil Kumar,23,Female,Engineering,Data Engineer,74000,1,2021,6.4,Active,Pune
5034,Kavya Kumar,42,Male,Finance,Senior Financial Analyst,99000,17,2024,9.4,On Leave,Mumbai
5035,Riya Kumar,46,Female,Marketing,Digital Marketing Manager,91000,20,2018,9.7,Inactive,Kanpur
5036,Sahil Kumar,34,Female,Sales,Sales Manager,100000,15,2022,5.8,Active,Noida
5037,Simran Kumar,21,Male,Finance,Financial Analyst,63000,2,2018,5.1,Active,Noida
5038,Manish Kumar,32,Male,Marketing,Marketing Executive,45000,0,2010,7.0,Active,Hyderabad
5039,Aarav Kumar,42,Female,Marketing,Marketing Analyst,62000,8,2023,8.9,Active,Pune
5040,Ishita Kumar,34,Female,HR,HR Manager,70000,16,2013,9.3,Active,Mumbai
5041,Ravi Kumar,24,Female,Finance,Accountant,50000,3,2012,9.0,Active,Pune
5042,Meera Kumar,35,Male,Engineering,DevOps Engineer,73000,7,2018,7.7,Active,Pune
5043,Varun Kumar,26,Female,HR,HR Manager,98000,1,2010,6.5,On Leave,Kanpur
5044,Shreya Kumar,46,Male,Marketing,Marketing Analyst,59000,10,2012,5.7,Active,Pune
5045,Akash Kumar,54,Female,Engineering,DevOps Engineer,105000,3,2013,10.0,Inactive,Mumbai
5046,Tanvi Kumar,44,Female,Engineering,Tech Lead,105000,4,2023,6.0,Active,Delhi
5047,Yash Kumar,25,Female,Marketing,Marketing Executive,58000,0,2023,6.4,Inactive,Lucknow
5048,Nandini Kumar,27,Female,Marketing,Marketing Executive,56000,4,2019,7.7,Active,Chennai
5049,Mohit Kumar,39,Female,Finance,Financial Analyst,71000,5,2024,9.6,Active,Gurgaon
5050,Divya Kumar,52,Male,Marketing,Marketing Executive,67000,22,2021,6.9,Inactive,Kanpur
5051,Rahul Chauhan,35,Male,HR,Talent Acquisition Specialist,61000,5,2010,6.3,Active,Gurgaon
5052,Priya Chauhan,43,Male,Engineering,Data Engineer,75000,22,2021,8.1,Inactive,Mumbai
5053,Amit Chauhan,30,Male,Engineering,Tech Lead,127000,3,2025,6.7,Active,Delhi
5054,Neha Chauhan,26,Male,Sales,Business Development Executive,68000,5,2017,9.0,Active,Lucknow
5055,Rohan Chauhan,26,Female,HR,Talent Acquisition Specialist,72000,6,2010,5.9,Active,Noida
5056,Arjun Chauhan,26,Male,Marketing,Marketing Analyst,57000,5,2016,9.9,Active,Kanpur
5057,Ananya Chauhan,43,Female,Sales,Sales Executive,49000,2,2016,9.1,Active,Mumbai
5058,Vikram Chauhan,41,Female,Sales,Sales Executive,63000,13,2026,7.2,Active,Mumbai
5059,Sneha Chauhan,39,Female,HR,HR Manager,82000,15,2013,7.3,Active,Noida
5060,Karan Chauhan,52,Female,Finance,Financial Analyst,51000,23,2023,7.5,Active,Mumbai
5061,Pooja Chauhan,29,Female,Sales,Sales Executive,64000,6,2019,5.1,Active,Bangalore
5062,Aditya Chauhan,42,Female,Marketing,Digital Marketing Manager,81000,3,2011,6.7,Active,Bangalore
5063,Nikhil Chauhan,45,Male,Marketing,Marketing Analyst,85000,4,2016,5.5,Inactive,Hyderabad
5064,Kavya Chauhan,54,Female,HR,Talent Acquisition Specialist,70000,3,2024,9.9,Active,Kanpur
5065,Riya Chauhan,37,Female,Sales,Sales Manager,82000,3,2018,7.1,Active,Bangalore
5066,Sahil Chauhan,40,Male,Sales,Sales Manager,99000,12,2020,7.1,Active,Chennai
5067,Simran Chauhan,44,Male,Marketing,Marketing Executive,53000,2,2021,8.1,Active,Lucknow
5068,Manish Chauhan,50,Female,Finance,Financial Analyst,52000,0,2021,6.3,Active,Noida
5069,Aarav Chauhan,23,Female,Marketing,Marketing Analyst,65000,7,2024,5.6,Active,Mumbai
5070,Ishita Chauhan,28,Male,Marketing,Marketing Analyst,57000,2,2025,6.0,Active,Noida
5071,Ravi Chauhan,32,Male,Finance,Senior Financial Analyst,83000,4,2019,6.9,Active,Mumbai
5072,Meera Chauhan,44,Female,HR,HR Manager,72000,25,2025,8.5,Active,Pune
5073,Varun Chauhan,27,Male,Engineering,Software Engineer,81000,4,2013,8.3,Active,Chennai
5074,Shreya Chauhan,35,Male,Engineering,Senior Engineer,118000,18,2026,9.7,Active,Lucknow
5075,Akash Chauhan,39,Female,Engineering,Software Engineer,64000,17,2024,5.4,On Leave,Chennai
5076,Tanvi Chauhan,27,Male,Marketing,Digital Marketing Manager,103000,5,2020,9.1,Active,Gurgaon
5077,Yash Chauhan,27,Female,Marketing,Marketing Analyst,64000,10,2025,5.1,Active,Mumbai
5078,Nandini Chauhan,22,Male,Sales,Business Development Executive,55000,6,2015,9.3,Active,Delhi
5079,Mohit Chauhan,45,Male,Sales,Business Development Executive,64000,10,2011,8.5,Active,Pune
5080,Divya Chauhan,37,Male,HR,HR Manager,86000,10,2024,7.6,Inactive,Mumbai
5081,Rahul Patel,45,Male,Marketing,Marketing Executive,59000,10,2011,7.8,Active,Noida
5082,Priya Patel,22,Male,Engineering,DevOps Engineer,106000,5,2026,5.0,Active,Kanpur
5083,Amit Patel,42,Female,Marketing,Digital Marketing Manager,80000,6,2022,8.1,Active,Bangalore
5084,Neha Patel,24,Male,Engineering,Data Engineer,75000,3,2011,9.5,Active,Bangalore
5085,Rohan Patel,31,Male,Sales,Sales Manager,90000,6,2022,5.6,Active,Hyderabad
5086,Arjun Patel,25,Male,Sales,Sales Executive,55000,9,2010,7.3,Active,Bangalore
5087,Ananya Patel,40,Male,Sales,Sales Manager,79000,4,2020,6.5,Active,Pune
5088,Vikram Patel,33,Female,Sales,Business Development Executive,77000,17,2018,6.8,Active,Gurgaon
5089,Sneha Patel,30,Female,HR,HR Executive,52000,12,2021,7.3,Inactive,Noida
5090,Karan Patel,35,Male,Marketing,Digital Marketing Manager,84000,8,2026,9.4,Active,Gurgaon
5091,Pooja Patel,22,Male,Finance,Accountant,61000,2,2021,5.1,Active,Gurgaon
5092,Aditya Patel,47,Female,Finance,Accountant,64000,2,2011,5.3,Active,Hyderabad
5093,Nikhil Patel,31,Female,HR,HR Manager,98000,1,2013,6.6,Active,Noida
5094,Kavya Patel,26,Male,Sales,Business Development Executive,53000,1,2025,7.6,Active,Noida
5095,Riya Patel,40,Male,Marketing,Marketing Analyst,74000,17,2018,9.2,Active,Bangalore
5096,Sahil Patel,47,Male,Sales,Business Development Executive,71000,5,2021,9.9,Active,Bangalore
5097,Simran Patel,22,Female,Engineering,DevOps Engineer,112000,6,2010,7.3,Active,Gurgaon
5098,Manish Patel,52,Female,HR,Talent Acquisition Specialist,67000,9,2020,6.6,Active,Gurgaon
5099,Aarav Patel,29,Female,Finance,Accountant,70000,5,2021,7.5,Active,Noida
5100,Ishita Patel,38,Male,Sales,Business Development Executive,46000,13,2010,6.7,Active,Delhi
